College,Year,Semester,Department,Format,Total_Spend,Book_Count
betheltn,22,A,144,Digital,0.0,33
betheltn,22,A,144,Physical,3436.48,38
betheltn,22,A,18,Digital,0.0,104
betheltn,22,A,18,Physical,0.0,54
betheltn,22,A,288,Digital,0.0,44
betheltn,22,A,288,Physical,2003.48,22
betheltn,22,A,300,Digital,0.0,47
betheltn,22,A,300,Physical,5400.1,55
betheltn,22,A,36,Digital,0.0,3
betheltn,22,A,36,Physical,0.0,1
betheltn,22,A,378,Physical,304.0,16
betheltn,22,A,450,Digital,0.0,83
betheltn,22,A,450,Physical,5563.6997,41
betheltn,22,A,468,Digital,0.0,65
betheltn,22,A,468,Physical,2804.9702,54
betheltn,22,A,576,Physical,680.0,8
betheltn,22,A,666,Digital,0.0,51
betheltn,22,A,666,Physical,9962.38,64
betheltn,22,A,702,Digital,0.0,25
betheltn,22,A,702,Physical,4805.66,33
betheltn,22,A,72,Physical,140.6,1
betheltn,22,A,810,Digital,0.0,3
betheltn,22,A,810,Physical,407.09998,3
betheltn,22,A,864,Digital,0.0,95
betheltn,22,A,864,Physical,10050.96,60
betheltn,22,A,90,Digital,0.0,101
betheltn,22,A,90,Physical,9002.689,120
betheltn,22,A,936,Digital,0.0,98
betheltn,22,A,936,Physical,7942.5,62
betheltn,22,F,126,Digital,0.0,61
betheltn,22,F,126,Physical,8628.3,75
betheltn,22,F,144,Digital,1187.5,87
betheltn,22,F,144,Physical,25011.53,103
betheltn,22,F,162,Digital,0.0,378
betheltn,22,F,162,Physical,30664.72,180
betheltn,22,F,18,Digital,0.0,272
betheltn,22,F,18,Physical,12997.369,137
betheltn,22,F,180,Physical,18871.799,426
betheltn,22,F,234,Digital,0.0,686
betheltn,22,F,234,Physical,60296.297,312
betheltn,22,F,250,Digital,0.0,16
betheltn,22,F,250,Physical,7174.38,47
betheltn,22,F,270,Digital,0.0,264
betheltn,22,F,270,Physical,31708.62,162
betheltn,22,F,288,Digital,0.0,124
betheltn,22,F,288,Physical,3180.12,58
betheltn,22,F,300,Digital,2812.5,190
betheltn,22,F,300,Physical,1545.12,63
betheltn,22,F,36,Digital,0.0,84
betheltn,22,F,36,Physical,15316.36,528
betheltn,22,F,360,Digital,0.0,38
betheltn,22,F,360,Physical,1889.88,21
betheltn,22,F,378,Digital,19275.0,664
betheltn,22,F,378,Physical,68202.52,669
betheltn,22,F,450,Digital,24866.879,783
betheltn,22,F,450,Physical,3352.4,62
betheltn,22,F,468,Digital,0.0,184
betheltn,22,F,468,Physical,11487.721,159
betheltn,22,F,504,Digital,0.0,35
betheltn,22,F,504,Physical,1196.51,28
betheltn,22,F,576,Digital,0.0,76
betheltn,22,F,576,Physical,4484.48,29
betheltn,22,F,666,Digital,3917.5,1513
betheltn,22,F,666,Physical,153408.88,638
betheltn,22,F,684,Physical,52.95,2
betheltn,22,F,702,Digital,0.0,142
betheltn,22,F,702,Physical,12539.62,135
betheltn,22,F,72,Digital,0.0,642
betheltn,22,F,72,Physical,38608.73,405
betheltn,22,F,810,Digital,0.0,207
betheltn,22,F,810,Physical,2940.0,59
betheltn,22,F,846,Digital,0.0,32
betheltn,22,F,846,Physical,4368.8,32
betheltn,22,F,864,Digital,0.0,603
betheltn,22,F,864,Physical,60827.18,272
betheltn,22,F,882,Digital,0.0,107
betheltn,22,F,882,Physical,46255.562,979
betheltn,22,F,90,Digital,0.0,1462
betheltn,22,F,90,Physical,53182.25,789
betheltn,22,F,900,Physical,3523.36,19
betheltn,22,F,918,Digital,0.0,96
betheltn,22,F,918,Physical,1926.2499,32
betheltn,22,F,936,Digital,0.0,384
betheltn,22,F,936,Physical,7011.4097,102
betheltn,22,F,954,Digital,0.0,135
betheltn,22,F,954,Physical,0.0,45
betheltn,22,F,960,Digital,0.0,84
betheltn,22,F,960,Physical,13131.52,113
betheltn,22,W,126,Digital,0.0,77
betheltn,22,W,126,Physical,15404.81,113
betheltn,22,W,144,Digital,0.0,81
betheltn,22,W,144,Physical,25326.879,97
betheltn,22,W,162,Digital,0.0,243
betheltn,22,W,162,Physical,19587.12,124
betheltn,22,W,18,Digital,0.0,259
betheltn,22,W,18,Physical,24986.64,203
betheltn,22,W,180,Physical,1816.2999,41
betheltn,22,W,250,Digital,0.0,24
betheltn,22,W,250,Physical,495.0,17
betheltn,22,W,270,Digital,0.0,2
betheltn,22,W,270,Physical,26926.66,145
betheltn,22,W,288,Digital,0.0,102
betheltn,22,W,288,Physical,9734.65,95
betheltn,22,W,300,Digital,1912.5,134
betheltn,22,W,300,Physical,9107.27,92
betheltn,22,W,36,Physical,680.47,390
betheltn,22,W,360,Digital,0.0,50
betheltn,22,W,360,Physical,2529.7,25
betheltn,22,W,378,Digital,0.0,432
betheltn,22,W,378,Physical,65272.43,804
betheltn,22,W,450,Digital,0.0,313
betheltn,22,W,450,Physical,35493.94,308
betheltn,22,W,468,Digital,0.0,144
betheltn,22,W,468,Physical,12298.14,273
betheltn,22,W,576,Digital,0.0,43
betheltn,22,W,576,Physical,7344.77,45
betheltn,22,W,666,Digital,1287.5,151
betheltn,22,W,666,Physical,60401.48,397
betheltn,22,W,684,Physical,1305.72,45
betheltn,22,W,702,Digital,0.0,154
betheltn,22,W,702,Physical,18455.57,167
betheltn,22,W,72,Digital,0.0,130
betheltn,22,W,72,Physical,51696.29,348
betheltn,22,W,810,Digital,0.0,48
betheltn,22,W,810,Physical,3299.0999,43
betheltn,22,W,828,Physical,510.93,7
betheltn,22,W,846,Digital,0.0,7
betheltn,22,W,846,Physical,3926.39,17
betheltn,22,W,864,Digital,0.0,469
betheltn,22,W,864,Physical,55140.1,263
betheltn,22,W,882,Digital,0.0,58
betheltn,22,W,882,Physical,36362.09,760
betheltn,22,W,90,Digital,0.0,1041
betheltn,22,W,90,Physical,53709.46,731
betheltn,22,W,900,Digital,0.0,180
betheltn,22,W,900,Physical,2944.6301,52
betheltn,22,W,918,Digital,0.0,247
betheltn,22,W,918,Physical,25377.26,164
betheltn,22,W,936,Digital,0.0,166
betheltn,22,W,936,Physical,14547.601,190
betheltn,22,W,954,Digital,0.0,33
betheltn,22,W,954,Physical,0.0,27
betheltn,22,W,960,Physical,7439.66,49
betheltn,23,A,126,Physical,125.71,1
betheltn,23,A,144,Digital,0.0,18
betheltn,23,A,144,Physical,1865.9401,27
betheltn,23,A,180,Physical,114.25001,25
betheltn,23,A,250,Physical,255.98,2
betheltn,23,A,270,Physical,7812.4795,24
betheltn,23,A,288,Digital,0.0,78
betheltn,23,A,288,Physical,2440.22,26
betheltn,23,A,300,Digital,0.0,92
betheltn,23,A,300,Physical,3309.48,22
betheltn,23,A,450,Digital,4987.08,240
betheltn,23,A,450,Physical,12277.5,77
betheltn,23,A,666,Digital,3336.25,307
betheltn,23,A,666,Physical,20632.56,60
betheltn,23,A,702,Digital,0.0,15
betheltn,23,A,702,Physical,2142.9,15
betheltn,23,A,72,Physical,314.26,2
betheltn,23,A,810,Digital,0.0,4
betheltn,23,A,810,Physical,1887.96,12
betheltn,23,A,864,Digital,0.0,152
betheltn,23,A,864,Physical,15058.32,77
betheltn,23,A,882,Physical,1899.6201,38
betheltn,23,A,90,Digital,0.0,108
betheltn,23,A,90,Physical,5051.28,26
betheltn,23,A,918,Physical,1100.38,7
betheltn,23,A,936,Digital,0.0,58
betheltn,23,A,936,Physical,4133.45,33
betheltn,23,A,960,Physical,1478.86,11
betheltn,23,F,126,Digital,0.0,30
betheltn,23,F,126,Physical,7842.79,64
betheltn,23,F,144,Digital,3443.75,253
betheltn,23,F,144,Physical,13317.9795,68
betheltn,23,F,162,Digital,0.0,323
betheltn,23,F,162,Physical,26106.07,134
betheltn,23,F,18,Digital,0.0,318
betheltn,23,F,18,Physical,15259.0,161
betheltn,23,F,180,Physical,22653.44,558
betheltn,23,F,234,Digital,0.0,1260
betheltn,23,F,234,Physical,89456.64,420
betheltn,23,F,250,Digital,0.0,47
betheltn,23,F,250,Physical,9908.38,78
betheltn,23,F,270,Digital,0.0,255
betheltn,23,F,270,Physical,27739.83,168
betheltn,23,F,288,Digital,0.0,168
betheltn,23,F,288,Physical,2321.78,65
betheltn,23,F,300,Digital,2956.25,221
betheltn,23,F,300,Physical,178.0,34
betheltn,23,F,36,Digital,0.0,116
betheltn,23,F,36,Physical,17901.27,111
betheltn,23,F,360,Digital,0.0,78
betheltn,23,F,360,Physical,2137.8,29
betheltn,23,F,378,Digital,17250.0,1362
betheltn,23,F,378,Physical,32919.29,504
betheltn,23,F,450,Digital,10924.08,1223
betheltn,23,F,450,Physical,43657.4,453
betheltn,23,F,468,Digital,7912.0796,132
betheltn,23,F,468,Physical,13993.0,133
betheltn,23,F,504,Digital,0.0,31
betheltn,23,F,504,Physical,1233.03,58
betheltn,23,F,576,Digital,0.0,120
betheltn,23,F,576,Physical,4508.77,37
betheltn,23,F,666,Digital,29973.75,2492
betheltn,23,F,666,Physical,148625.3,602
betheltn,23,F,684,Digital,0.0,6
betheltn,23,F,684,Physical,96.97,3
betheltn,23,F,702,Digital,0.0,396
betheltn,23,F,702,Physical,25322.6,205
betheltn,23,F,72,Digital,0.0,803
betheltn,23,F,72,Physical,56512.45,439
betheltn,23,F,810,Digital,0.0,205
betheltn,23,F,810,Physical,3841.95,62
betheltn,23,F,828,Digital,0.0,36
betheltn,23,F,828,Physical,841.41003,45
betheltn,23,F,846,Digital,0.0,81
betheltn,23,F,846,Physical,6428.1,30
betheltn,23,F,864,Digital,0.0,430
betheltn,23,F,864,Physical,47671.04,221
betheltn,23,F,882,Digital,0.0,425
betheltn,23,F,882,Physical,42683.8,937
betheltn,23,F,90,Digital,10712.63,1605
betheltn,23,F,90,Physical,43860.87,663
betheltn,23,F,918,Digital,0.0,198
betheltn,23,F,918,Physical,14369.84,112
betheltn,23,F,936,Digital,0.0,431
betheltn,23,F,936,Physical,19491.92,187
betheltn,23,F,954,Digital,0.0,78
betheltn,23,F,954,Physical,0.0,42
betheltn,23,F,960,Digital,0.0,68
betheltn,23,F,960,Physical,14489.18,128
betheltn,23,W,126,Digital,0.0,14
betheltn,23,W,126,Physical,7040.4897,58
betheltn,23,W,144,Digital,0.0,65
betheltn,23,W,144,Physical,28024.08,111
betheltn,23,W,162,Digital,0.0,231
betheltn,23,W,162,Physical,22538.76,132
betheltn,23,W,18,Digital,0.0,240
betheltn,23,W,18,Physical,16839.47,123
betheltn,23,W,180,Physical,1638.73,63
betheltn,23,W,234,Digital,0.0,219
betheltn,23,W,234,Physical,19739.2,73
betheltn,23,W,250,Digital,0.0,12
betheltn,23,W,250,Physical,8089.25,62
betheltn,23,W,270,Digital,0.0,246
betheltn,23,W,270,Physical,31744.5,165
betheltn,23,W,288,Digital,0.0,108
betheltn,23,W,288,Physical,8309.7295,76
betheltn,23,W,300,Digital,0.0,218
betheltn,23,W,300,Physical,15173.7,103
betheltn,23,W,36,Digital,0.0,63
betheltn,23,W,36,Physical,6938.2803,86
betheltn,23,W,360,Digital,0.0,88
betheltn,23,W,360,Physical,3819.8801,34
betheltn,23,W,378,Digital,7875.0,689
betheltn,23,W,378,Physical,32091.6,526
betheltn,23,W,450,Digital,14486.279,1147
betheltn,23,W,450,Physical,39944.65,392
betheltn,23,W,468,Digital,0.0,91
betheltn,23,W,468,Physical,4643.36,78
betheltn,23,W,504,Digital,0.0,11
betheltn,23,W,504,Physical,934.45,55
betheltn,23,W,576,Digital,0.0,117
betheltn,23,W,576,Physical,6822.22,41
betheltn,23,W,666,Digital,15688.75,1327
betheltn,23,W,666,Physical,78064.195,265
betheltn,23,W,702,Digital,0.0,191
betheltn,23,W,702,Physical,14746.93,136
betheltn,23,W,72,Digital,0.0,797
betheltn,23,W,72,Physical,57563.92,404
betheltn,23,W,810,Digital,0.0,84
betheltn,23,W,810,Physical,3967.4,59
betheltn,23,W,846,Digital,0.0,4
betheltn,23,W,846,Physical,1641.79,7
betheltn,23,W,864,Digital,0.0,631
betheltn,23,W,864,Physical,62164.39,323
betheltn,23,W,882,Digital,0.0,270
betheltn,23,W,882,Physical,28672.01,618
betheltn,23,W,90,Digital,0.0,1365
betheltn,23,W,90,Physical,38520.26,691
betheltn,23,W,918,Digital,0.0,116
betheltn,23,W,918,Physical,18443.121,119
betheltn,23,W,936,Digital,0.0,296
betheltn,23,W,936,Physical,14758.88,145
betheltn,23,W,954,Physical,0.0,30
betheltn,23,W,960,Digital,0.0,13
betheltn,23,W,960,Physical,12962.4,109
betheltn,24,A,144,Digital,1234.95,111
betheltn,24,A,144,Physical,4701.9497,41
betheltn,24,A,18,Digital,800.0,19
betheltn,24,A,18,Physical,1347.84,5
betheltn,24,A,180,Physical,50.27,11
betheltn,24,A,270,Digital,0.0,12
betheltn,24,A,270,Physical,4928.56,15
betheltn,24,A,288,Digital,0.0,48
betheltn,24,A,288,Physical,2345.04,21
betheltn,24,A,300,Digital,0.0,33
betheltn,24,A,300,Physical,2211.45,26
betheltn,24,A,450,Digital,5699.52,168
betheltn,24,A,468,Physical,380.0,4
betheltn,24,A,666,Digital,3622.5,183
betheltn,24,A,666,Physical,6582.16,25
betheltn,24,A,702,Digital,0.0,30
betheltn,24,A,810,Digital,0.0,3
betheltn,24,A,810,Physical,0.0,1
betheltn,24,A,864,Digital,0.0,83
betheltn,24,A,864,Physical,5650.32,25
betheltn,24,A,90,Digital,150.0,267
betheltn,24,A,90,Physical,1210.5599,81
betheltn,24,A,936,Digital,0.0,66
betheltn,24,A,960,Physical,2701.74,21
betheltn,24,F,126,Digital,0.0,50
betheltn,24,F,126,Physical,9490.55,82
betheltn,24,F,144,Digital,7050.0,331
betheltn,24,F,144,Physical,10108.109,103
betheltn,24,F,162,Digital,0.0,277
betheltn,24,F,162,Physical,22075.451,128
betheltn,24,F,18,Digital,0.0,489
betheltn,24,F,18,Physical,9627.72,163
betheltn,24,F,180,Physical,17536.7,400
betheltn,24,F,216,Digital,0.0,3
betheltn,24,F,216,Physical,216.32,1
betheltn,24,F,234,Digital,0.0,702
betheltn,24,F,234,Physical,49495.68,234
betheltn,24,F,250,Physical,11525.99,61
betheltn,24,F,255,Physical,539.0,7
betheltn,24,F,270,Digital,0.0,18
betheltn,24,F,270,Physical,12451.92,69
betheltn,24,F,288,Digital,0.0,170
betheltn,24,F,288,Physical,2791.94,69
betheltn,24,F,300,Physical,6767.28,60
betheltn,24,F,36,Digital,0.0,3
betheltn,24,F,36,Physical,4783.8,371
betheltn,24,F,360,Digital,0.0,48
betheltn,24,F,360,Physical,1616.39,20
betheltn,24,F,378,Digital,3825.0,463
betheltn,24,F,378,Physical,29874.7,374
betheltn,24,F,450,Digital,13171.6,1144
betheltn,24,F,450,Physical,0.0,281
betheltn,24,F,468,Digital,0.0,85
betheltn,24,F,468,Physical,9180.58,160
betheltn,24,F,504,Digital,0.0,1
betheltn,24,F,504,Physical,729.64,33
betheltn,24,F,576,Digital,0.0,61
betheltn,24,F,576,Physical,2704.0,28
betheltn,24,F,666,Digital,27841.25,976
betheltn,24,F,666,Physical,32412.02,123
betheltn,24,F,684,Physical,29.98,2
betheltn,24,F,702,Digital,0.0,313
betheltn,24,F,702,Physical,23228.52,168
betheltn,24,F,72,Digital,2808.0,688
betheltn,24,F,72,Physical,51516.84,350
betheltn,24,F,810,Digital,3784.0,280
betheltn,24,F,810,Physical,6142.98,84
betheltn,24,F,846,Digital,0.0,24
betheltn,24,F,864,Digital,0.0,479
betheltn,24,F,864,Physical,52513.32,195
betheltn,24,F,882,Digital,0.0,144
betheltn,24,F,882,Physical,40367.492,796
betheltn,24,F,90,Digital,1800.0,1968
betheltn,24,F,90,Physical,53690.39,873
betheltn,24,F,918,Digital,0.0,171
betheltn,24,F,918,Physical,1396.89,11
betheltn,24,F,936,Digital,11137.5,615
betheltn,24,F,936,Physical,4341.3,106
betheltn,24,F,954,Digital,0.0,90
betheltn,24,F,954,Physical,0.0,30
betheltn,24,F,960,Digital,0.0,144
betheltn,24,F,960,Physical,19099.65,191
betheltn,24,W,126,Digital,0.0,36
betheltn,24,W,126,Physical,8644.75,77
betheltn,24,W,144,Digital,12893.75,425
betheltn,24,W,144,Physical,11506.13,140
betheltn,24,W,162,Digital,1009.80005,415
betheltn,24,W,162,Physical,22936.07,150
betheltn,24,W,18,Digital,0.0,451
betheltn,24,W,18,Physical,13506.2295,221
betheltn,24,W,180,Physical,2531.73,128
betheltn,24,W,216,Digital,0.0,6
betheltn,24,W,216,Physical,432.64,2
betheltn,24,W,234,Digital,0.0,258
betheltn,24,W,234,Physical,21923.04,102
betheltn,24,W,250,Digital,0.0,10
betheltn,24,W,250,Physical,11519.46,68
betheltn,24,W,270,Digital,0.0,105
betheltn,24,W,270,Physical,21727.639,70
betheltn,24,W,288,Digital,0.0,139
betheltn,24,W,288,Physical,5662.0,85
betheltn,24,W,300,Digital,1182.5,94
betheltn,24,W,300,Physical,6576.76,73
betheltn,24,W,36,Digital,0.0,93
betheltn,24,W,36,Physical,7193.63,287
betheltn,24,W,360,Digital,0.0,63
betheltn,24,W,360,Physical,2883.97,22
betheltn,24,W,378,Digital,7950.0,752
betheltn,24,W,378,Physical,37712.05,554
betheltn,24,W,450,Digital,13824.06,1020
betheltn,24,W,450,Physical,6465.75,228
betheltn,24,W,468,Digital,0.0,234
betheltn,24,W,468,Physical,20702.74,222
betheltn,24,W,504,Digital,111.93,7
betheltn,24,W,504,Physical,237.86,14
betheltn,24,W,576,Digital,0.0,38
betheltn,24,W,576,Physical,3851.4001,24
betheltn,24,W,666,Digital,4120.0,1460
betheltn,24,W,666,Physical,124365.984,490
betheltn,24,W,684,Physical,29.98,2
betheltn,24,W,702,Digital,0.0,160
betheltn,24,W,702,Physical,16882.1,131
betheltn,24,W,72,Digital,0.0,821
betheltn,24,W,72,Physical,28041.48,254
betheltn,24,W,810,Digital,4372.15,151
betheltn,24,W,810,Physical,1399.0,32
betheltn,24,W,846,Digital,0.0,15
betheltn,24,W,864,Digital,2695.14,690
betheltn,24,W,864,Physical,57728.02,268
betheltn,24,W,882,Digital,0.0,397
betheltn,24,W,882,Physical,39722.05,861
betheltn,24,W,90,Digital,15061.71,1693
betheltn,24,W,90,Physical,36210.34,688
betheltn,24,W,900,Digital,0.0,90
betheltn,24,W,900,Physical,710.0,20
betheltn,24,W,918,Digital,0.0,401
betheltn,24,W,918,Physical,14038.921,81
betheltn,24,W,936,Digital,0.0,584
betheltn,24,W,936,Physical,5668.27,112
betheltn,24,W,954,Digital,0.0,57
betheltn,24,W,954,Physical,0.0,32
betheltn,24,W,960,Digital,0.0,83
betheltn,24,W,960,Physical,13641.26,110
campbell,22,A,10,Digital,0.0,90
campbell,22,A,10,Physical,18747.32,114
campbell,22,A,105,Digital,0.0,6
campbell,22,A,105,Physical,765.0,6
campbell,22,A,127,Physical,1234.66,12
campbell,22,A,130,Digital,0.0,12
campbell,22,A,130,Physical,18547.291,159
campbell,22,A,135,Digital,0.0,139
campbell,22,A,135,Physical,2196.18,48
campbell,22,A,136,Digital,0.0,99
campbell,22,A,136,Physical,15107.95,68
campbell,22,A,148,Digital,0.0,297
campbell,22,A,148,Physical,26448.68,178
campbell,22,A,149,Digital,0.0,188
campbell,22,A,149,Physical,1742.15,78
campbell,22,A,15,Digital,0.0,71
campbell,22,A,15,Physical,228.54,25
campbell,22,A,150,Digital,0.0,271
campbell,22,A,150,Physical,20256.17,215
campbell,22,A,159,Physical,4557.06,58
campbell,22,A,163,Digital,0.0,44
campbell,22,A,163,Physical,0.0,22
campbell,22,A,165,Digital,0.0,19
campbell,22,A,165,Physical,1329.8099,19
campbell,22,A,167,Digital,0.0,12
campbell,22,A,167,Physical,529.23,9
campbell,22,A,170,Digital,0.0,42
campbell,22,A,170,Physical,7458.13,63
campbell,22,A,174,Digital,0.0,54
campbell,22,A,174,Physical,4881.6797,28
campbell,22,A,176,Digital,0.0,190
campbell,22,A,176,Physical,19492.59,205
campbell,22,A,188,Digital,0.0,6
campbell,22,A,188,Physical,492.82,4
campbell,22,A,190,Digital,0.0,28
campbell,22,A,190,Physical,2811.5898,29
campbell,22,A,195,Digital,0.0,4
campbell,22,A,195,Physical,145.68,8
campbell,22,A,200,Digital,0.0,143
campbell,22,A,200,Physical,23771.74,239
campbell,22,A,205,Digital,0.0,108
campbell,22,A,205,Physical,2347.65,54
campbell,22,A,25,Digital,0.0,242
campbell,22,A,25,Physical,18917.84,127
campbell,22,A,27,Digital,0.0,288
campbell,22,A,27,Physical,33399.37,352
campbell,22,A,35,Digital,0.0,136
campbell,22,A,35,Physical,40142.168,312
campbell,22,A,40,Digital,0.0,95
campbell,22,A,40,Physical,6067.21,168
campbell,22,A,43,Physical,521.04,6
campbell,22,A,55,Digital,0.0,129
campbell,22,A,55,Physical,7281.32,58
campbell,22,A,57,Physical,0.0,59
campbell,22,A,60,Digital,0.0,51
campbell,22,A,60,Physical,11299.14,90
campbell,22,A,65,Digital,0.0,33
campbell,22,A,65,Physical,16225.73,83
campbell,22,A,66,Digital,0.0,52
campbell,22,A,66,Physical,1508.0,13
campbell,22,A,70,Digital,0.0,60
campbell,22,A,70,Physical,3679.2,47
campbell,22,A,75,Digital,0.0,50
campbell,22,A,75,Physical,15055.03,210
campbell,22,A,80,Digital,0.0,15
campbell,22,A,80,Physical,14283.0,59
campbell,22,A,89,Physical,3905.94,30
campbell,22,A,95,Digital,0.0,84
campbell,22,A,95,Physical,9114.56,28
campbell,22,F,10,Digital,98.75,628
campbell,22,F,10,Physical,98165.66,657
campbell,22,F,105,Digital,0.0,96
campbell,22,F,105,Physical,16460.0,96
campbell,22,F,110,Digital,0.0,42
campbell,22,F,110,Physical,0.0,14
campbell,22,F,115,Digital,0.0,45
campbell,22,F,115,Physical,0.0,15
campbell,22,F,124,Digital,0.0,18
campbell,22,F,124,Physical,475.2,6
campbell,22,F,127,Digital,0.0,77
campbell,22,F,127,Physical,7164.12,73
campbell,22,F,130,Digital,0.0,804
campbell,22,F,130,Physical,119558.375,1401
campbell,22,F,134,Digital,0.0,288
campbell,22,F,134,Physical,7710.5103,182
campbell,22,F,135,Digital,0.0,390
campbell,22,F,135,Physical,22119.75,296
campbell,22,F,136,Digital,0.0,535
campbell,22,F,136,Physical,73039.49,416
campbell,22,F,139,Digital,0.0,14
campbell,22,F,139,Physical,419.86,14
campbell,22,F,148,Digital,0.0,1736
campbell,22,F,148,Physical,85239.336,824
campbell,22,F,149,Digital,0.0,154
campbell,22,F,149,Physical,16155.899,153
campbell,22,F,15,Digital,0.0,434
campbell,22,F,15,Physical,2253.31,170
campbell,22,F,150,Digital,1125.0,1516
campbell,22,F,150,Physical,177725.89,1600
campbell,22,F,151,Digital,0.0,69
campbell,22,F,151,Physical,16905.99,95
campbell,22,F,158,Digital,0.0,4
campbell,22,F,158,Physical,160.01,15
campbell,22,F,159,Digital,0.0,583
campbell,22,F,159,Physical,51252.33,690
campbell,22,F,160,Digital,0.0,97
campbell,22,F,160,Physical,188935.88,1260
campbell,22,F,163,Digital,0.0,1162
campbell,22,F,163,Physical,0.0,581
campbell,22,F,165,Digital,0.0,283
campbell,22,F,165,Physical,7060.0103,181
campbell,22,F,167,Digital,0.0,18
campbell,22,F,167,Physical,226.11002,6
campbell,22,F,170,Digital,0.0,317
campbell,22,F,170,Physical,48540.53,424
campbell,22,F,173,Digital,0.0,128
campbell,22,F,173,Physical,19516.16,565
campbell,22,F,174,Digital,0.0,396
campbell,22,F,174,Physical,38734.62,377
campbell,22,F,176,Digital,0.0,1021
campbell,22,F,176,Physical,136977.92,962
campbell,22,F,184,Digital,0.0,18
campbell,22,F,184,Physical,0.0,6
campbell,22,F,185,Physical,4596.5,58
campbell,22,F,188,Digital,0.0,81
campbell,22,F,188,Physical,4352.2397,34
campbell,22,F,190,Digital,0.0,499
campbell,22,F,190,Physical,25614.52,295
campbell,22,F,195,Digital,0.0,193
campbell,22,F,195,Physical,12530.06,152
campbell,22,F,200,Digital,0.0,640
campbell,22,F,200,Physical,87284.34,669
campbell,22,F,205,Digital,0.0,68
campbell,22,F,205,Physical,6611.1797,199
campbell,22,F,210,Physical,27052.48,182
campbell,22,F,25,Digital,0.0,1167
campbell,22,F,25,Physical,61698.27,794
campbell,22,F,26,Digital,0.0,339
campbell,22,F,26,Physical,8308.57,123
campbell,22,F,27,Digital,0.0,2065
campbell,22,F,27,Physical,268123.7,2704
campbell,22,F,29,Digital,0.0,13
campbell,22,F,29,Physical,1987.48,17
campbell,22,F,35,Digital,0.0,1391
campbell,22,F,35,Physical,136628.16,2378
campbell,22,F,36,Digital,0.0,9
campbell,22,F,36,Physical,7272.06,39
campbell,22,F,40,Digital,0.0,1181
campbell,22,F,40,Physical,70730.64,1807
campbell,22,F,43,Digital,0.0,58
campbell,22,F,43,Physical,17198.871,139
campbell,22,F,55,Digital,0.0,836
campbell,22,F,55,Physical,48014.6,440
campbell,22,F,56,Physical,6611.05,95
campbell,22,F,57,Physical,0.0,85
campbell,22,F,59,Digital,0.0,480
campbell,22,F,59,Physical,10281.6,480
campbell,22,F,60,Digital,0.0,511
campbell,22,F,60,Physical,59145.05,357
campbell,22,F,61,Digital,0.0,6
campbell,22,F,61,Physical,269.94,6
campbell,22,F,65,Digital,0.0,611
campbell,22,F,65,Physical,59169.3,390
campbell,22,F,66,Digital,0.0,220
campbell,22,F,66,Physical,6468.0,58
campbell,22,F,67,Digital,0.0,30
campbell,22,F,67,Physical,1684.7999,10
campbell,22,F,70,Digital,0.0,485
campbell,22,F,70,Physical,37051.84,616
campbell,22,F,72,Digital,0.0,20
campbell,22,F,72,Physical,4608.55,36
campbell,22,F,75,Digital,0.0,5222
campbell,22,F,75,Physical,235741.1,4237
campbell,22,F,77,Digital,0.0,544
campbell,22,F,77,Physical,47431.97,568
campbell,22,F,80,Physical,29538.0,196
campbell,22,F,89,Digital,0.0,826
campbell,22,F,89,Physical,101982.01,860
campbell,22,F,95,Digital,0.0,193
campbell,22,F,95,Physical,38861.24,159
campbell,22,W,10,Digital,0.0,418
campbell,22,W,10,Physical,89123.33,522
campbell,22,W,105,Digital,0.0,85
campbell,22,W,105,Physical,12672.95,76
campbell,22,W,110,Physical,5672.16,18
campbell,22,W,115,Physical,4584.32,19
campbell,22,W,124,Digital,0.0,24
campbell,22,W,124,Physical,633.60004,8
campbell,22,W,127,Digital,0.0,82
campbell,22,W,127,Physical,8879.36,88
campbell,22,W,130,Digital,0.0,901
campbell,22,W,130,Physical,94650.06,1153
campbell,22,W,134,Digital,0.0,154
campbell,22,W,134,Physical,9453.53,187
campbell,22,W,135,Digital,0.0,646
campbell,22,W,135,Physical,15878.0,257
campbell,22,W,136,Digital,0.0,544
campbell,22,W,136,Physical,60825.29,373
campbell,22,W,139,Digital,0.0,15
campbell,22,W,139,Physical,374.85,15
campbell,22,W,148,Digital,0.0,1022
campbell,22,W,148,Physical,95002.93,987
campbell,22,W,149,Digital,0.0,369
campbell,22,W,149,Physical,25408.69,260
campbell,22,W,15,Digital,0.0,343
campbell,22,W,15,Physical,2145.68,141
campbell,22,W,150,Digital,0.0,1444
campbell,22,W,150,Physical,174324.02,1409
campbell,22,W,151,Digital,0.0,301
campbell,22,W,151,Physical,16085.75,222
campbell,22,W,159,Digital,0.0,153
campbell,22,W,159,Physical,26036.56,274
campbell,22,W,160,Digital,0.0,1351
campbell,22,W,160,Physical,143499.61,1541
campbell,22,W,163,Digital,0.0,460
campbell,22,W,163,Physical,0.0,230
campbell,22,W,165,Digital,0.0,445
campbell,22,W,165,Physical,8616.13,273
campbell,22,W,167,Digital,0.0,20
campbell,22,W,167,Physical,882.05005,15
campbell,22,W,170,Digital,0.0,248
campbell,22,W,170,Physical,40331.37,352
campbell,22,W,173,Digital,0.0,90
campbell,22,W,173,Physical,6420.5,60
campbell,22,W,174,Digital,0.0,578
campbell,22,W,174,Physical,37315.06,461
campbell,22,W,176,Digital,0.0,876
campbell,22,W,176,Physical,152118.6,990
campbell,22,W,185,Physical,3919.5,45
campbell,22,W,188,Digital,0.0,187
campbell,22,W,188,Physical,13425.3,112
campbell,22,W,190,Digital,0.0,400
campbell,22,W,190,Physical,22560.44,297
campbell,22,W,195,Digital,0.0,224
campbell,22,W,195,Physical,10930.62,180
campbell,22,W,200,Digital,0.0,529
campbell,22,W,200,Physical,76947.71,892
campbell,22,W,205,Digital,0.0,248
campbell,22,W,205,Physical,9596.77,226
campbell,22,W,210,Digital,0.0,87
campbell,22,W,210,Physical,73173.51,162
campbell,22,W,25,Digital,0.0,1437
campbell,22,W,25,Physical,145712.73,856
campbell,22,W,26,Digital,0.0,136
campbell,22,W,26,Physical,6404.28,116
campbell,22,W,27,Digital,0.0,2280
campbell,22,W,27,Physical,244439.03,2390
campbell,22,W,29,Digital,0.0,43
campbell,22,W,29,Physical,4362.0103,43
campbell,22,W,35,Digital,0.0,981
campbell,22,W,35,Physical,167654.47,1999
campbell,22,W,36,Digital,0.0,44
campbell,22,W,36,Physical,2547.28,25
campbell,22,W,40,Digital,0.0,583
campbell,22,W,40,Physical,43733.23,1116
campbell,22,W,43,Digital,0.0,21
campbell,22,W,43,Physical,8944.61,103
campbell,22,W,55,Digital,0.0,696
campbell,22,W,55,Physical,54060.84,391
campbell,22,W,57,Physical,0.0,62
campbell,22,W,59,Digital,0.0,33
campbell,22,W,59,Physical,4374.15,66
campbell,22,W,60,Digital,0.0,293
campbell,22,W,60,Physical,40927.56,271
campbell,22,W,61,Physical,281.86,22
campbell,22,W,65,Digital,0.0,453
campbell,22,W,65,Physical,62402.2,455
campbell,22,W,66,Digital,0.0,164
campbell,22,W,66,Physical,5039.72,62
campbell,22,W,67,Digital,0.0,57
campbell,22,W,67,Physical,3102.32,19
campbell,22,W,70,Digital,0.0,481
campbell,22,W,70,Physical,33838.11,473
campbell,22,W,72,Digital,0.0,105
campbell,22,W,72,Physical,7518.44,58
campbell,22,W,75,Digital,0.0,3519
campbell,22,W,75,Physical,168166.88,2869
campbell,22,W,77,Digital,0.0,275
campbell,22,W,77,Physical,27096.46,231
campbell,22,W,80,Digital,0.0,409
campbell,22,W,80,Physical,11424.1,182
campbell,22,W,89,Digital,5102.72,1298
campbell,22,W,89,Physical,100683.35,1026
campbell,22,W,95,Digital,0.0,294
campbell,22,W,95,Physical,47236.438,149
campbell,23,A,10,Digital,0.0,46
campbell,23,A,10,Physical,0.0,11
campbell,23,A,105,Physical,1243.89,9
campbell,23,A,127,Digital,0.0,4
campbell,23,A,127,Physical,1921.01,19
campbell,23,A,130,Digital,0.0,28
campbell,23,A,130,Physical,11036.7,99
campbell,23,A,135,Digital,0.0,170
campbell,23,A,135,Physical,2301.1099,58
campbell,23,A,136,Digital,0.0,129
campbell,23,A,136,Physical,14882.3,75
campbell,23,A,148,Digital,0.0,303
campbell,23,A,148,Physical,16677.66,100
campbell,23,A,149,Digital,0.0,20
campbell,23,A,149,Physical,0.0,58
campbell,23,A,15,Digital,0.0,147
campbell,23,A,15,Physical,0.0,49
campbell,23,A,150,Digital,0.0,431
campbell,23,A,150,Physical,11711.26,120
campbell,23,A,158,Digital,0.0,4
campbell,23,A,158,Physical,60.059998,6
campbell,23,A,159,Digital,0.0,46
campbell,23,A,159,Physical,0.0,46
campbell,23,A,160,Physical,1062.28,10
campbell,23,A,163,Digital,0.0,144
campbell,23,A,163,Physical,0.0,48
campbell,23,A,165,Digital,0.0,22
campbell,23,A,165,Physical,1539.7799,22
campbell,23,A,170,Digital,0.0,7
campbell,23,A,170,Physical,2404.85,14
campbell,23,A,174,Digital,0.0,42
campbell,23,A,174,Physical,4744.64,26
campbell,23,A,176,Digital,1469.7899,344
campbell,23,A,176,Physical,18010.57,184
campbell,23,A,188,Digital,0.0,6
campbell,23,A,188,Physical,235.7,2
campbell,23,A,190,Digital,0.0,47
campbell,23,A,190,Physical,2925.3,26
campbell,23,A,195,Digital,0.0,20
campbell,23,A,195,Physical,915.0,5
campbell,23,A,200,Digital,0.0,237
campbell,23,A,200,Physical,2160.3,121
campbell,23,A,205,Physical,2000.71,29
campbell,23,A,25,Digital,0.0,166
campbell,23,A,25,Physical,8261.92,70
campbell,23,A,27,Digital,2484.6199,149
campbell,23,A,27,Physical,13566.14,188
campbell,23,A,35,Digital,0.0,220
campbell,23,A,35,Physical,25794.94,320
campbell,23,A,40,Digital,0.0,113
campbell,23,A,40,Physical,5933.37,142
campbell,23,A,43,Digital,0.0,1
campbell,23,A,43,Physical,514.60004,4
campbell,23,A,55,Digital,0.0,173
campbell,23,A,55,Physical,7823.71,53
campbell,23,A,57,Physical,0.0,19
campbell,23,A,60,Digital,0.0,46
campbell,23,A,60,Physical,9616.05,62
campbell,23,A,65,Digital,0.0,247
campbell,23,A,65,Physical,2598.96,57
campbell,23,A,66,Digital,0.0,57
campbell,23,A,66,Physical,1763.0,18
campbell,23,A,70,Digital,0.0,34
campbell,23,A,70,Physical,1506.08,26
campbell,23,A,72,Digital,0.0,6
campbell,23,A,72,Physical,568.5,4
campbell,23,A,75,Digital,0.0,53
campbell,23,A,75,Physical,11421.39,167
campbell,23,A,77,Digital,0.0,3
campbell,23,A,77,Physical,68.99,2
campbell,23,A,80,Digital,0.0,48
campbell,23,A,80,Physical,0.0,24
campbell,23,A,89,Physical,1867.68,16
campbell,23,A,95,Physical,7071.8,20
campbell,23,F,10,Digital,15670.37,310
campbell,23,F,10,Physical,3192.0,313
campbell,23,F,105,Physical,23266.05,133
campbell,23,F,110,Digital,0.0,63
campbell,23,F,110,Physical,0.0,21
campbell,23,F,115,Digital,0.0,69
campbell,23,F,115,Physical,0.0,23
campbell,23,F,124,Digital,0.0,19
campbell,23,F,124,Physical,2260.43,57
campbell,23,F,127,Digital,0.0,149
campbell,23,F,127,Physical,5841.38,75
campbell,23,F,130,Digital,0.0,1410
campbell,23,F,130,Physical,112921.445,1427
campbell,23,F,134,Digital,0.0,206
campbell,23,F,134,Physical,6889.13,180
campbell,23,F,135,Digital,0.0,370
campbell,23,F,135,Physical,12673.1,224
campbell,23,F,136,Digital,0.0,509
campbell,23,F,136,Physical,58672.45,344
campbell,23,F,139,Digital,0.0,23
campbell,23,F,139,Physical,574.77,23
campbell,23,F,148,Digital,1139.62,1693
campbell,23,F,148,Physical,75863.93,615
campbell,23,F,149,Physical,9027.33,114
campbell,23,F,15,Digital,0.0,403
campbell,23,F,15,Physical,142.93,127
campbell,23,F,150,Digital,2925.0,2477
campbell,23,F,150,Physical,39029.68,508
campbell,23,F,151,Digital,324.98,143
campbell,23,F,151,Physical,5019.58,59
campbell,23,F,158,Digital,0.0,2
campbell,23,F,158,Physical,149.97,9
campbell,23,F,159,Digital,0.0,344
campbell,23,F,159,Physical,27029.99,381
campbell,23,F,160,Digital,0.0,95
campbell,23,F,160,Physical,142058.88,1052
campbell,23,F,163,Digital,0.0,1539
campbell,23,F,163,Physical,0.0,513
campbell,23,F,165,Digital,0.0,134
campbell,23,F,165,Physical,11519.47,56
campbell,23,F,167,Digital,0.0,4
campbell,23,F,167,Physical,350.2,4
campbell,23,F,170,Digital,0.0,130
campbell,23,F,170,Physical,37043.6,327
campbell,23,F,173,Digital,0.0,107
campbell,23,F,173,Physical,18643.95,542
campbell,23,F,174,Digital,0.0,394
campbell,23,F,174,Physical,35485.98,379
campbell,23,F,176,Digital,1679.76,1592
campbell,23,F,176,Physical,84106.5,808
campbell,23,F,184,Digital,0.0,9
campbell,23,F,184,Physical,0.0,3
campbell,23,F,185,Digital,0.0,27
campbell,23,F,185,Physical,4279.5,54
campbell,23,F,188,Digital,0.0,26
campbell,23,F,188,Physical,1964.9,17
campbell,23,F,190,Digital,0.0,565
campbell,23,F,190,Physical,24242.959,268
campbell,23,F,195,Digital,0.0,198
campbell,23,F,195,Physical,7686.15,95
campbell,23,F,200,Digital,0.0,1097
campbell,23,F,200,Physical,9620.79,481
campbell,23,F,205,Digital,0.0,68
campbell,23,F,205,Physical,19518.5,223
campbell,23,F,210,Physical,24819.08,174
campbell,23,F,25,Digital,0.0,1658
campbell,23,F,25,Physical,58478.0,929
campbell,23,F,26,Digital,0.0,355
campbell,23,F,26,Physical,8732.72,140
campbell,23,F,27,Digital,5335.1997,3413
campbell,23,F,27,Physical,225338.44,2259
campbell,23,F,29,Digital,0.0,3
campbell,23,F,29,Physical,604.88,6
campbell,23,F,35,Digital,0.0,1694
campbell,23,F,35,Physical,121024.16,2002
campbell,23,F,36,Digital,0.0,14
campbell,23,F,36,Physical,4022.06,19
campbell,23,F,40,Digital,0.0,1468
campbell,23,F,40,Physical,89136.77,2269
campbell,23,F,43,Digital,0.0,123
campbell,23,F,43,Physical,16083.03,129
campbell,23,F,55,Digital,0.0,733
campbell,23,F,55,Physical,45397.59,369
campbell,23,F,56,Physical,8913.301,111
campbell,23,F,57,Physical,0.0,102
campbell,23,F,59,Digital,0.0,490
campbell,23,F,59,Physical,10495.8,490
campbell,23,F,60,Digital,0.0,453
campbell,23,F,60,Physical,61065.75,377
campbell,23,F,65,Digital,0.0,428
campbell,23,F,65,Physical,22892.39,259
campbell,23,F,66,Digital,0.0,174
campbell,23,F,66,Physical,5048.0,51
campbell,23,F,67,Digital,0.0,42
campbell,23,F,67,Physical,2358.72,14
campbell,23,F,69,Digital,0.0,3
campbell,23,F,69,Physical,159.12,3
campbell,23,F,70,Digital,0.0,550
campbell,23,F,70,Physical,29998.25,494
campbell,23,F,72,Digital,0.0,26
campbell,23,F,72,Physical,4727.2,33
campbell,23,F,75,Digital,0.0,4812
campbell,23,F,75,Physical,202625.03,3923
campbell,23,F,77,Digital,0.0,375
campbell,23,F,77,Physical,22409.49,336
campbell,23,F,80,Digital,0.0,46
campbell,23,F,80,Physical,17990.0,163
campbell,23,F,89,Digital,343.56998,797
campbell,23,F,89,Physical,56182.88,641
campbell,23,F,95,Digital,0.0,176
campbell,23,F,95,Physical,33130.758,139
campbell,23,W,10,Digital,5561.8,366
campbell,23,W,10,Physical,23025.6,232
campbell,23,W,105,Digital,0.0,23
campbell,23,W,105,Physical,16271.0,97
campbell,23,W,110,Digital,0.0,48
campbell,23,W,110,Physical,3228.16,16
campbell,23,W,115,Physical,183.8,4
campbell,23,W,124,Physical,398.44,6
campbell,23,W,127,Digital,0.0,65
campbell,23,W,127,Physical,8176.92,81
campbell,23,W,130,Digital,399.96,1209
campbell,23,W,130,Physical,102896.086,1286
campbell,23,W,134,Digital,0.0,117
campbell,23,W,134,Physical,8142.72,146
campbell,23,W,135,Digital,0.0,600
campbell,23,W,135,Physical,14510.85,330
campbell,23,W,136,Digital,0.0,608
campbell,23,W,136,Physical,60673.77,324
campbell,23,W,139,Digital,0.0,36
campbell,23,W,139,Physical,131.94,6
campbell,23,W,145,Digital,0.0,2
campbell,23,W,145,Physical,80.0,2
campbell,23,W,148,Digital,0.0,1671
campbell,23,W,148,Physical,61997.36,595
campbell,23,W,149,Digital,0.0,247
campbell,23,W,149,Physical,20933.19,258
campbell,23,W,15,Digital,0.0,323
campbell,23,W,15,Physical,0.0,103
campbell,23,W,150,Digital,0.0,2280
campbell,23,W,150,Physical,52863.668,556
campbell,23,W,151,Digital,3249.8,224
campbell,23,W,151,Physical,8915.0,83
campbell,23,W,158,Digital,0.0,2
campbell,23,W,158,Physical,149.97,9
campbell,23,W,159,Digital,0.0,221
campbell,23,W,159,Physical,15023.83,300
campbell,23,W,160,Digital,0.0,48
campbell,23,W,160,Physical,100240.54,925
campbell,23,W,163,Digital,0.0,639
campbell,23,W,163,Physical,0.0,213
campbell,23,W,165,Digital,0.0,331
campbell,23,W,165,Physical,12660.28,185
campbell,23,W,167,Digital,0.0,21
campbell,23,W,167,Physical,469.13998,9
campbell,23,W,170,Digital,0.0,194
campbell,23,W,170,Physical,33190.49,329
campbell,23,W,173,Digital,0.0,28
campbell,23,W,173,Physical,7557.42,72
campbell,23,W,174,Digital,0.0,423
campbell,23,W,174,Physical,39304.97,457
campbell,23,W,176,Digital,2939.5798,1888
campbell,23,W,176,Physical,93357.12,866
campbell,23,W,184,Digital,0.0,21
campbell,23,W,184,Physical,0.0,7
campbell,23,W,185,Digital,0.0,15
campbell,23,W,185,Physical,2223.3,30
campbell,23,W,188,Digital,0.0,97
campbell,23,W,188,Physical,7670.8,61
campbell,23,W,190,Digital,0.0,335
campbell,23,W,190,Physical,16190.08,263
campbell,23,W,195,Digital,0.0,186
campbell,23,W,195,Physical,6933.56,130
campbell,23,W,200,Digital,0.0,939
campbell,23,W,200,Physical,9033.72,485
campbell,23,W,205,Digital,0.0,66
campbell,23,W,205,Physical,8511.01,97
campbell,23,W,210,Physical,50783.27,118
campbell,23,W,25,Digital,0.0,1376
campbell,23,W,25,Physical,51938.88,620
campbell,23,W,26,Digital,0.0,167
campbell,23,W,26,Physical,4283.86,94
campbell,23,W,27,Digital,637.44,2092
campbell,23,W,27,Physical,161208.84,1773
campbell,23,W,29,Digital,0.0,16
campbell,23,W,29,Physical,1275.63,13
campbell,23,W,35,Digital,0.0,1405
campbell,23,W,35,Physical,89981.484,1670
campbell,23,W,36,Digital,0.0,14
campbell,23,W,36,Physical,1272.66,12
campbell,23,W,40,Digital,0.0,842
campbell,23,W,40,Physical,42477.73,1123
campbell,23,W,43,Digital,0.0,59
campbell,23,W,43,Physical,13702.9,124
campbell,23,W,55,Digital,0.0,524
campbell,23,W,55,Physical,47718.04,338
campbell,23,W,57,Physical,0.0,80
campbell,23,W,59,Digital,0.0,18
campbell,23,W,59,Physical,385.56,18
campbell,23,W,60,Digital,0.0,493
campbell,23,W,60,Physical,28797.56,210
campbell,23,W,61,Physical,84.95,5
campbell,23,W,65,Digital,450.0,820
campbell,23,W,65,Physical,23542.69,263
campbell,23,W,66,Digital,0.0,188
campbell,23,W,66,Physical,5238.0,62
campbell,23,W,67,Digital,0.0,111
campbell,23,W,67,Physical,6233.76,37
campbell,23,W,69,Digital,0.0,24
campbell,23,W,69,Physical,663.96,24
campbell,23,W,70,Digital,0.0,628
campbell,23,W,70,Physical,33915.82,468
campbell,23,W,72,Digital,0.0,109
campbell,23,W,72,Physical,5490.09,50
campbell,23,W,75,Digital,0.0,2281
campbell,23,W,75,Physical,143485.58,2470
campbell,23,W,77,Digital,0.0,176
campbell,23,W,77,Physical,15494.88,134
campbell,23,W,80,Digital,0.0,336
campbell,23,W,80,Physical,3275.0,169
campbell,23,W,89,Digital,0.0,954
campbell,23,W,89,Physical,69527.28,693
campbell,23,W,95,Digital,0.0,245
campbell,23,W,95,Physical,42132.89,134
campbell,24,A,10,Digital,10233.141,177
campbell,24,A,10,Physical,878.49005,42
campbell,24,A,105,Physical,1243.89,18
campbell,24,A,127,Digital,0.0,2
campbell,24,A,127,Physical,591.6,6
campbell,24,A,130,Digital,0.0,20
campbell,24,A,130,Physical,17656.83,154
campbell,24,A,135,Digital,0.0,119
campbell,24,A,135,Physical,2809.29,52
campbell,24,A,136,Digital,854.91,124
campbell,24,A,136,Physical,14255.9795,70
campbell,24,A,148,Digital,959.68,220
campbell,24,A,148,Physical,7262.85,78
campbell,24,A,149,Digital,0.0,6
campbell,24,A,149,Physical,0.0,20
campbell,24,A,15,Digital,0.0,41
campbell,24,A,15,Physical,0.0,6
campbell,24,A,150,Digital,874.93,310
campbell,24,A,150,Physical,6007.83,97
campbell,24,A,159,Digital,0.0,54
campbell,24,A,159,Physical,0.0,54
campbell,24,A,160,Physical,4017.84,36
campbell,24,A,163,Digital,0.0,87
campbell,24,A,163,Physical,0.0,35
campbell,24,A,165,Digital,0.0,15
campbell,24,A,165,Physical,1049.85,15
campbell,24,A,167,Physical,205.7,2
campbell,24,A,170,Digital,0.0,2
campbell,24,A,170,Physical,1263.22,12
campbell,24,A,174,Digital,9.9,70
campbell,24,A,174,Physical,3476.14,36
campbell,24,A,176,Digital,0.0,314
campbell,24,A,176,Physical,12474.43,143
campbell,24,A,188,Digital,0.0,3
campbell,24,A,188,Physical,0.0,1
campbell,24,A,190,Digital,0.0,57
campbell,24,A,190,Physical,4204.22,38
campbell,24,A,200,Digital,0.0,166
campbell,24,A,200,Physical,864.12,111
campbell,24,A,205,Digital,0.0,60
campbell,24,A,205,Physical,1289.85,30
campbell,24,A,25,Digital,0.0,121
campbell,24,A,25,Physical,13382.399,59
campbell,24,A,27,Digital,1702.96,172
campbell,24,A,27,Physical,10310.48,118
campbell,24,A,35,Digital,0.0,241
campbell,24,A,35,Physical,15159.02,279
campbell,24,A,40,Digital,0.0,202
campbell,24,A,40,Physical,5613.42,144
campbell,24,A,55,Digital,441.0,104
campbell,24,A,55,Physical,4816.4,39
campbell,24,A,57,Physical,0.0,51
campbell,24,A,60,Digital,0.0,38
campbell,24,A,60,Physical,5552.52,71
campbell,24,A,65,Digital,150.0,286
campbell,24,A,65,Physical,3016.46,59
campbell,24,A,66,Digital,0.0,34
campbell,24,A,66,Physical,812.0,10
campbell,24,A,70,Digital,0.0,2
campbell,24,A,70,Physical,416.0,10
campbell,24,A,75,Digital,0.0,79
campbell,24,A,75,Physical,12831.61,198
campbell,24,A,77,Digital,0.0,3
campbell,24,A,77,Physical,68.99,2
campbell,24,A,80,Digital,0.0,36
campbell,24,A,80,Physical,1587.0,23
campbell,24,A,89,Physical,199.95,1
campbell,24,A,95,Digital,0.0,63
campbell,24,A,95,Physical,6835.92,21
campbell,24,F,10,Digital,79696.734,1218
campbell,24,F,10,Physical,1274.4,781
campbell,24,F,105,Digital,0.0,72
campbell,24,F,105,Physical,15804.63,153
campbell,24,F,110,Digital,0.0,57
campbell,24,F,110,Physical,880.56,23
campbell,24,F,112,Physical,0.0,17
campbell,24,F,115,Physical,6402.2397,19
campbell,24,F,124,Physical,792.00006,10
campbell,24,F,127,Digital,0.0,49
campbell,24,F,127,Physical,4341.93,43
campbell,24,F,130,Digital,0.0,1148
campbell,24,F,130,Physical,115043.086,1191
campbell,24,F,134,Digital,0.0,246
campbell,24,F,134,Physical,7975.47,228
campbell,24,F,135,Digital,0.0,438
campbell,24,F,135,Physical,12963.45,199
campbell,24,F,136,Digital,379.96,446
campbell,24,F,136,Physical,36639.82,252
campbell,24,F,139,Digital,0.0,19
campbell,24,F,148,Digital,10176.92,1321
campbell,24,F,148,Physical,43775.3,471
campbell,24,F,149,Digital,0.0,117
campbell,24,F,149,Physical,11496.859,139
campbell,24,F,15,Digital,0.0,433
campbell,24,F,15,Physical,0.0,140
campbell,24,F,150,Digital,7949.58,1830
campbell,24,F,150,Physical,40020.92,548
campbell,24,F,151,Digital,2855.15,135
campbell,24,F,151,Physical,0.0,33
campbell,24,F,158,Digital,0.0,4
campbell,24,F,158,Physical,1884.9299,51
campbell,24,F,159,Digital,789.18,376
campbell,24,F,159,Physical,29828.9,682
campbell,24,F,160,Digital,0.0,273
campbell,24,F,160,Physical,138210.05,1142
campbell,24,F,163,Digital,0.0,1626
campbell,24,F,163,Physical,0.0,542
campbell,24,F,165,Digital,0.0,121
campbell,24,F,165,Physical,10031.06,55
campbell,24,F,167,Digital,236.76,12
campbell,24,F,167,Physical,675.69,6
campbell,24,F,170,Digital,0.0,126
campbell,24,F,170,Physical,35378.96,378
campbell,24,F,173,Digital,0.0,59
campbell,24,F,173,Physical,14938.28,468
campbell,24,F,174,Digital,0.0,559
campbell,24,F,174,Physical,35794.15,419
campbell,24,F,176,Digital,4483.33,1409
campbell,24,F,176,Physical,109147.445,900
campbell,24,F,185,Digital,0.0,6
campbell,24,F,185,Physical,779.58,12
campbell,24,F,188,Digital,0.0,53
campbell,24,F,188,Physical,5413.71,35
campbell,24,F,190,Digital,0.0,560
campbell,24,F,190,Physical,9087.66,224
campbell,24,F,195,Digital,0.0,96
campbell,24,F,195,Physical,5191.12,46
campbell,24,F,200,Digital,0.0,733
campbell,24,F,200,Physical,16938.85,1012
campbell,24,F,205,Digital,0.0,485
campbell,24,F,205,Physical,17732.44,361
campbell,24,F,210,Physical,25409.05,180
campbell,24,F,25,Digital,2509.91,1841
campbell,24,F,25,Physical,158332.94,983
campbell,24,F,26,Digital,0.0,322
campbell,24,F,26,Physical,7589.54,105
campbell,24,F,27,Digital,7699.1396,2421
campbell,24,F,27,Physical,135319.38,2629
campbell,24,F,35,Digital,0.0,1309
campbell,24,F,35,Physical,80915.99,1741
campbell,24,F,36,Digital,0.0,10
campbell,24,F,36,Physical,2872.9001,10
campbell,24,F,40,Digital,0.0,2968
campbell,24,F,40,Physical,76740.46,1985
campbell,24,F,43,Digital,0.0,88
campbell,24,F,43,Physical,14020.811,111
campbell,24,F,55,Digital,252.0,559
campbell,24,F,55,Physical,41096.43,328
campbell,24,F,56,Physical,9796.601,122
campbell,24,F,57,Physical,0.0,139
campbell,24,F,60,Digital,1177.6,811
campbell,24,F,60,Physical,41736.51,422
campbell,24,F,65,Digital,2850.0,270
campbell,24,F,65,Physical,26329.1,252
campbell,24,F,66,Digital,0.0,179
campbell,24,F,66,Physical,5215.0,53
campbell,24,F,67,Digital,0.0,9
campbell,24,F,67,Physical,505.44,3
campbell,24,F,70,Digital,0.0,491
campbell,24,F,70,Physical,31206.9,442
campbell,24,F,72,Digital,0.0,35
campbell,24,F,72,Physical,4082.52,37
campbell,24,F,75,Digital,0.0,1460
campbell,24,F,75,Physical,231804.23,5106
campbell,24,F,77,Digital,2215.95,408
campbell,24,F,77,Physical,12376.47,287
campbell,24,F,80,Digital,0.0,84
campbell,24,F,80,Physical,20431.5,187
campbell,24,F,89,Digital,2115.1,687
campbell,24,F,89,Physical,50125.93,625
campbell,24,F,95,Digital,520.0,308
campbell,24,F,95,Physical,8087.04,52
campbell,24,W,10,Digital,54643.92,945
campbell,24,W,10,Physical,6915.09,578
campbell,24,W,105,Physical,14522.49,123
campbell,24,W,110,Digital,0.0,51
campbell,24,W,110,Physical,3429.92,17
campbell,24,W,115,Digital,0.0,60
campbell,24,W,115,Physical,0.0,20
campbell,24,W,124,Physical,1584.0001,20
campbell,24,W,127,Digital,0.0,170
campbell,24,W,127,Physical,10813.88,82
campbell,24,W,130,Digital,0.0,807
campbell,24,W,130,Physical,110484.164,1120
campbell,24,W,134,Digital,0.0,94
campbell,24,W,134,Physical,6726.17,138
campbell,24,W,135,Digital,0.0,437
campbell,24,W,135,Physical,9627.2295,235
campbell,24,W,136,Digital,2184.77,529
campbell,24,W,136,Physical,44284.37,260
campbell,24,W,139,Digital,0.0,12
campbell,24,W,139,Physical,299.88,12
campbell,24,W,145,Digital,0.0,13
campbell,24,W,145,Physical,404.69998,18
campbell,24,W,148,Digital,4822.08,1185
campbell,24,W,148,Physical,67887.266,410
campbell,24,W,149,Digital,0.0,435
campbell,24,W,149,Physical,11904.36,246
campbell,24,W,15,Digital,0.0,298
campbell,24,W,15,Physical,0.0,97
campbell,24,W,150,Digital,1350.0,1406
campbell,24,W,150,Physical,39541.06,541
campbell,24,W,151,Digital,2599.84,182
campbell,24,W,151,Physical,6743.6,66
campbell,24,W,158,Digital,0.0,4
campbell,24,W,158,Physical,160.01,11
campbell,24,W,159,Digital,0.0,230
campbell,24,W,159,Physical,14286.1,400
campbell,24,W,160,Digital,0.0,97
campbell,24,W,160,Physical,94720.36,1019
campbell,24,W,163,Digital,0.0,618
campbell,24,W,163,Physical,0.0,206
campbell,24,W,165,Digital,0.0,435
campbell,24,W,165,Physical,8603.2,265
campbell,24,W,167,Digital,0.0,19
campbell,24,W,167,Physical,205.26999,6
campbell,24,W,170,Digital,0.0,115
campbell,24,W,170,Physical,23701.31,258
campbell,24,W,173,Digital,0.0,20
campbell,24,W,173,Physical,5601.98,56
campbell,24,W,174,Digital,0.0,291
campbell,24,W,174,Physical,27800.9,392
campbell,24,W,176,Digital,4785.0,1775
campbell,24,W,176,Physical,93988.11,951
campbell,24,W,184,Digital,0.0,3
campbell,24,W,184,Physical,0.0,1
campbell,24,W,185,Digital,0.0,13
campbell,24,W,185,Physical,3088.5,36
campbell,24,W,188,Digital,0.0,99
campbell,24,W,188,Physical,4708.33,56
campbell,24,W,190,Digital,0.0,337
campbell,24,W,190,Physical,8703.3,126
campbell,24,W,195,Digital,0.0,115
campbell,24,W,195,Physical,5881.68,107
campbell,24,W,200,Digital,0.0,532
campbell,24,W,200,Physical,8625.431,633
campbell,24,W,205,Digital,0.0,60
campbell,24,W,205,Physical,6424.2197,98
campbell,24,W,210,Physical,46437.28,130
campbell,24,W,25,Digital,12865.0,1472
campbell,24,W,25,Physical,56183.56,659
campbell,24,W,26,Digital,0.0,173
campbell,24,W,26,Physical,4567.7397,98
campbell,24,W,27,Digital,16776.41,1792
campbell,24,W,27,Physical,141681.08,1542
campbell,24,W,35,Digital,0.0,1082
campbell,24,W,35,Physical,69093.266,1290
campbell,24,W,36,Digital,0.0,35
campbell,24,W,36,Physical,2017.5801,21
campbell,24,W,40,Digital,0.0,894
campbell,24,W,40,Physical,41881.21,1057
campbell,24,W,43,Digital,0.0,35
campbell,24,W,43,Physical,10798.57,95
campbell,24,W,55,Digital,0.0,500
campbell,24,W,55,Physical,40039.03,301
campbell,24,W,57,Physical,0.0,114
campbell,24,W,59,Digital,0.0,26
campbell,24,W,59,Physical,556.92,26
campbell,24,W,60,Digital,0.0,545
campbell,24,W,60,Physical,33980.832,271
campbell,24,W,61,Digital,0.0,8
campbell,24,W,61,Physical,392.0,16
campbell,24,W,65,Digital,1350.0,833
campbell,24,W,65,Physical,26750.31,250
campbell,24,W,66,Digital,0.0,187
campbell,24,W,66,Physical,5405.0,61
campbell,24,W,69,Digital,0.0,2
campbell,24,W,69,Physical,119.98,2
campbell,24,W,70,Digital,0.0,445
campbell,24,W,70,Physical,25943.53,407
campbell,24,W,72,Digital,0.0,85
campbell,24,W,72,Physical,3292.16,56
campbell,24,W,75,Digital,0.0,2934
campbell,24,W,75,Physical,164732.92,3043
campbell,24,W,77,Digital,4173.95,212
campbell,24,W,77,Physical,10772.49,132
campbell,24,W,80,Digital,0.0,514
campbell,24,W,80,Physical,3812.0,182
campbell,24,W,89,Digital,0.0,959
campbell,24,W,89,Physical,65835.1,669
campbell,24,W,95,Digital,0.0,279
campbell,24,W,95,Physical,15276.52,104
ccis,22,A,88,Digital,4299.5005,50
ccis,22,A,88,Physical,7356.3,95
ccis,22,F,110,Digital,4471.36,91
ccis,22,F,110,Physical,950.76,36
ccis,22,F,117,Digital,0.0,16
ccis,22,F,15,Digital,63500.918,519
ccis,22,F,15,Physical,12216.99,187
ccis,22,F,2,Digital,8147.96,210
ccis,22,F,2,Physical,3085.7397,18
ccis,22,F,23,Digital,123.0,1
ccis,22,F,25,Digital,6443.32,117
ccis,22,F,25,Physical,16206.54,270
ccis,22,F,30,Digital,1534.84,30
ccis,22,F,30,Physical,2644.7,30
ccis,22,F,35,Digital,6459.44,68
ccis,22,F,37,Digital,1364.8301,530
ccis,22,F,37,Physical,9007.7295,354
ccis,22,F,38,Digital,0.0,135
ccis,22,F,38,Physical,10517.57,180
ccis,22,F,39,Digital,0.0,8
ccis,22,F,39,Physical,2011.3601,40
ccis,22,F,40,Digital,206.25,1
ccis,22,F,40,Physical,7405.56,54
ccis,22,F,43,Digital,5477.63,64
ccis,22,F,43,Physical,7926.57,73
ccis,22,F,5,Digital,1279.84,16
ccis,22,F,50,Digital,0.0,53
ccis,22,F,50,Physical,16081.26,291
ccis,22,F,51,Digital,3120.0,34
ccis,22,F,57,Digital,6708.0103,49
ccis,22,F,59,Digital,1575.58,26
ccis,22,F,6,Digital,4298.73,137
ccis,22,F,6,Physical,2954.71,94
ccis,22,F,60,Digital,3704.6099,39
ccis,22,F,70,Digital,3721.98,276
ccis,22,F,70,Physical,2161.07,90
ccis,22,F,72,Digital,413.91,33
ccis,22,F,72,Physical,1625.25,39
ccis,22,F,80,Digital,9822.87,131
ccis,22,F,80,Physical,15389.51,189
ccis,22,F,82,Digital,14074.02,159
ccis,22,F,82,Physical,6382.64,121
ccis,22,F,83,Digital,4154.85,28
ccis,22,F,83,Physical,2171.13,19
ccis,22,F,86,Digital,3651.4402,35
ccis,22,F,86,Physical,958.82,29
ccis,22,F,88,Digital,8511.36,582
ccis,22,F,88,Physical,15098.029,306
ccis,22,F,89,Digital,887.5,10
ccis,22,F,89,Physical,624.0,6
ccis,22,F,90,Digital,735.0,76
ccis,22,F,90,Physical,1380.61,91
ccis,22,F,91,Physical,166.4,1
ccis,22,F,92,Physical,14752.47,51
ccis,22,F,93,Digital,1247.94,51
ccis,22,F,93,Physical,1525.28,13
ccis,22,F,95,Digital,16604.64,173
ccis,22,F,95,Physical,157.13,1
ccis,22,W,102,Digital,629.93,7
ccis,22,W,110,Digital,3288.67,142
ccis,22,W,110,Physical,1860.27,22
ccis,22,W,117,Physical,3602.8203,13
ccis,22,W,125,Digital,0.0,2
ccis,22,W,125,Physical,264.68,6
ccis,22,W,15,Digital,31651.12,513
ccis,22,W,15,Physical,38519.258,296
ccis,22,W,2,Digital,3790.8499,95
ccis,22,W,2,Physical,1695.01,13
ccis,22,W,23,Digital,449.94998,5
ccis,22,W,25,Digital,5407.28,108
ccis,22,W,25,Physical,1976.15,114
ccis,22,W,30,Digital,1153.89,13
ccis,22,W,30,Physical,1682.81,25
ccis,22,W,35,Digital,5208.64,71
ccis,22,W,37,Digital,0.0,51
ccis,22,W,37,Physical,458.83,17
ccis,22,W,38,Digital,2069.77,29
ccis,22,W,38,Physical,2830.18,72
ccis,22,W,40,Digital,244.98999,2
ccis,22,W,40,Physical,7679.84,56
ccis,22,W,43,Digital,3579.6099,53
ccis,22,W,43,Physical,1217.34,24
ccis,22,W,5,Digital,2618.73,72
ccis,22,W,5,Physical,144.0,9
ccis,22,W,50,Digital,639.92,48
ccis,22,W,50,Physical,8706.1,134
ccis,22,W,51,Digital,3587.82,34
ccis,22,W,51,Physical,920.13,6
ccis,22,W,57,Digital,2773.7,62
ccis,22,W,57,Physical,1601.65,22
ccis,22,W,58,Digital,355.96,4
ccis,22,W,59,Digital,0.0,27
ccis,22,W,59,Physical,1800.0,13
ccis,22,W,6,Digital,2852.66,72
ccis,22,W,6,Physical,526.08,64
ccis,22,W,60,Digital,4084.5698,43
ccis,22,W,70,Digital,1791.05,193
ccis,22,W,70,Physical,1306.83,52
ccis,22,W,72,Digital,292.0,37
ccis,22,W,72,Physical,5004.48,48
ccis,22,W,80,Digital,9084.33,121
ccis,22,W,80,Physical,4208.51,79
ccis,22,W,82,Digital,13692.58,155
ccis,22,W,82,Physical,3839.85,115
ccis,22,W,83,Digital,5039.71,65
ccis,22,W,83,Physical,2952.04,26
ccis,22,W,86,Digital,2915.52,39
ccis,22,W,86,Physical,1970.69,34
ccis,22,W,88,Digital,7439.2803,246
ccis,22,W,88,Physical,10484.55,233
ccis,22,W,90,Digital,490.0,53
ccis,22,W,90,Physical,3183.64,93
ccis,22,W,92,Digital,0.0,32
ccis,22,W,92,Physical,9224.16,32
ccis,22,W,93,Digital,3207.92,101
ccis,22,W,93,Physical,2180.0,17
ccis,22,W,95,Digital,9869.149,156
ccis,22,W,95,Physical,6366.2397,40
ccis,23,A,88,Digital,1079.9,10
ccis,23,A,88,Physical,3442.47,33
ccis,23,F,102,Digital,269.97,3
ccis,23,F,110,Digital,5818.73,144
ccis,23,F,110,Physical,330.04,2
ccis,23,F,15,Digital,80256.92,1129
ccis,23,F,15,Physical,25337.82,323
ccis,23,F,2,Digital,21955.65,192
ccis,23,F,2,Physical,1980.0,12
ccis,23,F,25,Digital,334.94998,129
ccis,23,F,25,Physical,25681.139,339
ccis,23,F,30,Digital,359.94,6
ccis,23,F,30,Physical,4427.6396,44
ccis,23,F,35,Digital,5335.64,80
ccis,23,F,35,Physical,0.0,8
ccis,23,F,36,Digital,1329.86,14
ccis,23,F,37,Digital,939.8,502
ccis,23,F,37,Physical,11809.649,496
ccis,23,F,38,Digital,6111.18,182
ccis,23,F,38,Physical,11709.88,62
ccis,23,F,39,Digital,0.0,35
ccis,23,F,39,Physical,1703.22,29
ccis,23,F,40,Digital,98.75,3
ccis,23,F,40,Physical,12479.74,91
ccis,23,F,43,Digital,5979.4,120
ccis,23,F,43,Physical,3014.48,32
ccis,23,F,5,Digital,3986.27,68
ccis,23,F,5,Physical,455.94,6
ccis,23,F,50,Digital,1375.84,138
ccis,23,F,50,Physical,18742.01,331
ccis,23,F,51,Digital,1927.92,20
ccis,23,F,51,Physical,423.08,9
ccis,23,F,57,Digital,8295.0,180
ccis,23,F,57,Physical,7953.84,72
ccis,23,F,59,Digital,2242.45,173
ccis,23,F,59,Physical,2423.2,24
ccis,23,F,6,Digital,1798.9,123
ccis,23,F,6,Physical,2526.36,126
ccis,23,F,60,Digital,4369.54,46
ccis,23,F,70,Digital,6575.7603,385
ccis,23,F,70,Physical,3945.75,89
ccis,23,F,72,Digital,1349.85,25
ccis,23,F,72,Physical,200.0,2
ccis,23,F,80,Digital,29264.39,490
ccis,23,F,80,Physical,6214.04,96
ccis,23,F,82,Digital,16513.28,223
ccis,23,F,82,Physical,11705.66,128
ccis,23,F,83,Digital,664.93,21
ccis,23,F,83,Physical,1599.7799,14
ccis,23,F,86,Digital,6871.46,68
ccis,23,F,86,Physical,2443.86,47
ccis,23,F,88,Digital,10893.92,782
ccis,23,F,88,Physical,14655.2295,202
ccis,23,F,89,Digital,532.5,6
ccis,23,F,89,Physical,416.0,4
ccis,23,F,90,Digital,0.0,12
ccis,23,F,90,Physical,5397.3,144
ccis,23,F,92,Physical,15431.91,53
ccis,23,F,93,Digital,2649.75,91
ccis,23,F,93,Physical,219.25,8
ccis,23,F,95,Digital,11361.15,144
ccis,23,F,95,Physical,11140.92,98
ccis,23,W,102,Digital,449.94998,5
ccis,23,W,110,Digital,2707.0898,39
ccis,23,W,110,Physical,1257.1901,11
ccis,23,W,117,Physical,4988.5205,18
ccis,23,W,125,Physical,228.58,2
ccis,23,W,15,Digital,30474.67,254
ccis,23,W,15,Physical,31769.35,266
ccis,23,W,2,Digital,5919.83,105
ccis,23,W,2,Physical,3604.71,34
ccis,23,W,23,Digital,359.96,4
ccis,23,W,25,Digital,3074.7,56
ccis,23,W,25,Physical,3049.89,180
ccis,23,W,30,Digital,189.98,22
ccis,23,W,30,Physical,2489.27,55
ccis,23,W,35,Digital,4919.43,62
ccis,23,W,35,Physical,0.0,8
ccis,23,W,37,Digital,0.0,73
ccis,23,W,37,Physical,2205.1301,79
ccis,23,W,38,Digital,483.89,57
ccis,23,W,38,Physical,14108.0,137
ccis,23,W,39,Physical,663.69995,10
ccis,23,W,40,Physical,8914.1,65
ccis,23,W,43,Digital,2296.68,49
ccis,23,W,43,Physical,2367.71,50
ccis,23,W,5,Digital,3464.78,44
ccis,23,W,50,Digital,1949.6101,95
ccis,23,W,50,Physical,7966.0,211
ccis,23,W,51,Digital,2030.59,18
ccis,23,W,51,Physical,182.9,7
ccis,23,W,57,Digital,6096.25,54
ccis,23,W,57,Physical,0.0,18
ccis,23,W,59,Digital,0.0,6
ccis,23,W,59,Physical,1299.35,13
ccis,23,W,6,Digital,3739.75,87
ccis,23,W,6,Physical,789.12,64
ccis,23,W,60,Digital,3704.6099,39
ccis,23,W,70,Digital,3261.31,175
ccis,23,W,70,Physical,4659.86,113
ccis,23,W,71,Digital,0.0,4
ccis,23,W,71,Physical,89.8,4
ccis,23,W,72,Digital,210.0,20
ccis,23,W,72,Physical,403.52,2
ccis,23,W,80,Digital,9524.25,124
ccis,23,W,80,Physical,8369.21,139
ccis,23,W,82,Digital,13212.36,133
ccis,23,W,82,Physical,8323.6,102
ccis,23,W,83,Digital,5277.36,60
ccis,23,W,83,Physical,2952.04,26
ccis,23,W,86,Digital,4204.6,40
ccis,23,W,86,Physical,760.70996,31
ccis,23,W,88,Digital,8968.1,251
ccis,23,W,88,Physical,12198.63,257
ccis,23,W,90,Digital,196.0,13
ccis,23,W,90,Physical,1460.67,93
ccis,23,W,92,Physical,13259.7295,46
ccis,23,W,93,Digital,2570.3,49
ccis,23,W,93,Physical,970.32996,12
ccis,23,W,95,Digital,2171.07,38
ccis,24,A,88,Digital,1835.83,157
ccis,24,A,88,Physical,1485.51,13
ccis,24,F,110,Digital,7387.55,276
ccis,24,F,110,Physical,690.81995,12
ccis,24,F,117,Physical,3618.62,17
ccis,24,F,125,Digital,0.0,3
ccis,24,F,125,Physical,76.99,1
ccis,24,F,15,Digital,52840.91,925
ccis,24,F,15,Physical,17668.12,257
ccis,24,F,2,Digital,26119.44,171
ccis,24,F,2,Physical,3727.79,34
ccis,24,F,23,Digital,615.0,5
ccis,24,F,25,Digital,2255.66,135
ccis,24,F,25,Physical,26380.15,362
ccis,24,F,30,Digital,593.94,6
ccis,24,F,30,Physical,3610.14,34
ccis,24,F,35,Digital,2633.75,55
ccis,24,F,35,Physical,712.32,22
ccis,24,F,36,Digital,3179.67,84
ccis,24,F,36,Physical,3660.7998,19
ccis,24,F,37,Digital,713.17,1080
ccis,24,F,37,Physical,10461.73,383
ccis,24,F,38,Digital,5195.81,316
ccis,24,F,38,Physical,6297.5,63
ccis,24,F,39,Physical,129.32,2
ccis,24,F,40,Physical,11155.59,86
ccis,24,F,43,Digital,9218.67,203
ccis,24,F,43,Physical,4460.51,44
ccis,24,F,5,Digital,2700.74,114
ccis,24,F,5,Physical,1371.08,32
ccis,24,F,50,Digital,1789.75,267
ccis,24,F,50,Physical,19251.93,310
ccis,24,F,51,Digital,2986.58,44
ccis,24,F,51,Physical,267.6,8
ccis,24,F,57,Digital,15881.03,193
ccis,24,F,57,Physical,1975.7001,10
ccis,24,F,58,Digital,0.0,1
ccis,24,F,58,Physical,192.86,1
ccis,24,F,59,Digital,1077.9299,14
ccis,24,F,59,Physical,0.0,10
ccis,24,F,6,Digital,3831.26,307
ccis,24,F,6,Physical,3271.86,114
ccis,24,F,60,Digital,4749.5,50
ccis,24,F,70,Digital,3972.0999,328
ccis,24,F,70,Physical,7064.75,150
ccis,24,F,72,Digital,530.55,36
ccis,24,F,72,Physical,300.0,3
ccis,24,F,80,Digital,14632.35,347
ccis,24,F,80,Physical,20369.209,205
ccis,24,F,82,Digital,42529.1,614
ccis,24,F,82,Physical,22645.83,147
ccis,24,F,83,Digital,7003.62,245
ccis,24,F,83,Physical,2908.3198,25
ccis,24,F,86,Digital,3588.57,49
ccis,24,F,86,Physical,1122.37,18
ccis,24,F,88,Digital,15364.119,767
ccis,24,F,88,Physical,8741.72,145
ccis,24,F,89,Digital,532.5,20
ccis,24,F,89,Physical,208.0,2
ccis,24,F,90,Digital,490.0,68
ccis,24,F,90,Physical,1807.6799,64
ccis,24,F,92,Digital,0.0,17
ccis,24,F,92,Physical,10037.46,35
ccis,24,F,93,Digital,1983.5801,120
ccis,24,F,93,Physical,894.4,10
ccis,24,F,95,Digital,10301.899,258
ccis,24,F,95,Physical,15713.64,142
ccis,24,W,110,Digital,8033.67,357
ccis,24,W,110,Physical,2256.18,21
ccis,24,W,125,Digital,0.0,2
ccis,24,W,125,Physical,258.84,5
ccis,24,W,15,Digital,27511.879,444
ccis,24,W,15,Physical,48724.91,477
ccis,24,W,2,Digital,27798.42,188
ccis,24,W,23,Digital,1349.85,15
ccis,24,W,25,Digital,7401.8496,116
ccis,24,W,25,Physical,17331.39,256
ccis,24,W,30,Digital,1139.88,24
ccis,24,W,30,Physical,2524.78,26
ccis,24,W,35,Digital,7142.36,217
ccis,24,W,35,Physical,0.0,9
ccis,24,W,36,Digital,2589.68,55
ccis,24,W,36,Physical,0.0,8
ccis,24,W,37,Digital,0.0,80
ccis,24,W,37,Physical,1744.86,44
ccis,24,W,38,Digital,6100.89,315
ccis,24,W,38,Physical,17356.93,104
ccis,24,W,39,Digital,0.0,24
ccis,24,W,39,Physical,1456.2,18
ccis,24,W,40,Digital,13287.119,96
ccis,24,W,43,Digital,5806.53,199
ccis,24,W,43,Physical,2185.89,42
ccis,24,W,5,Digital,2844.0,112
ccis,24,W,5,Physical,1298.24,32
ccis,24,W,50,Digital,1448.64,244
ccis,24,W,50,Physical,10564.4,288
ccis,24,W,51,Digital,3276.6602,35
ccis,24,W,51,Physical,743.38,12
ccis,24,W,57,Digital,5495.0,418
ccis,24,W,57,Physical,0.0,39
ccis,24,W,58,Digital,0.0,9
ccis,24,W,58,Physical,1735.74,9
ccis,24,W,59,Digital,986.88995,109
ccis,24,W,59,Physical,6349.1,54
ccis,24,W,6,Digital,4908.62,256
ccis,24,W,6,Physical,1031.4,65
ccis,24,W,60,Digital,5319.44,56
ccis,24,W,70,Digital,5670.3604,417
ccis,24,W,70,Physical,10953.74,217
ccis,24,W,72,Digital,1536.7,66
ccis,24,W,80,Digital,25559.6,501
ccis,24,W,80,Physical,4274.76,120
ccis,24,W,82,Digital,47699.41,1124
ccis,24,W,82,Physical,10068.08,86
ccis,24,W,83,Digital,8851.57,312
ccis,24,W,83,Physical,0.0,11
ccis,24,W,86,Digital,5501.54,59
ccis,24,W,86,Physical,3594.44,72
ccis,24,W,88,Digital,12822.74,982
ccis,24,W,88,Physical,6056.4897,131
ccis,24,W,90,Digital,1127.0,163
ccis,24,W,90,Physical,4293.3,164
ccis,24,W,92,Digital,0.0,22
ccis,24,W,92,Physical,12446.43,43
ccis,24,W,93,Digital,1707.95,125
ccis,24,W,93,Physical,1744.76,20
ccis,24,W,95,Digital,8463.16,265
ccis,24,W,95,Physical,16769.22,145
daemen,22,A,105,Digital,0.0,24
daemen,22,A,105,Physical,0.0,6
daemen,22,A,125,Digital,0.0,60
daemen,22,A,125,Physical,0.0,54
daemen,22,A,15,Digital,0.0,9
daemen,22,A,15,Physical,0.0,5
daemen,22,A,165,Digital,0.0,84
daemen,22,A,165,Physical,0.0,84
daemen,22,A,175,Digital,0.0,35
daemen,22,A,175,Physical,0.0,15
daemen,22,A,375,Physical,0.0,29
daemen,22,A,415,Digital,0.0,121
daemen,22,A,415,Physical,0.0,94
daemen,22,A,505,Digital,0.0,13
daemen,22,A,505,Physical,0.0,5
daemen,22,A,535,Digital,0.0,73
daemen,22,A,535,Physical,0.0,86
daemen,22,A,615,Digital,0.0,24
daemen,22,A,615,Physical,0.0,10
daemen,22,A,625,Digital,0.0,168
daemen,22,A,625,Physical,0.0,42
daemen,22,A,665,Digital,0.0,16
daemen,22,A,665,Physical,0.0,4
daemen,22,A,695,Digital,0.0,24
daemen,22,A,695,Physical,0.0,12
daemen,22,F,105,Digital,3299.7603,317
daemen,22,F,105,Physical,5940.81,223
daemen,22,F,125,Digital,3024.78,1600
daemen,22,F,125,Physical,32560.41,882
daemen,22,F,135,Digital,0.0,45
daemen,22,F,135,Physical,1919.85,15
daemen,22,F,15,Digital,0.0,20
daemen,22,F,15,Physical,1430.36,8
daemen,22,F,165,Digital,0.0,851
daemen,22,F,165,Physical,0.0,558
daemen,22,F,175,Digital,0.0,894
daemen,22,F,175,Physical,25982.04,428
daemen,22,F,185,Digital,0.0,21
daemen,22,F,185,Physical,1486.51,13
daemen,22,F,215,Digital,0.0,67
daemen,22,F,215,Physical,0.0,67
daemen,22,F,225,Digital,0.0,58
daemen,22,F,225,Physical,3615.66,34
daemen,22,F,235,Digital,0.0,66
daemen,22,F,235,Physical,2541.34,55
daemen,22,F,25,Digital,0.0,52
daemen,22,F,25,Physical,14986.86,75
daemen,22,F,255,Digital,0.0,64
daemen,22,F,255,Physical,4303.84,32
daemen,22,F,265,Digital,0.0,20
daemen,22,F,265,Physical,8928.8,94
daemen,22,F,295,Digital,0.0,52
daemen,22,F,295,Physical,0.0,10
daemen,22,F,325,Digital,0.0,2
daemen,22,F,325,Physical,4238.67,39
daemen,22,F,355,Digital,0.0,50
daemen,22,F,355,Physical,666.3,20
daemen,22,F,365,Digital,0.0,256
daemen,22,F,365,Physical,33603.51,309
daemen,22,F,375,Digital,0.0,10
daemen,22,F,375,Physical,170.9,10
daemen,22,F,395,Digital,0.0,565
daemen,22,F,395,Physical,20112.66,491
daemen,22,F,405,Digital,0.0,245
daemen,22,F,405,Physical,8924.79,243
daemen,22,F,415,Digital,0.0,186
daemen,22,F,415,Physical,432.0,156
daemen,22,F,435,Digital,0.0,213
daemen,22,F,435,Physical,11812.99,584
daemen,22,F,45,Physical,1326.0,39
daemen,22,F,455,Digital,0.0,20
daemen,22,F,455,Physical,13955.971,114
daemen,22,F,465,Digital,0.0,56
daemen,22,F,465,Physical,3093.8,28
daemen,22,F,475,Digital,0.0,106
daemen,22,F,475,Physical,10265.55,61
daemen,22,F,485,Physical,9428.649,55
daemen,22,F,495,Digital,0.0,45
daemen,22,F,495,Physical,12226.31,84
daemen,22,F,505,Digital,639.98,335
daemen,22,F,505,Physical,23956.16,133
daemen,22,F,525,Digital,0.0,212
daemen,22,F,525,Physical,4395.64,67
daemen,22,F,535,Digital,0.0,704
daemen,22,F,535,Physical,54603.88,1121
daemen,22,F,545,Digital,0.0,103
daemen,22,F,545,Physical,18677.57,185
daemen,22,F,555,Physical,1213.7,286
daemen,22,F,565,Digital,0.0,69
daemen,22,F,565,Physical,3311.71,29
daemen,22,F,575,Digital,0.0,39
daemen,22,F,575,Physical,1480.0499,26
daemen,22,F,585,Digital,0.0,93
daemen,22,F,595,Digital,0.0,44
daemen,22,F,595,Physical,2013.0,11
daemen,22,F,605,Digital,0.0,592
daemen,22,F,605,Physical,34036.94,341
daemen,22,F,615,Digital,20362.5,1002
daemen,22,F,615,Physical,42476.72,398
daemen,22,F,625,Digital,0.0,1998
daemen,22,F,625,Physical,171562.78,1775
daemen,22,F,635,Digital,0.0,54
daemen,22,F,635,Physical,2800.5,76
daemen,22,F,655,Physical,186.89,11
daemen,22,F,665,Digital,0.0,192
daemen,22,F,665,Physical,3580.78,67
daemen,22,F,675,Digital,0.0,178
daemen,22,F,675,Physical,35819.13,378
daemen,22,F,695,Digital,0.0,401
daemen,22,F,695,Physical,18053.73,183
daemen,22,F,705,Digital,0.0,127
daemen,22,F,705,Physical,1458.6,101
daemen,22,F,725,Digital,0.0,27
daemen,22,F,725,Physical,425.79,9
daemen,22,F,75,Digital,0.0,369
daemen,22,F,75,Physical,9281.859,169
daemen,22,F,90,Digital,0.0,32
daemen,22,F,90,Physical,1138.36,12
daemen,22,W,105,Digital,0.0,325
daemen,22,W,105,Physical,9842.38,206
daemen,22,W,115,Digital,0.0,108
daemen,22,W,115,Physical,1489.6,7
daemen,22,W,125,Digital,0.0,1409
daemen,22,W,125,Physical,31311.41,678
daemen,22,W,135,Digital,0.0,53
daemen,22,W,135,Physical,1274.46,35
daemen,22,W,15,Digital,0.0,52
daemen,22,W,15,Physical,2809.41,20
daemen,22,W,165,Digital,0.0,725
daemen,22,W,165,Physical,2388.48,463
daemen,22,W,175,Digital,0.0,706
daemen,22,W,175,Physical,17283.26,390
daemen,22,W,215,Digital,0.0,132
daemen,22,W,215,Physical,15161.82,117
daemen,22,W,235,Digital,0.0,176
daemen,22,W,235,Physical,9817.68,142
daemen,22,W,25,Digital,0.0,86
daemen,22,W,25,Physical,18570.96,97
daemen,22,W,265,Digital,0.0,22
daemen,22,W,265,Physical,10120.96,131
daemen,22,W,295,Digital,0.0,17
daemen,22,W,295,Physical,2913.97,28
daemen,22,W,325,Digital,0.0,19
daemen,22,W,325,Physical,4478.49,19
daemen,22,W,365,Digital,0.0,61
daemen,22,W,365,Physical,23512.76,267
daemen,22,W,375,Physical,6940.4,80
daemen,22,W,395,Digital,0.0,502
daemen,22,W,395,Physical,11726.14,341
daemen,22,W,405,Digital,0.0,261
daemen,22,W,405,Physical,14884.7,208
daemen,22,W,415,Digital,0.0,117
daemen,22,W,415,Physical,390.0,141
daemen,22,W,435,Digital,0.0,227
daemen,22,W,435,Physical,4595.9,260
daemen,22,W,445,Digital,0.0,28
daemen,22,W,445,Physical,2911.86,14
daemen,22,W,45,Physical,0.0,11
daemen,22,W,455,Digital,0.0,62
daemen,22,W,455,Physical,7758.84,36
daemen,22,W,465,Digital,0.0,44
daemen,22,W,465,Physical,3048.1,22
daemen,22,W,475,Digital,0.0,147
daemen,22,W,475,Physical,17810.1,130
daemen,22,W,485,Physical,7028.63,41
daemen,22,W,495,Digital,2199.84,16
daemen,22,W,495,Physical,19610.46,157
daemen,22,W,505,Digital,3487.5,337
daemen,22,W,505,Physical,52428.36,333
daemen,22,W,525,Digital,0.0,132
daemen,22,W,525,Physical,1813.35,33
daemen,22,W,535,Digital,0.0,725
daemen,22,W,535,Physical,37150.46,826
daemen,22,W,545,Digital,0.0,150
daemen,22,W,545,Physical,10756.09,110
daemen,22,W,555,Digital,0.0,883
daemen,22,W,555,Physical,13800.85,741
daemen,22,W,565,Digital,0.0,63
daemen,22,W,565,Physical,2654.56,42
daemen,22,W,575,Digital,0.0,85
daemen,22,W,575,Physical,1767.83,85
daemen,22,W,585,Digital,0.0,68
daemen,22,W,585,Physical,14570.36,68
daemen,22,W,605,Digital,322.98,213
daemen,22,W,605,Physical,21559.58,206
daemen,22,W,615,Digital,0.0,566
daemen,22,W,615,Physical,64838.41,416
daemen,22,W,625,Digital,0.0,886
daemen,22,W,625,Physical,84099.19,1167
daemen,22,W,635,Digital,0.0,150
daemen,22,W,635,Physical,4174.5,150
daemen,22,W,655,Digital,0.0,40
daemen,22,W,655,Physical,4669.85,35
daemen,22,W,665,Digital,0.0,192
daemen,22,W,665,Physical,3504.06,48
daemen,22,W,675,Digital,0.0,140
daemen,22,W,675,Physical,20293.92,132
daemen,22,W,695,Digital,0.0,384
daemen,22,W,695,Physical,18295.35,149
daemen,22,W,705,Digital,0.0,125
daemen,22,W,705,Physical,1239.25,75
daemen,22,W,725,Digital,0.0,38
daemen,22,W,725,Physical,1543.22,102
daemen,22,W,75,Digital,0.0,188
daemen,22,W,75,Physical,5053.13,115
daemen,22,W,90,Digital,0.0,91
daemen,22,W,90,Physical,3551.26,51
daemen,23,A,105,Digital,0.0,24
daemen,23,A,105,Physical,0.0,9
daemen,23,A,115,Digital,0.0,24
daemen,23,A,125,Digital,0.0,29
daemen,23,A,125,Physical,0.0,35
daemen,23,A,15,Digital,0.0,6
daemen,23,A,15,Physical,0.0,2
daemen,23,A,165,Digital,0.0,91
daemen,23,A,165,Physical,0.0,42
daemen,23,A,175,Digital,0.0,69
daemen,23,A,175,Physical,0.0,69
daemen,23,A,215,Digital,0.0,3
daemen,23,A,375,Physical,0.0,16
daemen,23,A,415,Digital,0.0,197
daemen,23,A,415,Physical,60.0,108
daemen,23,A,435,Physical,0.0,4
daemen,23,A,475,Digital,0.0,4
daemen,23,A,495,Digital,0.0,28
daemen,23,A,495,Physical,0.0,21
daemen,23,A,505,Digital,0.0,17
daemen,23,A,535,Digital,0.0,102
daemen,23,A,535,Physical,0.0,82
daemen,23,A,545,Digital,0.0,1
daemen,23,A,545,Physical,0.0,1
daemen,23,A,615,Digital,0.0,22
daemen,23,A,615,Physical,0.0,10
daemen,23,A,625,Digital,0.0,398
daemen,23,A,625,Physical,0.0,82
daemen,23,F,105,Digital,5362.1104,647
daemen,23,F,105,Physical,12362.36,318
daemen,23,F,115,Digital,0.0,45
daemen,23,F,125,Digital,4124.7,1225
daemen,23,F,125,Physical,36143.992,799
daemen,23,F,130,Digital,0.0,3
daemen,23,F,130,Physical,341.99,3
daemen,23,F,135,Digital,0.0,77
daemen,23,F,135,Physical,186.89,22
daemen,23,F,15,Physical,247.59,1
daemen,23,F,165,Digital,0.0,426
daemen,23,F,165,Physical,914.22003,498
daemen,23,F,175,Digital,0.0,737
daemen,23,F,175,Physical,21020.27,490
daemen,23,F,185,Digital,0.0,15
daemen,23,F,185,Physical,1352.0,5
daemen,23,F,215,Digital,0.0,129
daemen,23,F,215,Physical,27160.94,122
daemen,23,F,235,Digital,0.0,113
daemen,23,F,235,Physical,4621.16,86
daemen,23,F,25,Digital,0.0,163
daemen,23,F,25,Physical,23744.14,141
daemen,23,F,265,Digital,0.0,30
daemen,23,F,265,Physical,2726.25,102
daemen,23,F,295,Digital,0.0,42
daemen,23,F,295,Physical,3599.61,24
daemen,23,F,325,Physical,8108.76,44
daemen,23,F,355,Physical,554.56,16
daemen,23,F,365,Digital,1273.3999,426
daemen,23,F,365,Physical,26978.69,392
daemen,23,F,395,Digital,0.0,560
daemen,23,F,395,Physical,21465.29,475
daemen,23,F,405,Digital,0.0,599
daemen,23,F,405,Physical,13038.01,273
daemen,23,F,415,Digital,0.0,241
daemen,23,F,415,Physical,581.7,142
daemen,23,F,435,Digital,0.0,421
daemen,23,F,435,Physical,11082.68,532
daemen,23,F,45,Digital,0.0,36
daemen,23,F,45,Physical,0.0,12
daemen,23,F,455,Digital,624.75,88
daemen,23,F,455,Physical,13645.61,121
daemen,23,F,465,Digital,0.0,48
daemen,23,F,465,Physical,2874.6802,28
daemen,23,F,475,Digital,0.0,116
daemen,23,F,475,Physical,11939.5,82
daemen,23,F,485,Digital,0.0,119
daemen,23,F,485,Physical,27302.969,145
daemen,23,F,495,Digital,2112.5,114
daemen,23,F,495,Physical,10040.67,58
daemen,23,F,505,Digital,0.0,832
daemen,23,F,505,Physical,52460.02,392
daemen,23,F,525,Digital,0.0,60
daemen,23,F,525,Physical,1636.0,28
daemen,23,F,535,Digital,0.0,1082
daemen,23,F,535,Physical,41616.2,807
daemen,23,F,545,Digital,0.0,92
daemen,23,F,545,Physical,12283.99,122
daemen,23,F,555,Digital,0.0,73
daemen,23,F,555,Physical,0.0,283
daemen,23,F,565,Digital,0.0,76
daemen,23,F,565,Physical,7188.51,70
daemen,23,F,585,Digital,0.0,272
daemen,23,F,585,Physical,19284.3,90
daemen,23,F,605,Digital,1614.9,494
daemen,23,F,605,Physical,40971.76,464
daemen,23,F,615,Digital,0.0,865
daemen,23,F,615,Physical,73323.35,691
daemen,23,F,625,Digital,5489.3896,3280
daemen,23,F,625,Physical,144218.98,1471
daemen,23,F,635,Digital,0.0,31
daemen,23,F,635,Physical,2091.1802,65
daemen,23,F,655,Digital,0.0,54
daemen,23,F,655,Physical,805.99,34
daemen,23,F,665,Digital,0.0,119
daemen,23,F,665,Physical,5099.43,79
daemen,23,F,675,Digital,0.0,124
daemen,23,F,675,Physical,21415.39,144
daemen,23,F,695,Digital,0.0,220
daemen,23,F,695,Physical,12265.2,110
daemen,23,F,705,Digital,0.0,93
daemen,23,F,705,Physical,1071.98,93
daemen,23,F,725,Digital,0.0,20
daemen,23,F,725,Physical,283.86,6
daemen,23,F,75,Digital,0.0,435
daemen,23,F,75,Physical,8546.54,147
daemen,23,W,105,Digital,2199.84,412
daemen,23,W,105,Physical,12733.05,203
daemen,23,W,115,Digital,0.0,86
daemen,23,W,125,Digital,0.0,572
daemen,23,W,125,Physical,24858.951,430
daemen,23,W,135,Digital,0.0,21
daemen,23,W,135,Physical,268.67,17
daemen,23,W,15,Digital,0.0,33
daemen,23,W,15,Physical,2441.98,28
daemen,23,W,165,Digital,0.0,450
daemen,23,W,165,Physical,265.2,219
daemen,23,W,175,Digital,0.0,626
daemen,23,W,175,Physical,26710.51,490
daemen,23,W,185,Digital,0.0,24
daemen,23,W,185,Physical,1352.0,8
daemen,23,W,215,Digital,0.0,150
daemen,23,W,215,Physical,10713.5,50
daemen,23,W,225,Digital,0.0,3
daemen,23,W,225,Physical,126.69,3
daemen,23,W,235,Digital,0.0,18
daemen,23,W,235,Physical,332.55002,18
daemen,23,W,25,Digital,0.0,238
daemen,23,W,25,Physical,25293.16,126
daemen,23,W,255,Physical,288.83,17
daemen,23,W,265,Digital,0.0,38
daemen,23,W,265,Physical,3596.31,129
daemen,23,W,295,Digital,0.0,68
daemen,23,W,295,Physical,5827.94,34
daemen,23,W,325,Physical,2335.71,12
daemen,23,W,365,Digital,0.0,71
daemen,23,W,365,Physical,21129.11,266
daemen,23,W,375,Physical,6246.36,72
daemen,23,W,395,Digital,0.0,440
daemen,23,W,395,Physical,15475.0,239
daemen,23,W,405,Digital,0.0,606
daemen,23,W,405,Physical,20898.31,406
daemen,23,W,415,Digital,0.0,170
daemen,23,W,415,Physical,815.0,110
daemen,23,W,435,Digital,256.0,264
daemen,23,W,435,Physical,3953.87,212
daemen,23,W,45,Digital,0.0,3
daemen,23,W,45,Physical,0.0,1
daemen,23,W,455,Digital,0.0,303
daemen,23,W,455,Physical,18793.24,154
daemen,23,W,465,Digital,0.0,34
daemen,23,W,465,Physical,2355.35,17
daemen,23,W,475,Digital,0.0,98
daemen,23,W,475,Physical,7310.77,53
daemen,23,W,485,Physical,4457.1797,26
daemen,23,W,495,Digital,2749.8,133
daemen,23,W,495,Physical,12851.62,88
daemen,23,W,505,Digital,0.0,549
daemen,23,W,505,Physical,33363.95,245
daemen,23,W,525,Digital,0.0,88
daemen,23,W,525,Physical,3878.92,59
daemen,23,W,535,Digital,0.0,1315
daemen,23,W,535,Physical,30169.68,671
daemen,23,W,545,Digital,0.0,160
daemen,23,W,545,Physical,11394.1,115
daemen,23,W,555,Digital,0.0,413
daemen,23,W,555,Physical,18861.2,492
daemen,23,W,575,Digital,0.0,16
daemen,23,W,575,Physical,1199.2,48
daemen,23,W,585,Digital,0.0,148
daemen,23,W,585,Physical,15855.98,74
daemen,23,W,595,Digital,0.0,9
daemen,23,W,595,Physical,230.97,3
daemen,23,W,605,Digital,1561.0701,293
daemen,23,W,605,Physical,20471.33,171
daemen,23,W,615,Digital,0.0,640
daemen,23,W,615,Physical,42569.54,263
daemen,23,W,625,Digital,0.0,3087
daemen,23,W,625,Physical,89128.65,1237
daemen,23,W,635,Digital,0.0,38
daemen,23,W,635,Physical,1628.41,45
daemen,23,W,655,Digital,0.0,89
daemen,23,W,655,Physical,3271.1,57
daemen,23,W,665,Digital,0.0,82
daemen,23,W,665,Physical,3381.8,63
daemen,23,W,675,Digital,0.0,246
daemen,23,W,675,Physical,24395.65,228
daemen,23,W,695,Digital,0.0,357
daemen,23,W,695,Physical,14686.82,147
daemen,23,W,705,Digital,0.0,69
daemen,23,W,705,Physical,784.99,46
daemen,23,W,725,Digital,0.0,114
daemen,23,W,725,Physical,908.82,55
daemen,23,W,75,Digital,0.0,83
daemen,23,W,75,Physical,7241.55,62
daemen,23,W,90,Digital,0.0,56
daemen,23,W,90,Physical,1532.68,28
daemen,24,A,105,Digital,0.0,30
daemen,24,A,105,Physical,0.0,4
daemen,24,A,115,Digital,0.0,8
daemen,24,A,125,Digital,0.0,32
daemen,24,A,125,Physical,0.0,25
daemen,24,A,165,Physical,0.0,25
daemen,24,A,175,Digital,0.0,5
daemen,24,A,175,Physical,0.0,3
daemen,24,A,215,Digital,0.0,4
daemen,24,A,375,Physical,0.0,19
daemen,24,A,415,Digital,0.0,213
daemen,24,A,415,Physical,0.0,120
daemen,24,A,455,Digital,0.0,36
daemen,24,A,495,Digital,0.0,3
daemen,24,A,495,Physical,0.0,1
daemen,24,A,505,Digital,0.0,26
daemen,24,A,535,Digital,0.0,48
daemen,24,A,535,Physical,0.0,52
daemen,24,A,615,Digital,0.0,3
daemen,24,A,615,Physical,0.0,6
daemen,24,A,625,Digital,0.0,201
daemen,24,A,625,Physical,0.0,19
daemen,24,A,655,Digital,0.0,30
daemen,24,A,655,Physical,0.0,10
daemen,24,F,105,Digital,0.0,796
daemen,24,F,105,Physical,7334.0,280
daemen,24,F,125,Digital,3544.2,1411
daemen,24,F,125,Physical,58220.09,998
daemen,24,F,15,Digital,0.0,16
daemen,24,F,15,Physical,3961.44,16
daemen,24,F,165,Digital,0.0,37
daemen,24,F,165,Physical,906.83997,507
daemen,24,F,175,Digital,0.0,473
daemen,24,F,175,Physical,18541.53,343
daemen,24,F,180,Physical,0.0,21
daemen,24,F,215,Digital,0.0,204
daemen,24,F,215,Physical,21855.541,102
daemen,24,F,225,Digital,0.0,21
daemen,24,F,225,Physical,831.88,7
daemen,24,F,235,Digital,0.0,60
daemen,24,F,235,Physical,2961.1902,84
daemen,24,F,25,Digital,0.0,93
daemen,24,F,25,Physical,16314.34,99
daemen,24,F,255,Digital,0.0,54
daemen,24,F,255,Physical,4500.0,18
daemen,24,F,265,Digital,0.0,30
daemen,24,F,265,Physical,1927.85,70
daemen,24,F,295,Digital,0.0,70
daemen,24,F,295,Physical,5999.35,49
daemen,24,F,355,Physical,277.28,8
daemen,24,F,365,Digital,0.0,269
daemen,24,F,365,Physical,25117.14,351
daemen,24,F,395,Digital,0.0,426
daemen,24,F,395,Physical,16914.84,255
daemen,24,F,405,Digital,0.0,312
daemen,24,F,405,Physical,7883.98,116
daemen,24,F,415,Digital,0.0,253
daemen,24,F,415,Physical,436.75,128
daemen,24,F,435,Digital,0.0,664
daemen,24,F,435,Physical,11333.17,568
daemen,24,F,45,Digital,0.0,27
daemen,24,F,45,Physical,0.0,9
daemen,24,F,455,Digital,0.0,108
daemen,24,F,455,Physical,33018.07,263
daemen,24,F,465,Digital,0.0,45
daemen,24,F,465,Physical,899.85004,15
daemen,24,F,475,Physical,11601.22,105
daemen,24,F,485,Physical,12000.1,70
daemen,24,F,495,Digital,0.0,118
daemen,24,F,495,Physical,17320.29,84
daemen,24,F,505,Digital,0.0,419
daemen,24,F,505,Physical,56484.35,383
daemen,24,F,525,Digital,0.0,78
daemen,24,F,525,Physical,2799.6,26
daemen,24,F,535,Digital,0.0,905
daemen,24,F,535,Physical,34146.29,526
daemen,24,F,545,Digital,0.0,103
daemen,24,F,545,Physical,17506.96,163
daemen,24,F,555,Digital,0.0,235
daemen,24,F,555,Physical,20580.01,586
daemen,24,F,565,Digital,0.0,55
daemen,24,F,565,Physical,4859.48,42
daemen,24,F,575,Digital,0.0,269
daemen,24,F,575,Physical,3955.6,128
daemen,24,F,585,Physical,11141.52,78
daemen,24,F,595,Digital,0.0,12
daemen,24,F,595,Physical,1098.0,6
daemen,24,F,605,Digital,1553.5801,884
daemen,24,F,605,Physical,47794.527,418
daemen,24,F,615,Digital,0.0,910
daemen,24,F,615,Physical,54153.5,473
daemen,24,F,625,Digital,0.0,2863
daemen,24,F,625,Physical,141682.5,1294
daemen,24,F,635,Digital,0.0,120
daemen,24,F,635,Physical,2684.1,80
daemen,24,F,655,Digital,0.0,59
daemen,24,F,655,Physical,2896.1,82
daemen,24,F,665,Digital,0.0,194
daemen,24,F,665,Physical,9235.3,60
daemen,24,F,675,Digital,0.0,103
daemen,24,F,675,Physical,16570.51,106
daemen,24,F,685,Digital,0.0,21
daemen,24,F,685,Physical,146.65001,7
daemen,24,F,695,Digital,0.0,286
daemen,24,F,695,Physical,16161.76,129
daemen,24,F,725,Digital,0.0,81
daemen,24,F,725,Physical,1268.46,27
daemen,24,F,75,Digital,152.91,313
daemen,24,F,75,Physical,3665.75,149
daemen,24,W,105,Digital,0.0,508
daemen,24,W,105,Physical,11095.89,227
daemen,24,W,115,Digital,0.0,72
daemen,24,W,115,Physical,5114.2,20
daemen,24,W,125,Digital,0.0,709
daemen,24,W,125,Physical,38072.8,649
daemen,24,W,130,Digital,0.0,66
daemen,24,W,130,Physical,897.87,12
daemen,24,W,135,Digital,0.0,24
daemen,24,W,135,Physical,382.36,19
daemen,24,W,165,Digital,0.0,297
daemen,24,W,165,Physical,865.28,194
daemen,24,W,175,Digital,0.0,441
daemen,24,W,175,Physical,12469.54,303
daemen,24,W,215,Digital,0.0,132
daemen,24,W,215,Physical,14141.82,66
daemen,24,W,225,Digital,0.0,9
daemen,24,W,225,Physical,296.55002,9
daemen,24,W,235,Digital,0.0,38
daemen,24,W,235,Physical,1743.32,16
daemen,24,W,25,Digital,0.0,133
daemen,24,W,25,Physical,14380.39,85
daemen,24,W,255,Physical,814.19995,6
daemen,24,W,265,Digital,0.0,30
daemen,24,W,265,Physical,2352.0,87
daemen,24,W,295,Digital,0.0,43
daemen,24,W,295,Physical,5274.35,61
daemen,24,W,325,Physical,4791.54,26
daemen,24,W,365,Digital,0.0,191
daemen,24,W,365,Physical,24754.7,255
daemen,24,W,375,Digital,0.0,3
daemen,24,W,375,Physical,10410.6,121
daemen,24,W,395,Digital,0.0,381
daemen,24,W,395,Physical,15306.09,234
daemen,24,W,405,Digital,0.0,612
daemen,24,W,405,Physical,20059.57,230
daemen,24,W,415,Digital,0.0,230
daemen,24,W,415,Physical,386.0,145
daemen,24,W,435,Digital,0.0,424
daemen,24,W,435,Physical,7205.45,373
daemen,24,W,445,Digital,0.0,46
daemen,24,W,445,Physical,4783.77,23
daemen,24,W,45,Digital,0.0,21
daemen,24,W,45,Physical,0.0,7
daemen,24,W,455,Digital,0.0,351
daemen,24,W,455,Physical,19879.95,114
daemen,24,W,465,Physical,1276.56,8
daemen,24,W,475,Digital,0.0,184
daemen,24,W,475,Physical,17976.71,87
daemen,24,W,485,Physical,4114.32,24
daemen,24,W,495,Digital,0.0,84
daemen,24,W,495,Physical,18298.84,116
daemen,24,W,505,Digital,284.97,630
daemen,24,W,505,Physical,39146.16,288
daemen,24,W,525,Digital,999.89996,138
daemen,24,W,525,Physical,3190.2002,39
daemen,24,W,535,Digital,0.0,1260
daemen,24,W,535,Physical,31767.79,649
daemen,24,W,545,Digital,0.0,133
daemen,24,W,545,Physical,9985.03,86
daemen,24,W,555,Digital,0.0,428
daemen,24,W,555,Physical,9349.6,367
daemen,24,W,565,Digital,0.0,9
daemen,24,W,565,Physical,591.06,25
daemen,24,W,575,Digital,0.0,120
daemen,24,W,575,Physical,4055.46,126
daemen,24,W,605,Digital,0.0,252
daemen,24,W,605,Physical,35151.09,331
daemen,24,W,615,Digital,506.87003,1034
daemen,24,W,615,Physical,46052.668,517
daemen,24,W,625,Digital,0.0,2843
daemen,24,W,625,Physical,81793.766,1091
daemen,24,W,635,Digital,0.0,58
daemen,24,W,635,Physical,1911.66,52
daemen,24,W,655,Digital,0.0,33
daemen,24,W,655,Physical,690.62,49
daemen,24,W,665,Digital,0.0,122
daemen,24,W,665,Physical,3658.82,114
daemen,24,W,675,Digital,0.0,113
daemen,24,W,675,Physical,16765.31,106
daemen,24,W,695,Digital,0.0,288
daemen,24,W,695,Physical,12153.2,112
daemen,24,W,705,Digital,0.0,140
daemen,24,W,705,Physical,995.95996,56
daemen,24,W,725,Digital,0.0,103
daemen,24,W,725,Physical,700.0,53
daemen,24,W,75,Digital,0.0,32
daemen,24,W,75,Physical,8235.5,50
eku,22,A,100,Digital,0.0,97
eku,22,A,100,Physical,28274.35,727
eku,22,A,122,Digital,0.0,39
eku,22,A,122,Physical,23038.59,530
eku,22,A,135,Physical,0.0,7
eku,22,A,14,Digital,0.0,18
eku,22,A,14,Physical,0.0,15
eku,22,A,140,Digital,0.0,39
eku,22,A,140,Physical,3314.6099,39
eku,22,A,145,Digital,0.0,71
eku,22,A,145,Physical,0.0,212
eku,22,A,146,Digital,0.0,44
eku,22,A,146,Physical,0.0,76
eku,22,A,148,Physical,400.0,20
eku,22,A,150,Digital,2638.72,86
eku,22,A,150,Physical,8271.78,78
eku,22,A,160,Digital,0.0,34
eku,22,A,160,Physical,2873.17,31
eku,22,A,162,Physical,3576.7998,179
eku,22,A,170,Digital,0.0,93
eku,22,A,170,Physical,1214.31,119
eku,22,A,175,Digital,11671.92,103
eku,22,A,175,Physical,5391.36,16
eku,22,A,180,Digital,0.0,8
eku,22,A,180,Physical,2111.72,48
eku,22,A,181,Digital,0.0,24
eku,22,A,181,Physical,0.0,54
eku,22,A,20,Physical,552.0,12
eku,22,A,200,Digital,0.0,33
eku,22,A,200,Physical,0.0,11
eku,22,A,205,Digital,0.0,35
eku,22,A,205,Physical,1100.1,164
eku,22,A,210,Physical,4885.17,23
eku,22,A,215,Digital,0.0,38
eku,22,A,215,Physical,2348.1,52
eku,22,A,220,Digital,0.0,24
eku,22,A,220,Physical,1247.9,34
eku,22,A,225,Physical,6672.59,185
eku,22,A,230,Digital,0.0,28
eku,22,A,230,Physical,11258.66,130
eku,22,A,238,Physical,0.0,52
eku,22,A,241,Digital,2840.25,147
eku,22,A,241,Physical,3634.95,66
eku,22,A,242,Digital,0.0,69
eku,22,A,242,Physical,1785.75,141
eku,22,A,255,Digital,0.0,47
eku,22,A,255,Physical,9440.42,94
eku,22,A,265,Digital,0.0,102
eku,22,A,280,Digital,1529.83,102
eku,22,A,280,Physical,46956.75,249
eku,22,A,285,Digital,0.0,12
eku,22,A,285,Physical,2250.0,24
eku,22,A,295,Digital,5243.85,86
eku,22,A,295,Physical,17531.88,379
eku,22,A,310,Physical,2040.0,51
eku,22,A,33,Digital,0.0,18
eku,22,A,33,Physical,863.96,22
eku,22,A,330,Digital,2751.25,217
eku,22,A,330,Physical,600.0,25
eku,22,A,335,Digital,0.0,37
eku,22,A,335,Physical,0.0,70
eku,22,A,336,Digital,0.0,247
eku,22,A,336,Physical,12322.49,118
eku,22,A,35,Digital,0.0,60
eku,22,A,35,Physical,3432.7998,106
eku,22,A,352,Digital,0.0,24
eku,22,A,352,Physical,4806.67,31
eku,22,A,360,Digital,0.0,38
eku,22,A,360,Physical,4070.94,38
eku,22,A,364,Physical,0.0,47
eku,22,A,368,Physical,9871.03,65
eku,22,A,38,Digital,0.0,60
eku,22,A,38,Physical,1380.0,60
eku,22,A,400,Digital,1156.87,13
eku,22,A,400,Physical,4364.88,32
eku,22,A,415,Physical,0.0,45
eku,22,A,423,Digital,0.0,66
eku,22,A,423,Physical,3770.91,66
eku,22,A,430,Digital,0.0,48
eku,22,A,430,Physical,6663.6,65
eku,22,A,440,Physical,12213.9,90
eku,22,A,447,Digital,3921.75,81
eku,22,A,447,Physical,4402.86,33
eku,22,A,45,Digital,0.0,188
eku,22,A,45,Physical,10070.22,188
eku,22,A,450,Digital,0.0,78
eku,22,A,450,Physical,14625.0,78
eku,22,A,452,Digital,0.0,20
eku,22,A,452,Physical,0.0,20
eku,22,A,459,Digital,0.0,87
eku,22,A,459,Physical,9941.489,87
eku,22,A,467,Physical,120.0,3
eku,22,A,470,Digital,0.0,19
eku,22,A,470,Physical,3224.4902,19
eku,22,A,475,Digital,0.0,1157
eku,22,A,475,Physical,9653.95,1327
eku,22,A,484,Digital,10247.6,498
eku,22,A,484,Physical,30651.8,277
eku,22,A,490,Digital,0.0,319
eku,22,A,490,Physical,0.0,550
eku,22,A,5,Digital,0.0,21
eku,22,A,5,Physical,11331.87,142
eku,22,A,50,Digital,0.0,26
eku,22,A,50,Physical,2969.4602,52
eku,22,A,505,Digital,0.0,20
eku,22,A,505,Physical,4809.27,143
eku,22,A,510,Digital,0.0,23
eku,22,A,510,Physical,20694.701,311
eku,22,A,520,Digital,6380.0,155
eku,22,A,520,Physical,3809.8,58
eku,22,A,530,Digital,5185.6,449
eku,22,A,530,Physical,25385.871,374
eku,22,A,535,Digital,6659.26,802
eku,22,A,535,Physical,45544.27,1152
eku,22,A,540,Digital,0.0,36
eku,22,A,550,Digital,0.0,60
eku,22,A,550,Physical,1841.56,20
eku,22,A,555,Physical,4256.6704,33
eku,22,A,557,Digital,0.0,23
eku,22,A,557,Physical,1281.33,23
eku,22,A,570,Digital,879.88995,123
eku,22,A,570,Physical,11532.25,180
eku,22,A,580,Digital,0.0,114
eku,22,A,580,Physical,15755.94,228
eku,22,A,587,Digital,0.0,204
eku,22,A,587,Physical,0.0,604
eku,22,A,590,Digital,0.0,14
eku,22,A,590,Physical,10655.24,104
eku,22,A,595,Digital,0.0,384
eku,22,A,595,Physical,28387.37,427
eku,22,A,60,Digital,1711.9199,56
eku,22,A,60,Physical,299.88,28
eku,22,A,623,Physical,137.13,6
eku,22,A,626,Physical,2600.04,94
eku,22,A,627,Digital,0.0,84
eku,22,A,627,Physical,1098.75,25
eku,22,A,67,Digital,0.0,63
eku,22,A,67,Physical,0.0,53
eku,22,A,70,Physical,6490.35,70
eku,22,A,75,Physical,298.35,13
eku,22,A,80,Digital,0.0,190
eku,22,A,80,Physical,39139.98,562
eku,22,A,88,Digital,0.0,195
eku,22,A,88,Physical,76608.28,771
eku,22,A,91,Physical,1071.45,15
eku,22,A,95,Digital,0.0,120
eku,22,A,95,Physical,3750.0,114
eku,22,F,100,Digital,0.0,155
eku,22,F,100,Physical,238235.3,3678
eku,22,F,102,Physical,1282.82,21
eku,22,F,110,Physical,8179.29,67
eku,22,F,12,Digital,0.0,12
eku,22,F,12,Physical,8695.439,80
eku,22,F,122,Digital,1839.7699,437
eku,22,F,122,Physical,136993.5,3090
eku,22,F,13,Digital,0.0,9
eku,22,F,13,Physical,2029.23,42
eku,22,F,135,Digital,0.0,90
eku,22,F,135,Physical,29021.83,213
eku,22,F,14,Digital,0.0,216
eku,22,F,14,Physical,27802.48,229
eku,22,F,140,Digital,0.0,109
eku,22,F,140,Physical,1889.65,74
eku,22,F,145,Digital,0.0,290
eku,22,F,145,Physical,0.0,482
eku,22,F,146,Digital,0.0,126
eku,22,F,146,Physical,0.0,175
eku,22,F,148,Physical,2100.0,105
eku,22,F,15,Physical,351.78,29
eku,22,F,150,Digital,4120.0,953
eku,22,F,150,Physical,156930.42,1574
eku,22,F,160,Digital,0.0,363
eku,22,F,160,Physical,66193.19,577
eku,22,F,162,Digital,0.0,150
eku,22,F,162,Physical,42812.82,397
eku,22,F,165,Physical,1344.0,14
eku,22,F,170,Digital,0.0,189
eku,22,F,170,Physical,4500.09,175
eku,22,F,175,Digital,0.0,481
eku,22,F,175,Physical,68581.336,804
eku,22,F,176,Digital,0.0,528
eku,22,F,176,Physical,24275.01,567
eku,22,F,180,Digital,0.0,615
eku,22,F,180,Physical,88589.74,796
eku,22,F,181,Physical,0.0,3
eku,22,F,182,Physical,6232.58,281
eku,22,F,183,Digital,0.0,69
eku,22,F,183,Physical,0.0,100
eku,22,F,185,Digital,1601.82,54
eku,22,F,190,Digital,0.0,41
eku,22,F,190,Physical,0.0,164
eku,22,F,20,Digital,0.0,127
eku,22,F,20,Physical,37853.09,288
eku,22,F,200,Digital,0.0,88
eku,22,F,200,Physical,10113.85,168
eku,22,F,205,Digital,0.0,506
eku,22,F,205,Physical,63410.86,847
eku,22,F,210,Digital,25939.62,639
eku,22,F,210,Physical,52791.23,863
eku,22,F,215,Digital,0.0,113
eku,22,F,215,Physical,5583.27,197
eku,22,F,220,Digital,0.0,64
eku,22,F,220,Physical,7237.29,137
eku,22,F,225,Digital,11198.6,180
eku,22,F,225,Physical,16944.58,421
eku,22,F,230,Digital,0.0,2224
eku,22,F,230,Physical,132854.73,2935
eku,22,F,237,Physical,442.0,78
eku,22,F,238,Digital,0.0,30
eku,22,F,238,Physical,0.0,71
eku,22,F,240,Physical,246.95,7
eku,22,F,241,Digital,7364.0,1558
eku,22,F,241,Physical,68983.29,1111
eku,22,F,242,Digital,0.0,158
eku,22,F,242,Physical,2285.76,318
eku,22,F,245,Physical,1717.85,43
eku,22,F,250,Digital,0.0,21
eku,22,F,250,Physical,2416.59,30
eku,22,F,255,Digital,0.0,251
eku,22,F,255,Physical,57294.92,618
eku,22,F,260,Physical,486.72,12
eku,22,F,262,Physical,254.85,6
eku,22,F,265,Digital,0.0,663
eku,22,F,265,Physical,21185.68,220
eku,22,F,270,Physical,5914.4,40
eku,22,F,275,Digital,0.0,52
eku,22,F,275,Physical,4758.0,26
eku,22,F,280,Digital,0.0,375
eku,22,F,280,Physical,339959.3,1485
eku,22,F,285,Digital,0.0,40
eku,22,F,285,Physical,7500.0,80
eku,22,F,295,Digital,0.0,378
eku,22,F,295,Physical,30746.7,422
eku,22,F,300,Digital,0.0,196
eku,22,F,300,Physical,1222.55,98
eku,22,F,302,Physical,3705.31,103
eku,22,F,305,Digital,18202.2,847
eku,22,F,305,Physical,20331.74,371
eku,22,F,310,Physical,46862.76,2010
eku,22,F,322,Physical,1079.85,30
eku,22,F,324,Physical,6397.3003,262
eku,22,F,33,Physical,18655.58,448
eku,22,F,330,Digital,0.0,1047
eku,22,F,330,Physical,83241.99,816
eku,22,F,335,Digital,10582.0,3205
eku,22,F,335,Physical,143764.39,2795
eku,22,F,336,Digital,3496.92,942
eku,22,F,336,Physical,62166.77,911
eku,22,F,345,Digital,0.0,138
eku,22,F,345,Physical,22242.61,1545
eku,22,F,35,Digital,0.0,550
eku,22,F,35,Physical,49944.7,603
eku,22,F,352,Digital,0.0,167
eku,22,F,352,Physical,18451.781,148
eku,22,F,355,Physical,11245.26,507
eku,22,F,357,Digital,2879.68,93
eku,22,F,357,Physical,0.0,61
eku,22,F,360,Physical,8093.69,363
eku,22,F,364,Digital,0.0,70
eku,22,F,364,Physical,0.0,120
eku,22,F,368,Digital,0.0,29
eku,22,F,368,Physical,56121.06,351
eku,22,F,38,Digital,0.0,93
eku,22,F,38,Physical,12107.75,560
eku,22,F,380,Digital,0.0,46
eku,22,F,380,Physical,5596.59,115
eku,22,F,390,Physical,6733.65,106
eku,22,F,395,Physical,5234.48,236
eku,22,F,400,Digital,4360.51,294
eku,22,F,400,Physical,85965.836,452
eku,22,F,412,Digital,0.0,2
eku,22,F,412,Physical,540.8,2
eku,22,F,415,Digital,0.0,373
eku,22,F,415,Physical,12310.649,760
eku,22,F,423,Digital,0.0,177
eku,22,F,43,Digital,4799.52,64
eku,22,F,430,Digital,87922.96,1504
eku,22,F,430,Physical,138778.56,1535
eku,22,F,432,Digital,0.0,371
eku,22,F,432,Physical,0.0,301
eku,22,F,440,Digital,0.0,281
eku,22,F,440,Physical,52689.85,468
eku,22,F,447,Digital,2344.91,243
eku,22,F,447,Physical,32454.41,414
eku,22,F,45,Digital,0.0,742
eku,22,F,45,Physical,0.0,742
eku,22,F,450,Digital,4518.61,360
eku,22,F,450,Physical,77927.62,796
eku,22,F,452,Digital,0.0,69
eku,22,F,452,Physical,968.72,68
eku,22,F,457,Physical,340.0,17
eku,22,F,458,Digital,0.0,8
eku,22,F,458,Physical,463.6,29
eku,22,F,459,Digital,3625.0,1201
eku,22,F,459,Physical,5760.0,178
eku,22,F,460,Digital,0.0,172
eku,22,F,460,Physical,81357.68,1073
eku,22,F,467,Digital,0.0,5
eku,22,F,467,Physical,6577.85,101
eku,22,F,470,Digital,0.0,1300
eku,22,F,470,Physical,111700.305,994
eku,22,F,475,Digital,22227.66,3494
eku,22,F,475,Physical,196298.4,3533
eku,22,F,477,Physical,0.0,12
eku,22,F,484,Digital,23350.35,1323
eku,22,F,484,Physical,106772.164,783
eku,22,F,490,Digital,0.0,1508
eku,22,F,490,Physical,117096.23,2075
eku,22,F,5,Digital,19787.74,269
eku,22,F,5,Physical,40329.48,401
eku,22,F,50,Digital,0.0,336
eku,22,F,50,Physical,40367.46,673
eku,22,F,505,Digital,5395.0,615
eku,22,F,505,Physical,58892.52,1535
eku,22,F,510,Digital,28910.0,205
eku,22,F,510,Physical,21681.55,752
eku,22,F,520,Digital,3053.0,941
eku,22,F,520,Physical,37378.52,284
eku,22,F,530,Digital,109.200005,257
eku,22,F,530,Physical,81985.56,1103
eku,22,F,535,Digital,5187.69,3684
eku,22,F,535,Physical,403767.78,8612
eku,22,F,540,Digital,5508.29,245
eku,22,F,540,Physical,16639.41,113
eku,22,F,55,Physical,7718.64,348
eku,22,F,550,Digital,1404.0,452
eku,22,F,550,Physical,26044.041,343
eku,22,F,555,Digital,5415.0,376
eku,22,F,555,Physical,32136.432,270
eku,22,F,557,Digital,0.0,34
eku,22,F,557,Physical,19571.13,269
eku,22,F,567,Physical,15858.7,715
eku,22,F,570,Digital,0.0,573
eku,22,F,570,Physical,35432.59,318
eku,22,F,571,Digital,800.0,4
eku,22,F,572,Physical,95.68,32
eku,22,F,575,Digital,2348.72,471
eku,22,F,575,Physical,42297.21,837
eku,22,F,580,Digital,0.0,367
eku,22,F,580,Physical,94494.84,1033
eku,22,F,587,Digital,0.0,361
eku,22,F,587,Physical,6098.4404,488
eku,22,F,590,Digital,52495.8,635
eku,22,F,590,Physical,11693.61,42
eku,22,F,595,Digital,0.0,822
eku,22,F,595,Physical,131067.38,1388
eku,22,F,60,Digital,9598.9795,278
eku,22,F,60,Physical,6441.3296,314
eku,22,F,600,Digital,0.0,88
eku,22,F,600,Physical,26274.0,120
eku,22,F,626,Digital,0.0,132
eku,22,F,626,Physical,20648.48,710
eku,22,F,627,Digital,0.0,64
eku,22,F,627,Physical,59703.582,527
eku,22,F,67,Digital,0.0,86
eku,22,F,67,Physical,0.0,49
eku,22,F,70,Digital,0.0,134
eku,22,F,70,Physical,79236.72,805
eku,22,F,75,Digital,0.0,364
eku,22,F,75,Physical,61481.84,997
eku,22,F,80,Digital,0.0,2640
eku,22,F,80,Physical,416702.1,5782
eku,22,F,88,Digital,268355.38,5614
eku,22,F,88,Physical,358369.25,4795
eku,22,F,91,Physical,58572.6,820
eku,22,F,92,Digital,0.0,35
eku,22,F,92,Physical,11516.17,136
eku,22,F,95,Digital,19423.75,1572
eku,22,F,95,Physical,39459.688,1092
eku,22,W,100,Digital,0.0,282
eku,22,W,100,Physical,221276.12,3574
eku,22,W,102,Physical,2932.16,48
eku,22,W,110,Digital,1425.6,72
eku,22,W,110,Physical,11579.04,94
eku,22,W,12,Digital,0.0,35
eku,22,W,12,Physical,9207.39,68
eku,22,W,122,Digital,8515.8,1104
eku,22,W,122,Physical,126882.85,2352
eku,22,W,13,Digital,0.0,14
eku,22,W,13,Physical,1203.86,28
eku,22,W,135,Digital,0.0,115
eku,22,W,135,Physical,23682.37,178
eku,22,W,14,Digital,0.0,139
eku,22,W,14,Physical,24353.69,160
eku,22,W,140,Digital,0.0,104
eku,22,W,140,Physical,39446.76,229
eku,22,W,145,Digital,0.0,224
eku,22,W,145,Physical,0.0,488
eku,22,W,146,Digital,0.0,41
eku,22,W,146,Physical,0.0,45
eku,22,W,148,Physical,580.0,29
eku,22,W,15,Physical,856.48,28
eku,22,W,150,Digital,0.0,821
eku,22,W,150,Physical,132998.94,1564
eku,22,W,160,Digital,0.0,413
eku,22,W,160,Physical,49660.508,418
eku,22,W,162,Digital,0.0,90
eku,22,W,162,Physical,52952.18,446
eku,22,W,165,Physical,1020.0,10
eku,22,W,169,Physical,299.40002,12
eku,22,W,170,Digital,0.0,153
eku,22,W,170,Physical,0.0,123
eku,22,W,175,Digital,83984.164,724
eku,22,W,175,Physical,31900.959,759
eku,22,W,176,Digital,0.0,119
eku,22,W,176,Physical,6945.71,194
eku,22,W,180,Digital,0.0,542
eku,22,W,180,Physical,79856.28,825
eku,22,W,181,Digital,0.0,10
eku,22,W,181,Physical,0.0,15
eku,22,W,183,Digital,0.0,172
eku,22,W,183,Physical,0.0,118
eku,22,W,185,Physical,677.88,18
eku,22,W,190,Digital,0.0,20
eku,22,W,190,Physical,0.0,80
eku,22,W,20,Digital,0.0,50
eku,22,W,20,Physical,20848.81,100
eku,22,W,200,Physical,7714.3496,200
eku,22,W,205,Digital,0.0,394
eku,22,W,205,Physical,63490.03,1002
eku,22,W,210,Digital,0.0,314
eku,22,W,210,Physical,39898.28,570
eku,22,W,215,Digital,0.0,96
eku,22,W,215,Physical,9545.61,221
eku,22,W,225,Digital,0.0,172
eku,22,W,225,Physical,16539.27,438
eku,22,W,230,Digital,0.0,3118
eku,22,W,230,Physical,230507.5,4280
eku,22,W,237,Physical,1183.7999,118
eku,22,W,238,Physical,0.0,80
eku,22,W,241,Digital,12602.5,993
eku,22,W,241,Physical,52956.05,628
eku,22,W,242,Digital,0.0,79
eku,22,W,242,Physical,2000.04,187
eku,22,W,245,Physical,1050.21,55
eku,22,W,250,Digital,0.0,38
eku,22,W,250,Physical,2773.62,76
eku,22,W,255,Digital,0.0,186
eku,22,W,255,Physical,58814.7,357
eku,22,W,262,Physical,1274.25,30
eku,22,W,265,Digital,0.0,644
eku,22,W,265,Physical,25432.379,281
eku,22,W,270,Physical,4759.86,49
eku,22,W,280,Digital,899.89996,335
eku,22,W,280,Physical,323585.47,1502
eku,22,W,285,Digital,0.0,138
eku,22,W,285,Physical,25875.0,276
eku,22,W,295,Digital,0.0,201
eku,22,W,295,Physical,44850.77,571
eku,22,W,300,Digital,0.0,124
eku,22,W,300,Physical,0.0,62
eku,22,W,305,Digital,0.0,390
eku,22,W,305,Physical,21111.24,305
eku,22,W,310,Physical,12785.0,431
eku,22,W,324,Digital,0.0,26
eku,22,W,324,Physical,806.0,13
eku,22,W,33,Physical,10545.37,281
eku,22,W,330,Digital,0.0,128
eku,22,W,330,Physical,68531.3,742
eku,22,W,335,Digital,0.0,742
eku,22,W,335,Physical,85905.7,1652
eku,22,W,336,Digital,0.0,1001
eku,22,W,336,Physical,66766.55,947
eku,22,W,345,Digital,0.0,324
eku,22,W,345,Physical,20987.87,671
eku,22,W,35,Digital,0.0,192
eku,22,W,35,Physical,35544.99,624
eku,22,W,352,Physical,57565.02,302
eku,22,W,355,Physical,931.56,42
eku,22,W,357,Physical,987.80005,44
eku,22,W,364,Physical,0.0,62
eku,22,W,368,Digital,0.0,32
eku,22,W,368,Physical,34842.31,180
eku,22,W,38,Digital,0.0,86
eku,22,W,38,Physical,13425.55,594
eku,22,W,380,Physical,8070.54,140
eku,22,W,390,Physical,5171.7397,76
eku,22,W,395,Physical,399.24,18
eku,22,W,400,Digital,0.0,100
eku,22,W,400,Physical,92156.2,471
eku,22,W,412,Physical,586.56,3
eku,22,W,415,Digital,0.0,228
eku,22,W,415,Physical,11906.399,562
eku,22,W,423,Digital,0.0,136
eku,22,W,423,Physical,34040.54,279
eku,22,W,43,Digital,5399.46,54
eku,22,W,43,Physical,6767.28,80
eku,22,W,430,Digital,8938.78,723
eku,22,W,430,Physical,175630.62,1419
eku,22,W,432,Digital,0.0,164
eku,22,W,432,Physical,12571.351,183
eku,22,W,440,Digital,0.0,445
eku,22,W,440,Physical,68516.81,388
eku,22,W,447,Digital,7553.0,317
eku,22,W,447,Physical,23370.47,269
eku,22,W,45,Digital,0.0,554
eku,22,W,45,Physical,28968.77,538
eku,22,W,450,Digital,0.0,237
eku,22,W,450,Physical,50048.88,425
eku,22,W,452,Digital,0.0,26
eku,22,W,452,Physical,2421.7998,76
eku,22,W,457,Physical,359.82,18
eku,22,W,458,Physical,0.0,8
eku,22,W,459,Digital,0.0,1002
eku,22,W,459,Physical,106618.0,1040
eku,22,W,460,Digital,0.0,129
eku,22,W,460,Physical,40935.07,342
eku,22,W,467,Digital,595.0,35
eku,22,W,467,Physical,5431.11,114
eku,22,W,470,Digital,0.0,1011
eku,22,W,470,Physical,84968.305,751
eku,22,W,475,Digital,0.0,2612
eku,22,W,475,Physical,217705.05,4661
eku,22,W,484,Digital,11680.25,1192
eku,22,W,484,Physical,160213.7,1196
eku,22,W,485,Physical,991.04004,32
eku,22,W,490,Digital,0.0,709
eku,22,W,490,Physical,86020.78,1399
eku,22,W,5,Digital,6450.0,353
eku,22,W,5,Physical,52023.76,540
eku,22,W,50,Digital,0.0,196
eku,22,W,50,Physical,29985.74,447
eku,22,W,505,Digital,0.0,491
eku,22,W,505,Physical,35752.258,777
eku,22,W,510,Digital,0.0,27
eku,22,W,510,Physical,78833.04,1214
eku,22,W,520,Digital,5824.0,700
eku,22,W,520,Physical,53373.16,467
eku,22,W,530,Digital,0.0,714
eku,22,W,530,Physical,113208.78,1186
eku,22,W,535,Digital,0.0,2473
eku,22,W,535,Physical,466098.4,6311
eku,22,W,540,Digital,1001.0,141
eku,22,W,540,Physical,18788.5,132
eku,22,W,55,Physical,243.98001,11
eku,22,W,550,Digital,0.0,209
eku,22,W,550,Physical,16706.49,229
eku,22,W,555,Physical,40688.16,331
eku,22,W,557,Physical,22032.47,302
eku,22,W,567,Physical,842.84,38
eku,22,W,570,Digital,719.91,504
eku,22,W,570,Physical,80484.8,982
eku,22,W,571,Digital,1567.84,48
eku,22,W,572,Physical,66.36,4
eku,22,W,575,Digital,0.0,730
eku,22,W,575,Physical,65034.7,929
eku,22,W,580,Digital,0.0,141
eku,22,W,580,Physical,66068.234,511
eku,22,W,587,Digital,0.0,560
eku,22,W,587,Physical,1253.45,479
eku,22,W,590,Digital,0.0,227
eku,22,W,590,Physical,84718.58,727
eku,22,W,595,Digital,0.0,794
eku,22,W,595,Physical,120480.1,1214
eku,22,W,60,Physical,40195.43,711
eku,22,W,600,Digital,0.0,26
eku,22,W,600,Physical,10548.72,52
eku,22,W,626,Physical,6306.48,228
eku,22,W,627,Digital,0.0,498
eku,22,W,627,Physical,33809.68,404
eku,22,W,67,Digital,0.0,65
eku,22,W,67,Physical,0.0,147
eku,22,W,70,Digital,0.0,194
eku,22,W,70,Physical,58835.55,637
eku,22,W,75,Digital,0.0,135
eku,22,W,75,Physical,41336.25,454
eku,22,W,80,Digital,0.0,2389
eku,22,W,80,Physical,375284.78,4741
eku,22,W,88,Digital,18557.68,1974
eku,22,W,88,Physical,366025.1,3867
eku,22,W,91,Physical,46072.35,645
eku,22,W,92,Physical,1798.44,21
eku,22,W,95,Digital,799.89996,428
eku,22,W,95,Physical,69755.13,863
eku,23,A,100,Digital,2139.9001,89
eku,23,A,100,Physical,28376.111,412
eku,23,A,122,Physical,20964.86,470
eku,23,A,135,Digital,2369.0,23
eku,23,A,135,Physical,0.0,8
eku,23,A,14,Physical,0.0,2
eku,23,A,140,Physical,739.79,29
eku,23,A,145,Digital,0.0,230
eku,23,A,145,Physical,0.0,236
eku,23,A,146,Digital,0.0,138
eku,23,A,146,Physical,0.0,99
eku,23,A,148,Digital,0.0,14
eku,23,A,148,Physical,280.0,14
eku,23,A,15,Physical,45.98,4
eku,23,A,150,Digital,0.0,20
eku,23,A,150,Physical,3697.85,69
eku,23,A,160,Digital,1289.85,165
eku,23,A,160,Physical,3887.23,50
eku,23,A,162,Digital,0.0,378
eku,23,A,162,Physical,1756.6001,341
eku,23,A,170,Digital,0.0,276
eku,23,A,170,Physical,1214.31,180
eku,23,A,175,Digital,0.0,60
eku,23,A,175,Physical,6739.1997,20
eku,23,A,180,Digital,0.0,59
eku,23,A,180,Physical,3117.02,77
eku,23,A,181,Digital,0.0,56
eku,23,A,181,Physical,0.0,58
eku,23,A,183,Digital,0.0,207
eku,23,A,183,Physical,0.0,92
eku,23,A,20,Digital,0.0,18
eku,23,A,20,Physical,230.0,11
eku,23,A,200,Digital,0.0,12
eku,23,A,200,Physical,0.0,6
eku,23,A,205,Digital,0.0,186
eku,23,A,205,Physical,0.0,183
eku,23,A,210,Physical,11334.46,54
eku,23,A,215,Digital,0.0,35
eku,23,A,215,Physical,239.94,11
eku,23,A,220,Digital,0.0,70
eku,23,A,220,Physical,2711.79,46
eku,23,A,225,Digital,0.0,339
eku,23,A,225,Physical,6935.05,283
eku,23,A,230,Digital,0.0,116
eku,23,A,230,Physical,6436.4497,119
eku,23,A,238,Digital,4955.75,163
eku,23,A,238,Physical,0.0,47
eku,23,A,241,Digital,7256.75,233
eku,23,A,241,Physical,4323.2,88
eku,23,A,242,Digital,0.0,292
eku,23,A,242,Physical,1428.6,206
eku,23,A,245,Physical,222.0,3
eku,23,A,255,Physical,9641.28,96
eku,23,A,265,Digital,0.0,7
eku,23,A,270,Physical,414.63,3
eku,23,A,280,Digital,1439.84,76
eku,23,A,280,Physical,44508.36,246
eku,23,A,295,Digital,4512.15,392
eku,23,A,295,Physical,5579.28,86
eku,23,A,305,Digital,7455.0,258
eku,23,A,310,Physical,2360.0,59
eku,23,A,33,Physical,119.94,6
eku,23,A,330,Digital,1863.75,206
eku,23,A,330,Physical,672.0,28
eku,23,A,335,Digital,0.0,66
eku,23,A,335,Physical,3986.8398,111
eku,23,A,336,Digital,0.0,485
eku,23,A,336,Physical,12761.18,123
eku,23,A,35,Digital,9147.95,109
eku,23,A,35,Physical,1003.0,63
eku,23,A,352,Digital,1799.7999,20
eku,23,A,360,Physical,4835.13,45
eku,23,A,364,Digital,0.0,63
eku,23,A,364,Physical,0.0,63
eku,23,A,368,Digital,0.0,21
eku,23,A,368,Physical,3758.32,19
eku,23,A,38,Digital,0.0,49
eku,23,A,38,Physical,1127.0,49
eku,23,A,400,Digital,0.0,81
eku,23,A,400,Physical,8800.8,57
eku,23,A,415,Digital,0.0,156
eku,23,A,415,Physical,0.0,83
eku,23,A,423,Digital,0.0,118
eku,23,A,430,Digital,6525.0,285
eku,23,A,430,Physical,8911.07,143
eku,23,A,440,Physical,8251.32,152
eku,23,A,447,Digital,496.93,7
eku,23,A,447,Physical,7161.48,108
eku,23,A,45,Digital,0.0,190
eku,23,A,450,Physical,14812.5,158
eku,23,A,452,Physical,2859.0,30
eku,23,A,459,Digital,0.0,86
eku,23,A,467,Digital,0.0,3
eku,23,A,467,Physical,124.990005,3
eku,23,A,470,Physical,2331.02,14
eku,23,A,475,Digital,0.0,1767
eku,23,A,475,Physical,15371.439,1563
eku,23,A,484,Digital,17581.85,418
eku,23,A,484,Physical,6271.32,123
eku,23,A,490,Digital,0.0,888
eku,23,A,490,Physical,0.0,923
eku,23,A,5,Digital,0.0,43
eku,23,A,5,Physical,849.76,54
eku,23,A,50,Digital,1136.2,57
eku,23,A,50,Physical,1256.31,22
eku,23,A,505,Digital,1128.4,372
eku,23,A,510,Physical,11647.78,218
eku,23,A,520,Digital,3960.0,108
eku,23,A,520,Physical,3344.0,52
eku,23,A,530,Digital,1076.92,476
eku,23,A,530,Physical,7765.94,267
eku,23,A,535,Digital,7391.2803,2076
eku,23,A,535,Physical,44771.902,1127
eku,23,A,540,Digital,0.0,5
eku,23,A,550,Digital,1196.0,52
eku,23,A,550,Physical,868.62,10
eku,23,A,555,Digital,2850.0,134
eku,23,A,557,Digital,0.0,24
eku,23,A,557,Physical,1337.04,24
eku,23,A,570,Digital,0.0,419
eku,23,A,570,Physical,8703.19,160
eku,23,A,575,Digital,0.0,6
eku,23,A,575,Physical,2103.83,47
eku,23,A,580,Digital,0.0,31
eku,23,A,580,Physical,15894.15,230
eku,23,A,587,Digital,0.0,568
eku,23,A,587,Physical,3890.68,465
eku,23,A,590,Physical,26972.201,283
eku,23,A,595,Digital,0.0,922
eku,23,A,595,Physical,45654.3,630
eku,23,A,60,Digital,1161.66,19
eku,23,A,60,Physical,203.49,19
eku,23,A,623,Digital,0.0,42
eku,23,A,623,Physical,854.7,36
eku,23,A,626,Digital,0.0,93
eku,23,A,626,Physical,2599.35,93
eku,23,A,627,Physical,6634.44,54
eku,23,A,67,Digital,0.0,33
eku,23,A,67,Physical,0.0,12
eku,23,A,70,Digital,0.0,18
eku,23,A,70,Physical,5202.81,71
eku,23,A,80,Digital,3088.41,72
eku,23,A,80,Physical,52557.28,634
eku,23,A,88,Digital,19435.32,222
eku,23,A,88,Physical,64991.3,710
eku,23,A,91,Physical,1714.3201,24
eku,23,A,92,Physical,1441.4,20
eku,23,A,95,Digital,8697.5,124
eku,23,A,95,Physical,2742.9,30
eku,23,F,100,Digital,13744.05,644
eku,23,F,100,Physical,252428.02,3785
eku,23,F,102,Physical,6047.5796,99
eku,23,F,110,Digital,0.0,71
eku,23,F,110,Physical,2751.24,44
eku,23,F,12,Digital,0.0,64
eku,23,F,12,Physical,5268.4,49
eku,23,F,122,Digital,3839.52,197
eku,23,F,122,Physical,128019.35,1847
eku,23,F,13,Digital,0.0,10
eku,23,F,13,Physical,419.86,8
eku,23,F,135,Digital,846.01,322
eku,23,F,135,Physical,36119.78,262
eku,23,F,14,Digital,0.0,462
eku,23,F,14,Physical,19165.56,212
eku,23,F,140,Digital,0.0,200
eku,23,F,140,Physical,2915.4602,92
eku,23,F,145,Digital,2957.58,829
eku,23,F,145,Physical,7200.85,467
eku,23,F,146,Digital,0.0,234
eku,23,F,146,Physical,5769.6,226
eku,23,F,148,Digital,0.0,69
eku,23,F,148,Physical,1380.0,69
eku,23,F,15,Physical,575.6,8
eku,23,F,150,Digital,6296.17,2262
eku,23,F,150,Physical,152925.7,1586
eku,23,F,160,Digital,2079.0,887
eku,23,F,160,Physical,67994.06,527
eku,23,F,162,Digital,0.0,645
eku,23,F,162,Physical,37523.03,375
eku,23,F,170,Digital,752.85004,369
eku,23,F,170,Physical,15809.57,343
eku,23,F,175,Digital,35414.83,495
eku,23,F,175,Physical,33227.43,183
eku,23,F,176,Digital,0.0,802
eku,23,F,176,Physical,17738.64,456
eku,23,F,180,Digital,0.0,712
eku,23,F,180,Physical,19609.27,346
eku,23,F,181,Digital,0.0,57
eku,23,F,181,Physical,2374.05,76
eku,23,F,182,Physical,146.28,212
eku,23,F,183,Digital,1540.0,203
eku,23,F,183,Physical,2695.65,145
eku,23,F,185,Digital,1245.86,14
eku,23,F,190,Digital,4949.4497,440
eku,23,F,190,Physical,3928.65,55
eku,23,F,20,Digital,0.0,566
eku,23,F,20,Physical,61297.453,489
eku,23,F,200,Digital,0.0,261
eku,23,F,200,Physical,18157.57,177
eku,23,F,205,Digital,4613.56,918
eku,23,F,205,Physical,59129.78,830
eku,23,F,210,Digital,26034.63,995
eku,23,F,210,Physical,61125.48,732
eku,23,F,215,Digital,33.66,157
eku,23,F,215,Physical,3801.96,140
eku,23,F,220,Digital,1443.81,185
eku,23,F,220,Physical,6434.65,111
eku,23,F,225,Digital,2203.71,639
eku,23,F,225,Physical,20655.25,516
eku,23,F,230,Digital,1039.74,2053
eku,23,F,230,Physical,158118.34,3626
eku,23,F,237,Digital,0.0,114
eku,23,F,237,Physical,3007.69,167
eku,23,F,238,Digital,5128.81,189
eku,23,F,238,Physical,7441.17,90
eku,23,F,240,Digital,0.0,116
eku,23,F,240,Physical,4499.98,68
eku,23,F,241,Digital,27200.25,2555
eku,23,F,241,Physical,74262.23,1521
eku,23,F,242,Digital,0.0,606
eku,23,F,242,Physical,1642.89,324
eku,23,F,245,Digital,0.0,82
eku,23,F,245,Physical,1637.9501,41
eku,23,F,250,Digital,0.0,7
eku,23,F,250,Physical,258.65,7
eku,23,F,255,Digital,0.0,167
eku,23,F,255,Physical,73950.08,731
eku,23,F,265,Digital,0.0,621
eku,23,F,265,Physical,35272.98,252
eku,23,F,270,Physical,6210.12,42
eku,23,F,280,Digital,0.0,1300
eku,23,F,280,Physical,311868.16,1502
eku,23,F,285,Physical,6566.42,68
eku,23,F,295,Digital,5609.6997,1253
eku,23,F,295,Physical,36308.91,504
eku,23,F,300,Digital,0.0,123
eku,23,F,300,Physical,10583.04,104
eku,23,F,302,Digital,0.0,26
eku,23,F,302,Physical,14975.721,224
eku,23,F,305,Digital,19547.58,991
eku,23,F,305,Physical,58905.71,433
eku,23,F,310,Physical,6751.61,1809
eku,23,F,322,Physical,599.88,12
eku,23,F,324,Digital,1176.0,267
eku,23,F,324,Physical,5813.8003,246
eku,23,F,33,Digital,0.0,280
eku,23,F,33,Physical,23901.35,585
eku,23,F,330,Digital,4606.91,1591
eku,23,F,330,Physical,23394.459,405
eku,23,F,335,Digital,0.0,3324
eku,23,F,335,Physical,138531.17,2363
eku,23,F,336,Digital,5017.32,1299
eku,23,F,336,Physical,42777.19,733
eku,23,F,345,Digital,0.0,1196
eku,23,F,345,Physical,30195.76,1728
eku,23,F,35,Digital,7044.0996,970
eku,23,F,35,Physical,23084.45,482
eku,23,F,352,Digital,18076.98,223
eku,23,F,352,Physical,23651.5,198
eku,23,F,355,Physical,14003.69,861
eku,23,F,357,Digital,11695.689,131
eku,23,F,360,Physical,10688.101,345
eku,23,F,364,Digital,0.0,184
eku,23,F,364,Physical,275.8,131
eku,23,F,368,Digital,1649.7001,318
eku,23,F,368,Physical,47634.812,279
eku,23,F,38,Digital,0.0,239
eku,23,F,38,Physical,14172.43,609
eku,23,F,380,Physical,3337.9202,57
eku,23,F,390,Physical,9782.85,154
eku,23,F,395,Physical,176.64,256
eku,23,F,400,Digital,9949.42,562
eku,23,F,400,Physical,56044.16,285
eku,23,F,412,Digital,0.0,9
eku,23,F,412,Physical,811.19995,3
eku,23,F,415,Digital,0.0,688
eku,23,F,415,Physical,30777.299,1583
eku,23,F,423,Digital,0.0,334
eku,23,F,43,Digital,5899.4097,111
eku,23,F,430,Digital,0.0,808
eku,23,F,430,Physical,251617.42,2211
eku,23,F,432,Digital,4430.25,110
eku,23,F,432,Physical,17677.16,275
eku,23,F,434,Digital,0.0,93
eku,23,F,434,Physical,7375.6797,44
eku,23,F,440,Digital,6050.7803,482
eku,23,F,440,Physical,67885.74,710
eku,23,F,447,Digital,5500.24,392
eku,23,F,447,Physical,46588.14,557
eku,23,F,45,Physical,138858.3,810
eku,23,F,450,Digital,7571.46,259
eku,23,F,450,Physical,48978.21,605
eku,23,F,452,Digital,1148.63,51
eku,23,F,452,Physical,1155.99,142
eku,23,F,458,Digital,0.0,108
eku,23,F,458,Physical,1127.76,36
eku,23,F,459,Digital,0.0,2160
eku,23,F,459,Physical,7200.0,138
eku,23,F,460,Digital,0.0,273
eku,23,F,460,Physical,75615.44,863
eku,23,F,467,Digital,0.0,20
eku,23,F,467,Physical,9158.07,132
eku,23,F,470,Digital,1691.33,59
eku,23,F,470,Physical,91052.36,566
eku,23,F,475,Digital,4566.75,6544
eku,23,F,475,Physical,304268.1,4626
eku,23,F,477,Physical,2496.39,19
eku,23,F,484,Digital,26374.45,1148
eku,23,F,484,Physical,15097.1,319
eku,23,F,485,Digital,0.0,72
eku,23,F,485,Physical,7275.6,36
eku,23,F,490,Digital,514.35,2420
eku,23,F,490,Physical,87459.83,2464
eku,23,F,5,Digital,17512.76,299
eku,23,F,5,Physical,43340.04,419
eku,23,F,50,Digital,1913.6,159
eku,23,F,50,Physical,39204.78,696
eku,23,F,505,Digital,3901.2002,2753
eku,23,F,505,Physical,60169.29,1610
eku,23,F,510,Digital,32007.5,599
eku,23,F,510,Physical,32911.28,925
eku,23,F,520,Digital,10413.0,981
eku,23,F,520,Physical,46384.39,347
eku,23,F,530,Digital,109391.3,4309
eku,23,F,530,Physical,50977.47,792
eku,23,F,535,Digital,16063.02,3517
eku,23,F,535,Physical,416553.62,7680
eku,23,F,540,Digital,2955.0,103
eku,23,F,540,Physical,13192.01,90
eku,23,F,55,Physical,248.4,360
eku,23,F,550,Digital,858.0,749
eku,23,F,550,Physical,31422.9,374
eku,23,F,555,Digital,14396.0,714
eku,23,F,555,Physical,12347.95,118
eku,23,F,557,Digital,0.0,167
eku,23,F,557,Physical,28128.459,341
eku,23,F,567,Physical,569.25,825
eku,23,F,570,Digital,0.0,1886
eku,23,F,570,Physical,41597.47,493
eku,23,F,571,Digital,1000.0,5
eku,23,F,575,Digital,3869.46,957
eku,23,F,575,Physical,19113.4,622
eku,23,F,580,Digital,0.0,236
eku,23,F,580,Physical,108153.27,1225
eku,23,F,587,Digital,7236.0,541
eku,23,F,587,Physical,10584.2,328
eku,23,F,590,Digital,0.0,293
eku,23,F,590,Physical,52169.94,475
eku,23,F,595,Digital,25329.35,1961
eku,23,F,595,Physical,93367.04,1490
eku,23,F,60,Digital,9476.7,155
eku,23,F,60,Physical,6510.03,252
eku,23,F,600,Digital,0.0,28
eku,23,F,600,Physical,18865.98,93
eku,23,F,626,Digital,3015.0,775
eku,23,F,626,Physical,21601.451,773
eku,23,F,627,Digital,156.0,1298
eku,23,F,627,Physical,38025.38,387
eku,23,F,67,Digital,0.0,78
eku,23,F,67,Physical,270.69,54
eku,23,F,70,Digital,0.0,462
eku,23,F,70,Physical,87738.84,952
eku,23,F,75,Digital,0.0,259
eku,23,F,75,Physical,61805.14,1008
eku,23,F,80,Digital,8189.1396,1860
eku,23,F,80,Physical,483420.38,6121
eku,23,F,88,Digital,256489.77,8274
eku,23,F,88,Physical,586685.44,5935
eku,23,F,91,Physical,48500.97,679
eku,23,F,92,Physical,9394.57,112
eku,23,F,95,Digital,41794.08,1347
eku,23,F,95,Physical,72098.32,1387
eku,23,W,100,Digital,16096.25,487
eku,23,W,100,Physical,177937.64,2992
eku,23,W,102,Physical,2382.38,39
eku,23,W,110,Digital,3848.5,63
eku,23,W,110,Physical,6834.14,59
eku,23,W,12,Digital,0.0,10
eku,23,W,12,Physical,1908.58,22
eku,23,W,122,Digital,13383.86,1223
eku,23,W,122,Physical,136497.72,2800
eku,23,W,135,Digital,1153.65,216
eku,23,W,135,Physical,28198.44,182
eku,23,W,14,Digital,0.0,297
eku,23,W,14,Physical,17084.48,173
eku,23,W,140,Digital,4479.44,631
eku,23,W,140,Physical,19298.49,179
eku,23,W,145,Digital,0.0,690
eku,23,W,145,Physical,415.96,494
eku,23,W,146,Digital,0.0,176
eku,23,W,146,Physical,0.0,53
eku,23,W,148,Digital,0.0,35
eku,23,W,148,Physical,700.0,35
eku,23,W,15,Digital,392.0,63
eku,23,W,15,Physical,1728.23,84
eku,23,W,150,Digital,2951.91,1802
eku,23,W,150,Physical,100194.56,1265
eku,23,W,160,Digital,85.99,890
eku,23,W,160,Physical,51885.47,411
eku,23,W,162,Digital,0.0,223
eku,23,W,162,Physical,55271.12,486
eku,23,W,170,Digital,0.0,234
eku,23,W,170,Physical,2142.9,114
eku,23,W,175,Digital,3258.75,393
eku,23,W,175,Physical,40906.938,177
eku,23,W,176,Digital,0.0,406
eku,23,W,176,Physical,7445.68,232
eku,23,W,180,Digital,0.0,753
eku,23,W,180,Physical,62808.7,675
eku,23,W,181,Digital,0.0,60
eku,23,W,181,Physical,0.0,76
eku,23,W,183,Digital,0.0,122
eku,23,W,183,Physical,0.0,109
eku,23,W,184,Physical,1739.11,61
eku,23,W,185,Digital,1423.84,16
eku,23,W,185,Physical,1364.7899,21
eku,23,W,190,Digital,1799.7999,257
eku,23,W,190,Physical,2247.6,99
eku,23,W,20,Digital,127.92,198
eku,23,W,20,Physical,11288.14,131
eku,23,W,200,Digital,0.0,102
eku,23,W,200,Physical,8460.899,211
eku,23,W,205,Digital,5669.3696,1073
eku,23,W,205,Physical,43583.18,782
eku,23,W,210,Digital,23355.85,576
eku,23,W,210,Physical,42949.703,606
eku,23,W,215,Digital,0.0,186
eku,23,W,215,Physical,2784.26,118
eku,23,W,225,Digital,2694.2302,855
eku,23,W,225,Physical,12174.4,397
eku,23,W,230,Digital,759.81006,1918
eku,23,W,230,Physical,160632.3,3621
eku,23,W,237,Digital,0.0,51
eku,23,W,237,Physical,0.0,119
eku,23,W,238,Digital,5202.69,185
eku,23,W,238,Physical,2028.0,54
eku,23,W,240,Digital,0.0,2
eku,23,W,240,Physical,0.0,3
eku,23,W,241,Digital,11093.75,1136
eku,23,W,241,Physical,55708.65,977
eku,23,W,242,Digital,0.0,393
eku,23,W,242,Physical,857.16003,243
eku,23,W,250,Digital,0.0,106
eku,23,W,250,Physical,2118.03,52
eku,23,W,255,Digital,0.0,111
eku,23,W,255,Physical,49969.68,403
eku,23,W,262,Digital,0.0,36
eku,23,W,262,Physical,1700.28,36
eku,23,W,265,Digital,0.0,1075
eku,23,W,265,Physical,34469.89,398
eku,23,W,270,Physical,8428.0205,57
eku,23,W,280,Digital,1619.82,720
eku,23,W,280,Physical,305530.84,1321
eku,23,W,285,Digital,0.0,99
eku,23,W,285,Physical,19119.871,198
eku,23,W,295,Digital,0.0,542
eku,23,W,295,Physical,32096.75,408
eku,23,W,300,Digital,0.0,321
eku,23,W,300,Physical,1272.4501,107
eku,23,W,305,Digital,9052.5,528
eku,23,W,305,Physical,9878.04,236
eku,23,W,310,Physical,13055.14,448
eku,23,W,324,Digital,1680.0,120
eku,23,W,324,Physical,1860.0,30
eku,23,W,33,Digital,0.0,395
eku,23,W,33,Physical,20966.53,615
eku,23,W,330,Digital,0.0,1206
eku,23,W,330,Physical,35198.82,402
eku,23,W,335,Digital,0.0,1781
eku,23,W,335,Physical,76847.65,1691
eku,23,W,336,Digital,4181.0996,2771
eku,23,W,336,Physical,80499.25,992
eku,23,W,345,Digital,0.0,472
eku,23,W,345,Physical,20985.18,483
eku,23,W,35,Digital,0.0,359
eku,23,W,35,Physical,33976.188,477
eku,23,W,352,Digital,10998.35,153
eku,23,W,352,Physical,26262.58,195
eku,23,W,355,Physical,887.2,40
eku,23,W,357,Digital,0.0,60
eku,23,W,357,Physical,1199.4,60
eku,23,W,364,Digital,0.0,116
eku,23,W,364,Physical,0.0,93
eku,23,W,368,Digital,0.0,124
eku,23,W,368,Physical,36519.31,198
eku,23,W,38,Digital,0.0,138
eku,23,W,38,Physical,11172.04,520
eku,23,W,380,Digital,0.0,64
eku,23,W,380,Physical,4786.47,129
eku,23,W,390,Physical,9528.75,150
eku,23,W,395,Physical,820.66003,37
eku,23,W,400,Digital,4538.4897,714
eku,23,W,400,Physical,61372.06,327
eku,23,W,412,Digital,0.0,12
eku,23,W,412,Physical,1081.6,4
eku,23,W,415,Digital,0.0,569
eku,23,W,415,Physical,18316.23,803
eku,23,W,423,Digital,1193.88,384
eku,23,W,423,Physical,1738.7999,12
eku,23,W,43,Digital,4099.59,82
eku,23,W,43,Physical,459.0,20
eku,23,W,430,Digital,52650.0,2152
eku,23,W,430,Physical,103081.15,1055
eku,23,W,432,Digital,1240.4701,107
eku,23,W,432,Physical,3621.15,79
eku,23,W,440,Digital,0.0,499
eku,23,W,440,Physical,57290.85,440
eku,23,W,447,Digital,2680.2,304
eku,23,W,447,Physical,24513.27,298
eku,23,W,45,Digital,0.0,574
eku,23,W,450,Digital,7489.4297,425
eku,23,W,450,Physical,58004.92,686
eku,23,W,452,Digital,0.0,97
eku,23,W,452,Physical,0.0,57
eku,23,W,457,Digital,0.0,21
eku,23,W,457,Physical,419.79,21
eku,23,W,458,Physical,869.25,30
eku,23,W,459,Digital,0.0,1532
eku,23,W,459,Physical,11353.76,219
eku,23,W,460,Digital,0.0,224
eku,23,W,460,Physical,50039.88,559
eku,23,W,467,Digital,447.86,81
eku,23,W,467,Physical,7940.7,106
eku,23,W,470,Digital,3537.5298,1133
eku,23,W,470,Physical,84232.63,538
eku,23,W,475,Digital,21182.77,8434
eku,23,W,475,Physical,218777.66,5411
eku,23,W,484,Digital,40876.8,1462
eku,23,W,484,Physical,38093.348,427
eku,23,W,485,Physical,495.52002,16
eku,23,W,490,Digital,14792.6,2307
eku,23,W,490,Physical,88297.52,1829
eku,23,W,5,Digital,11579.16,402
eku,23,W,5,Physical,27961.14,261
eku,23,W,50,Digital,1495.0,163
eku,23,W,50,Physical,44909.312,758
eku,23,W,505,Digital,0.0,760
eku,23,W,505,Physical,45372.13,667
eku,23,W,510,Digital,13865.0,419
eku,23,W,510,Physical,50460.332,1234
eku,23,W,520,Digital,7406.7803,1320
eku,23,W,520,Physical,33924.8,343
eku,23,W,530,Digital,7178.0,1327
eku,23,W,530,Physical,39472.02,727
eku,23,W,535,Digital,20136.04,5608
eku,23,W,535,Physical,306338.38,5724
eku,23,W,540,Digital,3588.0,166
eku,23,W,540,Physical,9986.11,74
eku,23,W,55,Physical,820.66003,37
eku,23,W,550,Digital,1394.0,424
eku,23,W,550,Physical,13275.44,187
eku,23,W,555,Digital,18582.0,978
eku,23,W,555,Physical,7301.1104,82
eku,23,W,557,Digital,0.0,140
eku,23,W,557,Physical,22271.22,280
eku,23,W,567,Physical,1574.78,71
eku,23,W,570,Digital,877.5,1133
eku,23,W,570,Physical,20517.98,369
eku,23,W,571,Digital,1993.8099,70
eku,23,W,571,Physical,0.0,4
eku,23,W,575,Digital,3695.64,892
eku,23,W,575,Physical,36745.68,805
eku,23,W,580,Digital,0.0,57
eku,23,W,580,Physical,66971.54,736
eku,23,W,587,Digital,0.0,1118
eku,23,W,587,Physical,341.84998,391
eku,23,W,590,Digital,0.0,450
eku,23,W,590,Physical,52393.242,518
eku,23,W,595,Digital,2609.71,2206
eku,23,W,595,Physical,126344.69,1659
eku,23,W,60,Digital,7581.36,180
eku,23,W,60,Physical,2768.8198,180
eku,23,W,600,Digital,0.0,28
eku,23,W,600,Physical,16431.66,84
eku,23,W,605,Physical,198.28,2
eku,23,W,623,Physical,182.84,8
eku,23,W,626,Digital,0.0,481
eku,23,W,626,Physical,13443.95,499
eku,23,W,627,Digital,0.0,36
eku,23,W,627,Physical,57788.53,545
eku,23,W,67,Digital,0.0,183
eku,23,W,67,Physical,0.0,115
eku,23,W,70,Digital,0.0,424
eku,23,W,70,Physical,53744.31,668
eku,23,W,75,Digital,0.0,306
eku,23,W,75,Physical,45255.79,779
eku,23,W,80,Digital,6200.6997,2216
eku,23,W,80,Physical,423880.62,5866
eku,23,W,88,Digital,197159.62,4261
eku,23,W,88,Physical,263924.8,3634
eku,23,W,91,Physical,45072.332,631
eku,23,W,92,Digital,0.0,4
eku,23,W,92,Physical,2485.32,28
eku,23,W,95,Digital,44686.07,1140
eku,23,W,95,Physical,35638.16,573
eku,24,A,100,Digital,0.0,25
eku,24,A,100,Physical,14357.141,369
eku,24,A,122,Digital,0.0,40
eku,24,A,122,Physical,20248.09,625
eku,24,A,14,Digital,0.0,2
eku,24,A,14,Physical,0.0,5
eku,24,A,140,Digital,0.0,58
eku,24,A,145,Digital,9114.529,330
eku,24,A,145,Physical,3564.08,76
eku,24,A,146,Digital,0.0,92
eku,24,A,146,Physical,0.0,72
eku,24,A,150,Digital,0.0,86
eku,24,A,150,Physical,877.80005,24
eku,24,A,160,Digital,2370.0,70
eku,24,A,162,Digital,3849.67,220
eku,24,A,162,Physical,10645.899,181
eku,24,A,170,Digital,741.0,82
eku,24,A,170,Physical,4526.59,95
eku,24,A,175,Digital,0.0,17
eku,24,A,175,Physical,18681.059,276
eku,24,A,176,Digital,0.0,180
eku,24,A,176,Physical,5805.0,180
eku,24,A,180,Digital,0.0,57
eku,24,A,180,Physical,1934.4199,35
eku,24,A,181,Digital,0.0,63
eku,24,A,181,Physical,287.92,20
eku,24,A,20,Physical,644.0,14
eku,24,A,205,Digital,0.0,175
eku,24,A,205,Physical,0.0,174
eku,24,A,210,Digital,0.0,165
eku,24,A,210,Physical,9190.07,50
eku,24,A,215,Digital,0.0,200
eku,24,A,215,Physical,3901.0,97
eku,24,A,220,Digital,0.0,29
eku,24,A,220,Physical,1571.46,22
eku,24,A,225,Digital,364.32,353
eku,24,A,225,Physical,25734.0,440
eku,24,A,230,Digital,0.0,20
eku,24,A,230,Physical,3850.01,109
eku,24,A,237,Digital,0.0,39
eku,24,A,237,Physical,862.0,39
eku,24,A,238,Digital,3284.8398,31
eku,24,A,238,Physical,1142.88,16
eku,24,A,241,Digital,6302.0,145
eku,24,A,241,Physical,2252.0,104
eku,24,A,242,Digital,0.0,144
eku,24,A,242,Physical,1714.3201,24
eku,24,A,245,Digital,35.04,2
eku,24,A,255,Physical,11715.82,153
eku,24,A,265,Digital,0.0,10
eku,24,A,270,Physical,6332.8203,52
eku,24,A,280,Digital,3087.48,112
eku,24,A,280,Physical,35637.547,173
eku,24,A,295,Digital,5487.75,287
eku,24,A,295,Physical,9178.2295,208
eku,24,A,305,Physical,9553.801,88
eku,24,A,310,Physical,1840.0,46
eku,24,A,33,Digital,0.0,34
eku,24,A,33,Physical,3982.33,105
eku,24,A,330,Digital,2573.75,77
eku,24,A,330,Physical,288.0,41
eku,24,A,335,Digital,0.0,159
eku,24,A,335,Physical,3635.0598,115
eku,24,A,336,Digital,0.0,102
eku,24,A,336,Physical,1955.0,23
eku,24,A,35,Digital,9330.74,108
eku,24,A,35,Physical,1292.0,76
eku,24,A,352,Digital,1529.83,17
eku,24,A,360,Digital,4199.58,84
eku,24,A,364,Digital,1143.78,51
eku,24,A,368,Digital,7714.3696,79
eku,24,A,38,Digital,0.0,56
eku,24,A,38,Physical,1288.0,56
eku,24,A,400,Digital,4793.4297,57
eku,24,A,400,Physical,1300.0,26
eku,24,A,415,Digital,0.0,43
eku,24,A,415,Physical,6214.41,131
eku,24,A,430,Digital,0.0,43
eku,24,A,430,Physical,23877.42,224
eku,24,A,440,Physical,6297.06,116
eku,24,A,447,Digital,709.89996,10
eku,24,A,447,Physical,4364.1997,80
eku,24,A,45,Digital,7244.0396,106
eku,24,A,450,Physical,11011.32,132
eku,24,A,452,Digital,1308.53,69
eku,24,A,452,Physical,0.0,9
eku,24,A,460,Physical,68.97,3
eku,24,A,467,Digital,0.0,18
eku,24,A,467,Physical,209.97,3
eku,24,A,470,Digital,0.0,45
eku,24,A,470,Physical,2545.6501,30
eku,24,A,475,Digital,21340.79,781
eku,24,A,475,Physical,21196.98,323
eku,24,A,484,Digital,9414.7,202
eku,24,A,484,Physical,3919.46,75
eku,24,A,490,Digital,0.0,429
eku,24,A,490,Physical,8571.6,194
eku,24,A,5,Physical,17908.46,230
eku,24,A,50,Digital,1874.75,25
eku,24,A,505,Digital,1410.5,466
eku,24,A,510,Digital,2950.0,98
eku,24,A,510,Physical,9813.37,278
eku,24,A,520,Digital,6055.0,56
eku,24,A,530,Digital,24496.01,452
eku,24,A,530,Physical,13227.18,249
eku,24,A,535,Digital,14887.81,936
eku,24,A,535,Physical,24913.48,705
eku,24,A,540,Digital,0.0,5
eku,24,A,550,Digital,1748.0,19
eku,24,A,555,Digital,0.0,62
eku,24,A,557,Digital,0.0,46
eku,24,A,557,Physical,2825.78,46
eku,24,A,570,Digital,0.0,268
eku,24,A,570,Physical,5652.77,91
eku,24,A,575,Digital,147.0,166
eku,24,A,575,Physical,1570.0,45
eku,24,A,580,Physical,18509.32,234
eku,24,A,587,Digital,776.39,539
eku,24,A,587,Physical,10558.17,322
eku,24,A,590,Digital,5812.2,30
eku,24,A,590,Physical,23035.32,252
eku,24,A,595,Digital,0.0,677
eku,24,A,595,Physical,17543.22,503
eku,24,A,60,Digital,3504.9,70
eku,24,A,626,Digital,0.0,59
eku,24,A,627,Digital,0.0,11
eku,24,A,627,Physical,640.01,7
eku,24,A,70,Physical,3333.31,42
eku,24,A,80,Digital,2044.95,101
eku,24,A,80,Physical,58366.93,876
eku,24,A,88,Digital,32667.41,356
eku,24,A,88,Physical,89526.53,1093
eku,24,A,91,Physical,1482.69,27
eku,24,A,92,Physical,1099.0,14
eku,24,A,95,Digital,0.0,37
eku,24,A,95,Physical,15258.3,210
eku,24,F,100,Digital,19102.74,773
eku,24,F,100,Physical,150337.23,2917
eku,24,F,102,Physical,3665.2,60
eku,24,F,12,Digital,0.0,105
eku,24,F,12,Physical,7741.46,53
eku,24,F,122,Digital,2740.98,385
eku,24,F,122,Physical,136132.92,3624
eku,24,F,13,Digital,0.0,26
eku,24,F,13,Physical,827.77997,20
eku,24,F,135,Digital,1548.0,355
eku,24,F,135,Physical,34457.46,274
eku,24,F,14,Digital,0.0,464
eku,24,F,14,Physical,22786.621,226
eku,24,F,140,Digital,3347.5,164
eku,24,F,140,Physical,2483.54,46
eku,24,F,145,Digital,9581.71,508
eku,24,F,145,Physical,1961.92,149
eku,24,F,146,Digital,1258.0,232
eku,24,F,146,Physical,2059.96,134
eku,24,F,15,Physical,863.39996,12
eku,24,F,150,Digital,44941.73,2829
eku,24,F,150,Physical,98853.86,1059
eku,24,F,160,Digital,13639.49,952
eku,24,F,160,Physical,62325.85,448
eku,24,F,162,Digital,0.0,814
eku,24,F,162,Physical,57882.9,395
eku,24,F,165,Digital,0.0,18
eku,24,F,165,Physical,855.0,9
eku,24,F,167,Digital,0.0,46
eku,24,F,167,Physical,1875.6799,64
eku,24,F,170,Digital,5075.53,201
eku,24,F,170,Physical,11238.32,209
eku,24,F,175,Digital,9017.5,195
eku,24,F,175,Physical,62341.9,394
eku,24,F,176,Digital,0.0,613
eku,24,F,176,Physical,18075.93,421
eku,24,F,180,Digital,14848.35,774
eku,24,F,180,Physical,19527.11,283
eku,24,F,181,Digital,605.0,214
eku,24,F,181,Physical,3313.28,146
eku,24,F,183,Digital,6535.79,581
eku,24,F,183,Physical,719.55,174
eku,24,F,185,Digital,8930.82,116
eku,24,F,185,Physical,4200.0,28
eku,24,F,190,Digital,6029.33,134
eku,24,F,20,Digital,0.0,452
eku,24,F,20,Physical,52386.863,429
eku,24,F,200,Digital,1790.6201,150
eku,24,F,200,Physical,13116.02,126
eku,24,F,205,Digital,34090.37,1597
eku,24,F,205,Physical,55829.36,1190
eku,24,F,210,Digital,39792.87,893
eku,24,F,210,Physical,59436.88,633
eku,24,F,215,Digital,50.489998,120
eku,24,F,215,Physical,1273.15,45
eku,24,F,220,Digital,1671.78,280
eku,24,F,220,Physical,7019.2397,139
eku,24,F,225,Digital,5799.65,649
eku,24,F,225,Physical,21104.98,342
eku,24,F,230,Digital,9488.061,2176
eku,24,F,230,Physical,119724.57,2880
eku,24,F,237,Digital,431.52,48
eku,24,F,237,Physical,288.0,16
eku,24,F,240,Digital,0.0,311
eku,24,F,240,Physical,6491.96,173
eku,24,F,241,Digital,20150.01,1700
eku,24,F,241,Physical,78873.96,1242
eku,24,F,242,Digital,0.0,341
eku,24,F,242,Physical,8373.04,128
eku,24,F,245,Digital,0.0,33
eku,24,F,250,Digital,0.0,15
eku,24,F,250,Physical,1145.4501,31
eku,24,F,255,Digital,6201.57,266
eku,24,F,255,Physical,91416.68,862
eku,24,F,262,Digital,0.0,52
eku,24,F,262,Physical,2455.96,52
eku,24,F,265,Digital,0.0,239
eku,24,F,265,Physical,21575.11,203
eku,24,F,280,Digital,0.0,1545
eku,24,F,280,Physical,193036.02,1082
eku,24,F,285,Digital,368.78,2
eku,24,F,295,Digital,7317.0,1310
eku,24,F,295,Physical,28194.58,453
eku,24,F,300,Digital,0.0,60
eku,24,F,300,Physical,10714.2,60
eku,24,F,302,Digital,0.0,99
eku,24,F,302,Physical,14522.38,204
eku,24,F,305,Digital,0.0,31
eku,24,F,305,Physical,74178.055,531
eku,24,F,310,Physical,8809.68,4222
eku,24,F,322,Physical,1099.78,22
eku,24,F,324,Digital,1232.0,310
eku,24,F,324,Physical,6806.4004,288
eku,24,F,328,Digital,21217.299,246
eku,24,F,328,Physical,27678.18,302
eku,24,F,33,Digital,0.0,135
eku,24,F,33,Physical,10875.1,284
eku,24,F,330,Digital,1195.4,965
eku,24,F,330,Physical,38969.85,584
eku,24,F,335,Digital,7593.19,3995
eku,24,F,335,Physical,106320.05,2229
eku,24,F,336,Digital,6461.6997,868
eku,24,F,336,Physical,28344.53,329
eku,24,F,345,Digital,0.0,1313
eku,24,F,345,Physical,31003.2,1454
eku,24,F,35,Digital,10364.89,364
eku,24,F,35,Physical,29696.34,614
eku,24,F,352,Digital,10164.189,106
eku,24,F,352,Physical,7044.18,34
eku,24,F,357,Digital,16813.959,188
eku,24,F,360,Physical,3636.8801,156
eku,24,F,364,Digital,602.91,49
eku,24,F,364,Physical,0.0,29
eku,24,F,368,Digital,50350.58,382
eku,24,F,38,Digital,0.0,400
eku,24,F,38,Physical,14928.23,671
eku,24,F,380,Digital,0.0,19
eku,24,F,380,Physical,4517.57,93
eku,24,F,390,Physical,10036.949,158
eku,24,F,400,Digital,18798.65,610
eku,24,F,400,Physical,30642.959,221
eku,24,F,415,Digital,0.0,965
eku,24,F,415,Physical,48500.58,1244
eku,24,F,423,Digital,0.0,260
eku,24,F,43,Physical,527.85004,23
eku,24,F,430,Digital,145792.72,1967
eku,24,F,430,Physical,198132.69,1649
eku,24,F,432,Digital,15899.5205,112
eku,24,F,432,Physical,15365.19,253
eku,24,F,434,Digital,0.0,117
eku,24,F,434,Physical,10519.09,63
eku,24,F,440,Digital,22928.541,522
eku,24,F,440,Physical,33478.84,559
eku,24,F,446,Digital,780.88995,19
eku,24,F,446,Physical,559.92,8
eku,24,F,447,Digital,10197.14,284
eku,24,F,447,Physical,41065.84,620
eku,24,F,45,Digital,58362.355,854
eku,24,F,450,Digital,31039.44,550
eku,24,F,450,Physical,53996.652,552
eku,24,F,452,Digital,292.35,6
eku,24,F,452,Physical,0.0,139
eku,24,F,457,Digital,193.2,63
eku,24,F,457,Physical,1150.0,46
eku,24,F,458,Digital,0.0,47
eku,24,F,458,Physical,0.0,13
eku,24,F,459,Digital,0.0,398
eku,24,F,459,Physical,8647.5,194
eku,24,F,460,Digital,0.0,542
eku,24,F,460,Physical,75528.93,1017
eku,24,F,467,Digital,0.0,36
eku,24,F,467,Physical,7447.43,128
eku,24,F,470,Digital,1193.88,64
eku,24,F,470,Physical,64778.254,447
eku,24,F,475,Digital,106391.51,3893
eku,24,F,475,Physical,232062.58,2018
eku,24,F,477,Physical,888.48,10
eku,24,F,484,Digital,22820.41,866
eku,24,F,484,Physical,22838.15,344
eku,24,F,485,Digital,0.0,64
eku,24,F,485,Physical,6467.2,32
eku,24,F,490,Digital,28700.76,2237
eku,24,F,490,Physical,61456.1,1642
eku,24,F,5,Digital,10366.95,89
eku,24,F,5,Physical,99928.49,889
eku,24,F,50,Digital,2324.69,31
eku,24,F,50,Physical,43947.492,784
eku,24,F,505,Digital,14434.43,2298
eku,24,F,505,Physical,65025.43,1723
eku,24,F,510,Digital,39067.5,626
eku,24,F,510,Physical,20417.33,862
eku,24,F,520,Digital,16750.0,777
eku,24,F,520,Physical,31690.07,173
eku,24,F,530,Digital,134094.16,1991
eku,24,F,530,Physical,42377.03,759
eku,24,F,535,Digital,47554.07,3321
eku,24,F,535,Physical,309879.78,7106
eku,24,F,540,Digital,2865.0,156
eku,24,F,540,Physical,13404.05,86
eku,24,F,550,Digital,11862.0,850
eku,24,F,550,Physical,16133.14,252
eku,24,F,555,Digital,0.0,452
eku,24,F,555,Physical,19396.64,184
eku,24,F,557,Digital,2089.29,194
eku,24,F,557,Physical,25318.379,285
eku,24,F,570,Digital,2024.0,1615
eku,24,F,570,Physical,34000.8,652
eku,24,F,571,Digital,600.0,3
eku,24,F,575,Digital,11311.06,788
eku,24,F,575,Physical,19866.04,344
eku,24,F,580,Digital,0.0,28
eku,24,F,580,Physical,131769.89,1682
eku,24,F,587,Digital,6696.0,318
eku,24,F,587,Physical,1251.35,103
eku,24,F,590,Digital,22530.08,237
eku,24,F,590,Physical,65889.4,536
eku,24,F,595,Digital,41323.13,2130
eku,24,F,595,Physical,83658.305,1459
eku,24,F,60,Digital,3790.68,62
eku,24,F,60,Physical,16699.89,232
eku,24,F,600,Digital,0.0,116
eku,24,F,626,Digital,0.0,555
eku,24,F,626,Physical,2617.55,94
eku,24,F,627,Digital,245.7,321
eku,24,F,627,Physical,22202.77,228
eku,24,F,67,Digital,0.0,126
eku,24,F,67,Physical,0.0,42
eku,24,F,70,Digital,2325.0,508
eku,24,F,70,Physical,101311.016,1062
eku,24,F,75,Digital,2654.3398,414
eku,24,F,75,Physical,57313.85,908
eku,24,F,80,Digital,6892.56,1796
eku,24,F,80,Physical,473083.16,7012
eku,24,F,88,Digital,466233.34,5590
eku,24,F,88,Physical,443084.12,6778
eku,24,F,91,Physical,105830.83,1749
eku,24,F,92,Digital,3135.0,33
eku,24,F,92,Physical,4038.11,46
eku,24,F,95,Digital,35792.47,902
eku,24,F,95,Physical,100909.266,2102
eku,24,W,100,Digital,17051.31,799
eku,24,W,100,Physical,189169.84,3510
eku,24,W,102,Physical,2283.05,43
eku,24,W,110,Physical,5824.94,29
eku,24,W,12,Digital,507.0,48
eku,24,W,12,Physical,3702.86,29
eku,24,W,122,Digital,9271.79,939
eku,24,W,122,Physical,102110.21,2881
eku,24,W,135,Digital,1845.8401,212
eku,24,W,135,Physical,28048.879,180
eku,24,W,14,Digital,1076.74,443
eku,24,W,14,Physical,20040.55,227
eku,24,W,140,Digital,3090.0,435
eku,24,W,140,Physical,8160.0,68
eku,24,W,145,Digital,1172.39,722
eku,24,W,145,Physical,4264.56,276
eku,24,W,146,Digital,0.0,147
eku,24,W,146,Physical,0.0,49
eku,24,W,15,Digital,710.7,30
eku,24,W,15,Physical,1614.33,32
eku,24,W,150,Digital,8788.24,2029
eku,24,W,150,Physical,87296.64,1036
eku,24,W,160,Digital,5727.5,863
eku,24,W,160,Physical,48848.918,406
eku,24,W,162,Digital,4093.2002,404
eku,24,W,162,Physical,47691.59,443
eku,24,W,167,Digital,568.08,90
eku,24,W,167,Physical,1260.0,36
eku,24,W,169,Digital,0.0,9
eku,24,W,169,Physical,242.55,9
eku,24,W,170,Digital,1119.68,308
eku,24,W,170,Physical,14714.58,237
eku,24,W,175,Digital,3160.0,266
eku,24,W,175,Physical,84585.766,535
eku,24,W,176,Digital,0.0,300
eku,24,W,176,Physical,7342.32,184
eku,24,W,180,Digital,0.0,902
eku,24,W,180,Physical,28544.79,403
eku,24,W,181,Digital,770.0,68
eku,24,W,181,Physical,1614.86,52
eku,24,W,183,Digital,351.0,90
eku,24,W,183,Physical,1279.2,16
eku,24,W,185,Digital,3478.58,84
eku,24,W,185,Physical,5100.0,34
eku,24,W,190,Digital,2141.79,84
eku,24,W,190,Physical,1500.03,21
eku,24,W,20,Digital,63.96,275
eku,24,W,20,Physical,28827.361,189
eku,24,W,200,Digital,0.0,74
eku,24,W,200,Physical,6686.94,135
eku,24,W,205,Digital,29585.93,1100
eku,24,W,205,Physical,22009.78,598
eku,24,W,210,Digital,20956.7,685
eku,24,W,210,Physical,39197.48,416
eku,24,W,215,Digital,0.0,199
eku,24,W,215,Physical,4910.75,179
eku,24,W,225,Digital,6269.1104,781
eku,24,W,225,Physical,24205.11,473
eku,24,W,230,Digital,999.75006,1591
eku,24,W,230,Physical,149398.58,3027
eku,24,W,237,Digital,0.0,58
eku,24,W,237,Physical,3014.6501,168
eku,24,W,238,Digital,5288.81,144
eku,24,W,238,Physical,1357.17,56
eku,24,W,241,Digital,33066.05,1432
eku,24,W,241,Physical,53221.07,826
eku,24,W,242,Digital,0.0,532
eku,24,W,242,Physical,2857.2,262
eku,24,W,250,Digital,0.0,172
eku,24,W,250,Physical,3395.52,36
eku,24,W,255,Digital,10151.42,127
eku,24,W,255,Physical,79396.7,783
eku,24,W,262,Digital,0.0,34
eku,24,W,262,Physical,1605.82,34
eku,24,W,265,Digital,0.0,536
eku,24,W,265,Physical,22652.68,241
eku,24,W,270,Physical,17293.47,71
eku,24,W,275,Digital,3604.0,34
eku,24,W,280,Digital,2999.6099,900
eku,24,W,280,Physical,190554.7,1057
eku,24,W,285,Digital,0.0,70
eku,24,W,285,Physical,50600.062,786
eku,24,W,295,Digital,0.0,718
eku,24,W,295,Physical,29475.799,501
eku,24,W,300,Digital,0.0,183
eku,24,W,300,Physical,12414.721,122
eku,24,W,305,Digital,383.68,509
eku,24,W,305,Physical,62990.582,458
eku,24,W,310,Digital,0.0,141
eku,24,W,310,Physical,10722.3,571
eku,24,W,324,Digital,0.0,122
eku,24,W,324,Physical,3720.42,128
eku,24,W,33,Digital,0.0,131
eku,24,W,33,Physical,15337.81,390
eku,24,W,330,Digital,2956.71,1864
eku,24,W,330,Physical,21441.19,369
eku,24,W,335,Digital,17331.3,2716
eku,24,W,335,Physical,48970.18,1296
eku,24,W,336,Digital,6717.42,1472
eku,24,W,336,Physical,22067.41,335
eku,24,W,345,Digital,0.0,200
eku,24,W,345,Physical,15368.13,394
eku,24,W,35,Digital,10264.26,655
eku,24,W,35,Physical,21583.11,577
eku,24,W,352,Digital,15738.27,186
eku,24,W,352,Physical,14638.5205,110
eku,24,W,355,Physical,34.5,50
eku,24,W,357,Physical,1159.42,58
eku,24,W,364,Digital,0.0,108
eku,24,W,364,Physical,362.89,80
eku,24,W,368,Digital,1494.6901,223
eku,24,W,368,Physical,42405.05,239
eku,24,W,38,Digital,423.91998,261
eku,24,W,38,Physical,11523.88,527
eku,24,W,380,Digital,0.0,44
eku,24,W,380,Physical,10412.06,168
eku,24,W,390,Physical,6987.7495,110
eku,24,W,395,Physical,34.5,50
eku,24,W,400,Digital,26918.879,931
eku,24,W,400,Physical,48047.25,307
eku,24,W,412,Digital,559.93,7
eku,24,W,415,Digital,0.0,395
eku,24,W,415,Physical,19525.629,1013
eku,24,W,423,Digital,994.89996,226
eku,24,W,423,Physical,2173.5,15
eku,24,W,43,Digital,0.0,33
eku,24,W,430,Digital,0.0,984
eku,24,W,430,Physical,198031.67,1592
eku,24,W,432,Digital,4430.25,175
eku,24,W,432,Physical,33330.09,356
eku,24,W,434,Digital,0.0,56
eku,24,W,434,Physical,3835.52,32
eku,24,W,440,Digital,9569.41,538
eku,24,W,440,Physical,48545.64,406
eku,24,W,447,Digital,8171.39,463
eku,24,W,447,Physical,39777.18,565
eku,24,W,45,Digital,39158.816,573
eku,24,W,450,Digital,20780.25,472
eku,24,W,450,Physical,46128.51,648
eku,24,W,452,Digital,693.83997,155
eku,24,W,452,Physical,2129.76,142
eku,24,W,457,Physical,239.2,16
eku,24,W,458,Physical,463.6,16
eku,24,W,459,Digital,2625.0,1200
eku,24,W,459,Physical,13991.42,149
eku,24,W,460,Digital,349.94998,322
eku,24,W,460,Physical,54245.71,612
eku,24,W,467,Digital,575.82,95
eku,24,W,467,Physical,14253.37,175
eku,24,W,470,Digital,2945.33,352
eku,24,W,470,Physical,88921.88,546
eku,24,W,475,Digital,50682.25,7046
eku,24,W,475,Physical,297717.6,4464
eku,24,W,484,Digital,36340.3,1148
eku,24,W,484,Physical,11534.9,227
eku,24,W,485,Digital,0.0,168
eku,24,W,485,Physical,2399.18,42
eku,24,W,490,Digital,15659.449,2425
eku,24,W,490,Physical,68086.57,1606
eku,24,W,5,Digital,6116.1,177
eku,24,W,5,Physical,83513.32,437
eku,24,W,50,Digital,1874.75,25
eku,24,W,50,Physical,37153.082,704
eku,24,W,505,Digital,964.60004,1355
eku,24,W,505,Physical,35711.7,711
eku,24,W,510,Digital,21977.5,554
eku,24,W,510,Physical,40269.09,1602
eku,24,W,520,Digital,17916.041,753
eku,24,W,520,Physical,25256.42,205
eku,24,W,530,Digital,107368.77,1728
eku,24,W,530,Physical,24477.07,567
eku,24,W,535,Digital,49365.27,4198
eku,24,W,535,Physical,216200.11,4887
eku,24,W,540,Digital,3432.0,203
eku,24,W,540,Physical,11476.81,84
eku,24,W,55,Physical,15.87,23
eku,24,W,550,Digital,3864.0,270
eku,24,W,550,Physical,9044.33,158
eku,24,W,555,Digital,22971.0,403
eku,24,W,555,Physical,7157.4805,55
eku,24,W,557,Digital,0.0,168
eku,24,W,557,Physical,21919.96,275
eku,24,W,567,Physical,26.91,39
eku,24,W,570,Digital,0.0,2455
eku,24,W,570,Physical,31144.26,1181
eku,24,W,571,Digital,4617.69,71
eku,24,W,575,Digital,4240.2,503
eku,24,W,575,Physical,14242.98,628
eku,24,W,580,Digital,0.0,40
eku,24,W,580,Physical,67504.56,954
eku,24,W,587,Digital,0.0,300
eku,24,W,587,Physical,0.0,158
eku,24,W,590,Digital,0.0,93
eku,24,W,590,Physical,93937.9,814
eku,24,W,595,Digital,7983.11,1916
eku,24,W,595,Physical,84646.76,1435
eku,24,W,60,Digital,4524.36,74
eku,24,W,60,Physical,7815.6597,206
eku,24,W,600,Digital,0.0,118
eku,24,W,623,Physical,91.42,4
eku,24,W,626,Digital,0.0,279
eku,24,W,626,Physical,2163.5,79
eku,24,W,627,Digital,0.0,955
eku,24,W,627,Physical,16400.99,157
eku,24,W,629,Digital,0.0,16
eku,24,W,629,Physical,87.8,4
eku,24,W,67,Digital,0.0,175
eku,24,W,67,Physical,0.0,117
eku,24,W,70,Digital,0.0,436
eku,24,W,70,Physical,73049.03,810
eku,24,W,75,Digital,0.0,285
eku,24,W,75,Physical,47326.418,710
eku,24,W,80,Digital,7413.08,1237
eku,24,W,80,Physical,460404.84,7489
eku,24,W,88,Digital,302365.1,6838
eku,24,W,88,Physical,439098.12,5376
eku,24,W,91,Physical,57194.418,1014
eku,24,W,92,Digital,2994.5999,28
eku,24,W,95,Digital,21599.81,662
eku,24,W,95,Physical,49100.47,631
fiu,22,A,10,Digital,0.0,569
fiu,22,A,10,Physical,210023.78,1512
fiu,22,A,100,Digital,0.0,183
fiu,22,A,100,Physical,0.0,61
fiu,22,A,101,Digital,0.0,400
fiu,22,A,101,Physical,32983.31,536
fiu,22,A,102,Digital,0.0,174
fiu,22,A,102,Physical,26855.16,116
fiu,22,A,103,Digital,0.0,159
fiu,22,A,103,Physical,18135.602,193
fiu,22,A,105,Digital,0.0,57
fiu,22,A,105,Physical,130251.61,1108
fiu,22,A,110,Digital,0.0,96
fiu,22,A,110,Physical,2079.68,32
fiu,22,A,111,Digital,41950.8,965
fiu,22,A,111,Physical,209598.0,3460
fiu,22,A,112,Digital,25975.35,213
fiu,22,A,112,Physical,12666.801,248
fiu,22,A,114,Physical,1019.16003,71
fiu,22,A,116,Digital,0.0,68
fiu,22,A,116,Physical,91624.625,729
fiu,22,A,117,Digital,0.0,186
fiu,22,A,117,Physical,6611.8496,195
fiu,22,A,118,Digital,0.0,676
fiu,22,A,118,Physical,91065.96,413
fiu,22,A,120,Digital,0.0,516
fiu,22,A,120,Physical,50590.6,599
fiu,22,A,122,Physical,9906.83,146
fiu,22,A,124,Digital,0.0,294
fiu,22,A,124,Physical,6897.3096,409
fiu,22,A,128,Digital,101263.93,2704
fiu,22,A,128,Physical,268789.22,2825
fiu,22,A,129,Digital,11243.75,586
fiu,22,A,129,Physical,280591.0,2531
fiu,22,A,13,Digital,0.0,68
fiu,22,A,13,Physical,0.0,38
fiu,22,A,132,Digital,0.0,816
fiu,22,A,132,Physical,74425.44,436
fiu,22,A,135,Digital,0.0,573
fiu,22,A,135,Physical,48384.47,542
fiu,22,A,138,Digital,0.0,206
fiu,22,A,138,Physical,12957.939,455
fiu,22,A,140,Digital,0.0,80
fiu,22,A,140,Physical,8037.92,168
fiu,22,A,142,Digital,0.0,232
fiu,22,A,142,Physical,14697.2295,101
fiu,22,A,144,Digital,0.0,72
fiu,22,A,144,Physical,0.0,24
fiu,22,A,153,Physical,3148.8,32
fiu,22,A,156,Digital,13489.51,738
fiu,22,A,156,Physical,92899.18,861
fiu,22,A,16,Physical,3285.54,137
fiu,22,A,162,Digital,4183.05,107
fiu,22,A,162,Physical,11275.11,121
fiu,22,A,163,Digital,0.0,75
fiu,22,A,163,Physical,24569.58,172
fiu,22,A,164,Physical,1593.3,94
fiu,22,A,165,Digital,0.0,340
fiu,22,A,165,Physical,87806.36,766
fiu,22,A,168,Digital,22350.0,1059
fiu,22,A,168,Physical,178163.81,1244
fiu,22,A,171,Digital,0.0,249
fiu,22,A,171,Physical,10120.17,83
fiu,22,A,175,Digital,0.0,16
fiu,22,A,175,Physical,235.8,7
fiu,22,A,176,Physical,239.84999,3
fiu,22,A,177,Digital,0.0,203
fiu,22,A,177,Physical,0.0,100
fiu,22,A,18,Digital,0.0,110
fiu,22,A,18,Physical,7803.95,220
fiu,22,A,183,Digital,0.0,514
fiu,22,A,183,Physical,38133.918,632
fiu,22,A,186,Digital,0.0,555
fiu,22,A,186,Physical,51726.73,594
fiu,22,A,189,Digital,0.0,292
fiu,22,A,189,Physical,0.0,321
fiu,22,A,19,Digital,0.0,740
fiu,22,A,19,Physical,132722.28,1927
fiu,22,A,192,Digital,0.0,197
fiu,22,A,192,Physical,40543.11,389
fiu,22,A,198,Digital,0.0,199
fiu,22,A,198,Physical,57131.56,513
fiu,22,A,202,Digital,0.0,81
fiu,22,A,202,Physical,9269.1,134
fiu,22,A,204,Digital,0.0,198
fiu,22,A,204,Physical,47340.84,740
fiu,22,A,207,Digital,0.0,275
fiu,22,A,207,Physical,27742.07,476
fiu,22,A,216,Digital,0.0,61
fiu,22,A,216,Physical,37392.918,281
fiu,22,A,219,Digital,0.0,390
fiu,22,A,219,Physical,108367.04,910
fiu,22,A,220,Physical,0.0,28
fiu,22,A,226,Digital,0.0,138
fiu,22,A,226,Physical,0.0,46
fiu,22,A,234,Physical,5634.14,34
fiu,22,A,240,Digital,0.0,75
fiu,22,A,240,Physical,56483.3,406
fiu,22,A,246,Digital,0.0,84
fiu,22,A,246,Physical,113306.625,2219
fiu,22,A,249,Digital,0.0,44
fiu,22,A,249,Physical,3689.84,88
fiu,22,A,25,Physical,63998.95,717
fiu,22,A,252,Physical,569.7,60
fiu,22,A,255,Physical,18338.451,130
fiu,22,A,257,Physical,26498.291,91
fiu,22,A,259,Physical,2847.8398,34
fiu,22,A,260,Digital,0.0,2
fiu,22,A,260,Physical,33050.16,324
fiu,22,A,261,Digital,0.0,231
fiu,22,A,261,Physical,13586.79,85
fiu,22,A,270,Digital,0.0,153
fiu,22,A,270,Physical,8107.98,153
fiu,22,A,273,Digital,14122.149,157
fiu,22,A,273,Physical,19390.88,274
fiu,22,A,279,Physical,1799.91,9
fiu,22,A,282,Digital,0.0,224
fiu,22,A,282,Physical,82430.96,472
fiu,22,A,287,Digital,0.0,51
fiu,22,A,287,Physical,10242.77,138
fiu,22,A,29,Physical,4078.8,33
fiu,22,A,291,Digital,41433.34,2060
fiu,22,A,291,Physical,271699.62,2126
fiu,22,A,301,Physical,19807.21,86
fiu,22,A,309,Physical,17215.38,117
fiu,22,A,31,Digital,0.0,104
fiu,22,A,31,Physical,2918.0,66
fiu,22,A,318,Digital,0.0,20
fiu,22,A,318,Physical,22712.621,106
fiu,22,A,321,Physical,20625.25,85
fiu,22,A,327,Physical,0.0,98
fiu,22,A,335,Physical,2394.0,38
fiu,22,A,336,Physical,12513.0,97
fiu,22,A,341,Physical,8149.46,112
fiu,22,A,346,Digital,0.0,178
fiu,22,A,346,Physical,11540.58,210
fiu,22,A,347,Digital,0.0,227
fiu,22,A,347,Physical,1385.88,146
fiu,22,A,348,Digital,13068.0,798
fiu,22,A,348,Physical,111336.63,884
fiu,22,A,354,Digital,0.0,69
fiu,22,A,354,Physical,0.0,69
fiu,22,A,360,Physical,6842.73,47
fiu,22,A,365,Digital,0.0,69
fiu,22,A,365,Physical,1214.17,105
fiu,22,A,369,Digital,0.0,947
fiu,22,A,369,Physical,64761.11,1057
fiu,22,A,37,Digital,0.0,54
fiu,22,A,37,Physical,3625.63,37
fiu,22,A,371,Digital,0.0,557
fiu,22,A,371,Physical,12640.3,177
fiu,22,A,372,Physical,76237.43,668
fiu,22,A,374,Digital,0.0,279
fiu,22,A,374,Physical,3627.0,279
fiu,22,A,375,Digital,0.0,749
fiu,22,A,375,Physical,118382.4,895
fiu,22,A,381,Digital,0.0,763
fiu,22,A,381,Physical,16940.82,702
fiu,22,A,384,Physical,44148.0,283
fiu,22,A,387,Digital,0.0,9
fiu,22,A,387,Physical,0.0,138
fiu,22,A,390,Digital,0.0,109
fiu,22,A,390,Physical,54393.8,466
fiu,22,A,393,Digital,0.0,1202
fiu,22,A,393,Physical,112568.64,1581
fiu,22,A,399,Digital,0.0,660
fiu,22,A,399,Physical,66550.39,1086
fiu,22,A,40,Digital,0.0,109
fiu,22,A,40,Physical,101170.47,646
fiu,22,A,402,Digital,0.0,546
fiu,22,A,402,Physical,4793.65,171
fiu,22,A,405,Physical,14125.439,96
fiu,22,A,411,Physical,8042.16,148
fiu,22,A,413,Physical,2340.24,42
fiu,22,A,414,Physical,0.0,300
fiu,22,A,417,Digital,0.0,48
fiu,22,A,417,Physical,0.0,64
fiu,22,A,419,Digital,0.0,34
fiu,22,A,419,Physical,0.0,67
fiu,22,A,420,Digital,0.0,30
fiu,22,A,420,Physical,31302.1,496
fiu,22,A,421,Digital,0.0,169
fiu,22,A,421,Physical,39.6,389
fiu,22,A,423,Digital,0.0,335
fiu,22,A,423,Physical,5884.91,133
fiu,22,A,424,Digital,0.0,120
fiu,22,A,424,Physical,3991.4402,176
fiu,22,A,426,Digital,0.0,204
fiu,22,A,426,Physical,27911.99,665
fiu,22,A,429,Digital,0.0,1169
fiu,22,A,429,Physical,61536.84,676
fiu,22,A,432,Physical,7732.88,76
fiu,22,A,435,Digital,0.0,14
fiu,22,A,435,Physical,4798.5,276
fiu,22,A,438,Digital,0.0,24
fiu,22,A,438,Physical,503.88,12
fiu,22,A,44,Digital,0.0,108
fiu,22,A,44,Physical,9797.239,71
fiu,22,A,441,Digital,0.0,494
fiu,22,A,441,Physical,241930.64,2019
fiu,22,A,444,Physical,12945.92,86
fiu,22,A,447,Digital,0.0,15
fiu,22,A,447,Physical,0.0,15
fiu,22,A,45,Digital,0.0,384
fiu,22,A,45,Physical,3648.0,128
fiu,22,A,453,Digital,0.0,2886
fiu,22,A,453,Physical,425269.3,4363
fiu,22,A,456,Digital,0.0,400
fiu,22,A,456,Physical,25712.0,400
fiu,22,A,459,Digital,17577.5,1399
fiu,22,A,459,Physical,148290.12,1551
fiu,22,A,46,Physical,22407.299,291
fiu,22,A,462,Physical,0.0,49
fiu,22,A,468,Digital,0.0,48
fiu,22,A,468,Physical,32211.65,229
fiu,22,A,47,Digital,0.0,155
fiu,22,A,47,Physical,240.0,149
fiu,22,A,474,Digital,0.0,412
fiu,22,A,474,Physical,28982.459,413
fiu,22,A,478,Digital,0.0,148
fiu,22,A,478,Physical,0.0,110
fiu,22,A,486,Digital,0.0,88
fiu,22,A,486,Physical,37361.16,322
fiu,22,A,50,Physical,2645.3699,19
fiu,22,A,504,Digital,0.0,24
fiu,22,A,504,Physical,136696.23,898
fiu,22,A,519,Digital,0.0,64
fiu,22,A,519,Physical,10576.7,85
fiu,22,A,541,Digital,0.0,2809
fiu,22,A,541,Physical,0.0,2339
fiu,22,A,546,Digital,0.0,605
fiu,22,A,546,Physical,96310.79,1264
fiu,22,A,549,Physical,3543.38,23
fiu,22,A,567,Digital,0.0,364
fiu,22,A,567,Physical,3479.35,254
fiu,22,A,570,Digital,0.0,750
fiu,22,A,570,Physical,37930.51,694
fiu,22,A,572,Digital,0.0,225
fiu,22,A,572,Physical,0.0,315
fiu,22,A,573,Digital,0.0,2285
fiu,22,A,573,Physical,332845.7,3123
fiu,22,A,576,Digital,0.0,161
fiu,22,A,576,Physical,0.0,90
fiu,22,A,582,Physical,0.0,15
fiu,22,A,588,Physical,3608.0098,53
fiu,22,A,594,Digital,0.0,169
fiu,22,A,594,Physical,16886.15,225
fiu,22,A,599,Digital,0.0,1154
fiu,22,A,599,Physical,16333.08,545
fiu,22,A,603,Physical,14317.28,182
fiu,22,A,615,Digital,0.0,256
fiu,22,A,615,Physical,0.0,374
fiu,22,A,618,Physical,138989.84,2128
fiu,22,A,624,Physical,7070.85,45
fiu,22,A,627,Digital,0.0,99
fiu,22,A,627,Physical,77804.164,655
fiu,22,A,630,Digital,0.0,1456
fiu,22,A,630,Physical,18576.31,1073
fiu,22,A,636,Digital,12247.5,414
fiu,22,A,636,Physical,8121.32,262
fiu,22,A,645,Digital,0.0,77
fiu,22,A,645,Physical,22098.23,121
fiu,22,A,651,Digital,0.0,1071
fiu,22,A,651,Physical,264855.38,2569
fiu,22,A,657,Digital,0.0,190
fiu,22,A,657,Physical,6319.0,340
fiu,22,A,660,Digital,0.0,59
fiu,22,A,660,Physical,246356.94,1484
fiu,22,A,663,Digital,0.0,8
fiu,22,A,663,Physical,37840.54,427
fiu,22,A,666,Digital,0.0,128
fiu,22,A,666,Physical,0.0,260
fiu,22,A,669,Digital,0.0,396
fiu,22,A,669,Physical,163909.89,1496
fiu,22,A,670,Digital,0.0,11
fiu,22,A,670,Physical,0.0,55
fiu,22,A,671,Digital,0.0,16
fiu,22,A,671,Physical,167.8,20
fiu,22,A,681,Physical,0.0,23
fiu,22,A,682,Digital,0.0,195
fiu,22,A,682,Physical,0.0,65
fiu,22,A,683,Digital,0.0,15
fiu,22,A,683,Physical,12710.88,105
fiu,22,A,687,Digital,0.0,2232
fiu,22,A,687,Physical,149218.31,1917
fiu,22,A,688,Digital,0.0,678
fiu,22,A,688,Physical,59732.367,583
fiu,22,A,690,Digital,0.0,282
fiu,22,A,690,Physical,0.0,477
fiu,22,A,693,Digital,17838.469,1068
fiu,22,A,693,Physical,221685.23,2644
fiu,22,A,696,Physical,83379.6,1167
fiu,22,A,705,Physical,1280.2,37
fiu,22,A,708,Digital,0.0,239
fiu,22,A,708,Physical,2689.85,276
fiu,22,A,714,Digital,0.0,48
fiu,22,A,714,Physical,139845.8,1389
fiu,22,A,715,Physical,2158.8,21
fiu,22,A,717,Physical,9871.6,112
fiu,22,A,72,Physical,44752.758,356
fiu,22,A,720,Physical,15899.5205,182
fiu,22,A,723,Digital,0.0,47
fiu,22,A,723,Physical,15974.35,157
fiu,22,A,726,Physical,24606.4,182
fiu,22,A,729,Physical,35950.723,116
fiu,22,A,732,Digital,0.0,121
fiu,22,A,732,Physical,22306.201,187
fiu,22,A,733,Digital,0.0,16
fiu,22,A,733,Physical,23725.02,220
fiu,22,A,735,Physical,6728.35,914
fiu,22,A,738,Digital,0.0,12
fiu,22,A,738,Physical,1491.1599,20
fiu,22,A,741,Physical,799.6,40
fiu,22,A,744,Digital,0.0,465
fiu,22,A,744,Physical,15840.0,312
fiu,22,A,747,Digital,0.0,136
fiu,22,A,747,Physical,6463.94,174
fiu,22,A,748,Physical,32723.57,101
fiu,22,A,75,Digital,0.0,229
fiu,22,A,75,Physical,99307.3,806
fiu,22,A,750,Physical,0.0,3
fiu,22,A,754,Digital,0.0,172
fiu,22,A,754,Physical,4889.0,115
fiu,22,A,756,Digital,0.0,216
fiu,22,A,756,Physical,30129.06,499
fiu,22,A,76,Digital,0.0,192
fiu,22,A,76,Physical,20532.03,91
fiu,22,A,77,Digital,0.0,4544
fiu,22,A,77,Physical,19878.58,3976
fiu,22,A,81,Digital,0.0,1191
fiu,22,A,81,Physical,282675.3,2905
fiu,22,A,87,Digital,13081.529,875
fiu,22,A,87,Physical,59856.06,721
fiu,22,A,90,Physical,5396.4,136
fiu,22,A,91,Physical,16880.879,74
fiu,22,A,93,Digital,12376.0,1876
fiu,22,A,93,Physical,306042.56,2202
fiu,22,A,96,Physical,27099.68,277
fiu,22,F,10,Digital,11700.0,811
fiu,22,F,10,Physical,431439.6,3018
fiu,22,F,100,Physical,0.0,89
fiu,22,F,101,Digital,0.0,188
fiu,22,F,101,Physical,47229.91,897
fiu,22,F,102,Digital,0.0,196
fiu,22,F,102,Physical,85603.164,674
fiu,22,F,103,Digital,0.0,136
fiu,22,F,103,Physical,20553.68,204
fiu,22,F,105,Digital,17847.5,318
fiu,22,F,105,Physical,205982.4,2146
fiu,22,F,108,Physical,4574.38,72
fiu,22,F,111,Digital,0.0,777
fiu,22,F,111,Physical,706243.5,13866
fiu,22,F,112,Digital,18712.24,546
fiu,22,F,112,Physical,84006.48,1249
fiu,22,F,113,Physical,2210.0,26
fiu,22,F,114,Digital,0.0,90
fiu,22,F,114,Physical,4839.16,311
fiu,22,F,115,Physical,4140.0,72
fiu,22,F,116,Digital,0.0,171
fiu,22,F,116,Physical,172888.19,1424
fiu,22,F,117,Digital,0.0,466
fiu,22,F,117,Physical,22229.18,327
fiu,22,F,118,Physical,139156.94,691
fiu,22,F,120,Digital,2753.4602,1517
fiu,22,F,120,Physical,89769.93,1571
fiu,22,F,122,Digital,0.0,288
fiu,22,F,122,Physical,54969.48,600
fiu,22,F,124,Physical,19526.31,438
fiu,22,F,128,Digital,132604.34,4855
fiu,22,F,128,Physical,315984.56,3818
fiu,22,F,129,Digital,14751.8,1184
fiu,22,F,129,Physical,471041.66,4050
fiu,22,F,13,Digital,0.0,181
fiu,22,F,13,Physical,0.0,90
fiu,22,F,132,Digital,0.0,664
fiu,22,F,132,Physical,105214.57,1324
fiu,22,F,135,Digital,0.0,348
fiu,22,F,135,Physical,94331.78,1369
fiu,22,F,138,Digital,0.0,382
fiu,22,F,138,Physical,22898.02,935
fiu,22,F,140,Digital,0.0,70
fiu,22,F,140,Physical,13776.989,242
fiu,22,F,142,Digital,0.0,52
fiu,22,F,142,Physical,15894.699,196
fiu,22,F,144,Physical,10090.261,194
fiu,22,F,147,Physical,322.19998,36
fiu,22,F,156,Digital,5576.9,226
fiu,22,F,156,Physical,311628.6,2681
fiu,22,F,16,Digital,0.0,51
fiu,22,F,16,Physical,18669.79,521
fiu,22,F,162,Digital,0.0,14
fiu,22,F,162,Physical,93957.35,612
fiu,22,F,163,Physical,56493.32,338
fiu,22,F,164,Physical,1491.6001,88
fiu,22,F,165,Digital,0.0,237
fiu,22,F,165,Physical,176064.31,1388
fiu,22,F,168,Digital,9000.0,707
fiu,22,F,168,Physical,623016.0,4113
fiu,22,F,17,Digital,0.0,249
fiu,22,F,17,Physical,3361.1,225
fiu,22,F,171,Physical,20828.89,198
fiu,22,F,174,Digital,0.0,78
fiu,22,F,174,Physical,15312.001,128
fiu,22,F,177,Digital,0.0,239
fiu,22,F,177,Physical,0.0,124
fiu,22,F,18,Digital,0.0,30
fiu,22,F,18,Physical,8939.07,322
fiu,22,F,180,Digital,0.0,36
fiu,22,F,180,Physical,144.0,86
fiu,22,F,183,Digital,0.0,1900
fiu,22,F,183,Physical,63346.86,1915
fiu,22,F,186,Digital,0.0,478
fiu,22,F,186,Physical,0.0,516
fiu,22,F,189,Digital,0.0,527
fiu,22,F,189,Physical,0.0,342
fiu,22,F,19,Digital,2976.0,1605
fiu,22,F,19,Physical,165425.06,3052
fiu,22,F,192,Digital,0.0,213
fiu,22,F,192,Physical,89719.35,838
fiu,22,F,198,Digital,0.0,259
fiu,22,F,198,Physical,78729.46,921
fiu,22,F,202,Digital,0.0,246
fiu,22,F,202,Physical,55860.12,601
fiu,22,F,204,Digital,0.0,1323
fiu,22,F,204,Physical,226501.33,2557
fiu,22,F,207,Digital,0.0,124
fiu,22,F,207,Physical,53326.7,511
fiu,22,F,216,Physical,41836.062,330
fiu,22,F,219,Digital,0.0,282
fiu,22,F,219,Physical,198922.05,1469
fiu,22,F,22,Physical,990.13995,62
fiu,22,F,226,Digital,0.0,384
fiu,22,F,226,Physical,33091.32,301
fiu,22,F,23,Digital,0.0,27
fiu,22,F,23,Physical,1620.0,54
fiu,22,F,234,Digital,0.0,435
fiu,22,F,234,Physical,8285.5,192
fiu,22,F,240,Digital,7694.19,376
fiu,22,F,240,Physical,129694.56,987
fiu,22,F,246,Digital,0.0,210
fiu,22,F,246,Physical,275434.03,5414
fiu,22,F,249,Digital,0.0,79
fiu,22,F,249,Physical,7553.18,411
fiu,22,F,25,Digital,5999.25,634
fiu,22,F,25,Physical,103907.53,1485
fiu,22,F,252,Digital,0.0,260
fiu,22,F,252,Physical,10697.08,821
fiu,22,F,255,Digital,0.0,99
fiu,22,F,255,Physical,32461.75,257
fiu,22,F,257,Digital,0.0,38
fiu,22,F,257,Physical,39358.95,205
fiu,22,F,260,Digital,0.0,1
fiu,22,F,260,Physical,40928.32,400
fiu,22,F,261,Digital,0.0,249
fiu,22,F,261,Physical,30940.781,428
fiu,22,F,270,Digital,0.0,138
fiu,22,F,270,Physical,36498.7,1016
fiu,22,F,273,Digital,0.0,217
fiu,22,F,273,Physical,105805.52,1345
fiu,22,F,279,Physical,399.98,2
fiu,22,F,282,Digital,0.0,394
fiu,22,F,282,Physical,144327.86,1298
fiu,22,F,287,Digital,0.0,502
fiu,22,F,287,Physical,9660.0,274
fiu,22,F,288,Physical,18797.57,238
fiu,22,F,29,Physical,19690.86,154
fiu,22,F,291,Digital,70336.93,3111
fiu,22,F,291,Physical,652136.1,4402
fiu,22,F,297,Physical,147.4,3
fiu,22,F,30,Physical,2056.92,12
fiu,22,F,301,Physical,29950.56,108
fiu,22,F,309,Physical,30005.459,241
fiu,22,F,31,Physical,10211.4795,170
fiu,22,F,315,Physical,312.9,24
fiu,22,F,318,Digital,0.0,81
fiu,22,F,318,Physical,33640.39,208
fiu,22,F,321,Physical,64406.77,323
fiu,22,F,324,Digital,0.0,107
fiu,22,F,324,Physical,5878.76,584
fiu,22,F,327,Digital,1584.0,33
fiu,22,F,327,Physical,49749.52,376
fiu,22,F,331,Digital,2046.7699,69
fiu,22,F,331,Physical,3859.25,17
fiu,22,F,333,Physical,60.0,3
fiu,22,F,335,Digital,0.0,30
fiu,22,F,335,Physical,3056.0098,35
fiu,22,F,336,Physical,64179.04,687
fiu,22,F,339,Digital,0.0,51
fiu,22,F,339,Physical,942.65,34
fiu,22,F,34,Digital,0.0,180
fiu,22,F,34,Physical,23749.35,316
fiu,22,F,340,Physical,0.0,12
fiu,22,F,341,Physical,3493.68,54
fiu,22,F,346,Digital,4032.0,824
fiu,22,F,346,Physical,73855.98,638
fiu,22,F,347,Digital,0.0,127
fiu,22,F,347,Physical,627.67,162
fiu,22,F,348,Digital,15600.0,325
fiu,22,F,348,Physical,194919.02,1765
fiu,22,F,35,Digital,0.0,62
fiu,22,F,35,Physical,0.0,38
fiu,22,F,354,Digital,0.0,982
fiu,22,F,354,Physical,0.0,235
fiu,22,F,357,Digital,0.0,141
fiu,22,F,357,Physical,6216.13,378
fiu,22,F,360,Physical,16014.899,110
fiu,22,F,365,Digital,0.0,51
fiu,22,F,365,Physical,4037.27,197
fiu,22,F,369,Digital,0.0,1287
fiu,22,F,369,Physical,101862.57,1587
fiu,22,F,37,Physical,8575.12,88
fiu,22,F,371,Digital,0.0,515
fiu,22,F,371,Physical,17644.03,195
fiu,22,F,372,Physical,157339.97,898
fiu,22,F,374,Digital,0.0,5
fiu,22,F,374,Physical,6478.0,475
fiu,22,F,375,Digital,18560.361,1302
fiu,22,F,375,Physical,135165.12,1383
fiu,22,F,380,Digital,0.0,225
fiu,22,F,380,Physical,1679.16,159
fiu,22,F,381,Digital,0.0,47
fiu,22,F,381,Physical,102025.08,4770
fiu,22,F,384,Physical,115577.73,796
fiu,22,F,387,Digital,0.0,223
fiu,22,F,387,Physical,3335.94,423
fiu,22,F,390,Digital,0.0,615
fiu,22,F,390,Physical,79214.6,614
fiu,22,F,393,Digital,0.0,1373
fiu,22,F,393,Physical,206441.7,3613
fiu,22,F,396,Digital,0.0,29
fiu,22,F,396,Physical,0.0,29
fiu,22,F,399,Digital,2159.55,2127
fiu,22,F,399,Physical,98982.0,1679
fiu,22,F,40,Physical,128044.914,1095
fiu,22,F,402,Digital,0.0,416
fiu,22,F,402,Physical,7177.78,552
fiu,22,F,405,Physical,15891.12,108
fiu,22,F,411,Physical,21660.71,308
fiu,22,F,413,Digital,0.0,190
fiu,22,F,413,Physical,12097.5,118
fiu,22,F,414,Physical,27336.918,687
fiu,22,F,417,Digital,0.0,135
fiu,22,F,417,Physical,0.0,314
fiu,22,F,419,Digital,0.0,256
fiu,22,F,419,Physical,0.0,156
fiu,22,F,42,Digital,0.0,10
fiu,22,F,42,Physical,160.0,110
fiu,22,F,420,Digital,0.0,57
fiu,22,F,420,Physical,22135.94,362
fiu,22,F,421,Digital,0.0,769
fiu,22,F,421,Physical,360.0,3851
fiu,22,F,423,Physical,23310.791,564
fiu,22,F,424,Digital,0.0,126
fiu,22,F,424,Physical,10929.7,280
fiu,22,F,426,Digital,0.0,400
fiu,22,F,426,Physical,28280.879,649
fiu,22,F,429,Digital,0.0,655
fiu,22,F,429,Physical,174244.98,1685
fiu,22,F,43,Digital,0.0,3
fiu,22,F,43,Physical,4429.7803,125
fiu,22,F,432,Digital,0.0,39
fiu,22,F,432,Physical,14077.21,177
fiu,22,F,435,Digital,0.0,77
fiu,22,F,435,Physical,70756.44,2510
fiu,22,F,438,Physical,2609.49,51
fiu,22,F,44,Digital,0.0,6
fiu,22,F,44,Physical,35959.81,619
fiu,22,F,441,Digital,0.0,1053
fiu,22,F,441,Physical,1013288.56,8496
fiu,22,F,444,Physical,48744.02,561
fiu,22,F,45,Physical,10135.3,238
fiu,22,F,453,Digital,6839.76,5346
fiu,22,F,453,Physical,835090.06,8299
fiu,22,F,456,Digital,0.0,210
fiu,22,F,456,Physical,76188.04,890
fiu,22,F,459,Digital,39588.81,2385
fiu,22,F,459,Physical,445807.94,4373
fiu,22,F,46,Physical,166786.6,1465
fiu,22,F,462,Physical,0.0,105
fiu,22,F,465,Physical,118.0,2
fiu,22,F,467,Digital,0.0,125
fiu,22,F,467,Physical,0.0,250
fiu,22,F,468,Physical,113085.15,901
fiu,22,F,469,Digital,0.0,2
fiu,22,F,469,Physical,0.0,6
fiu,22,F,47,Digital,0.0,126
fiu,22,F,47,Physical,120.0,80
fiu,22,F,471,Digital,0.0,6
fiu,22,F,471,Physical,9101.52,84
fiu,22,F,474,Digital,0.0,523
fiu,22,F,474,Physical,148229.67,2236
fiu,22,F,477,Physical,8985.1,38
fiu,22,F,478,Digital,0.0,428
fiu,22,F,478,Physical,0.0,198
fiu,22,F,48,Physical,5306.68,47
fiu,22,F,486,Digital,0.0,778
fiu,22,F,486,Physical,49848.5,673
fiu,22,F,492,Digital,0.0,21
fiu,22,F,492,Physical,634.85,19
fiu,22,F,495,Digital,0.0,7
fiu,22,F,495,Physical,527.84,16
fiu,22,F,498,Physical,9189.01,113
fiu,22,F,50,Physical,4594.59,33
fiu,22,F,501,Physical,6800.0,40
fiu,22,F,504,Physical,96312.695,827
fiu,22,F,507,Digital,0.0,24
fiu,22,F,507,Physical,24880.17,338
fiu,22,F,510,Digital,0.0,27
fiu,22,F,510,Physical,0.0,9
fiu,22,F,513,Physical,111.65,7
fiu,22,F,516,Digital,0.0,60
fiu,22,F,516,Physical,1949.8,59
fiu,22,F,519,Physical,24523.25,205
fiu,22,F,528,Physical,12479.221,78
fiu,22,F,534,Physical,378.67,19
fiu,22,F,541,Digital,0.0,2785
fiu,22,F,541,Physical,0.0,2011
fiu,22,F,545,Physical,54864.0,127
fiu,22,F,546,Digital,0.0,65
fiu,22,F,546,Physical,338436.25,2318
fiu,22,F,549,Digital,0.0,258
fiu,22,F,549,Physical,23453.76,339
fiu,22,F,555,Physical,18455.2,136
fiu,22,F,561,Physical,5428.0,40
fiu,22,F,567,Digital,0.0,1506
fiu,22,F,567,Physical,5566.96,1152
fiu,22,F,570,Digital,0.0,2178
fiu,22,F,570,Physical,20451.91,1045
fiu,22,F,571,Physical,0.0,12
fiu,22,F,572,Digital,0.0,716
fiu,22,F,572,Physical,0.0,1024
fiu,22,F,573,Digital,8107.5103,869
fiu,22,F,573,Physical,567465.7,5349
fiu,22,F,576,Digital,0.0,169
fiu,22,F,576,Physical,0.0,169
fiu,22,F,582,Physical,0.0,7
fiu,22,F,585,Physical,549.45,11
fiu,22,F,588,Physical,7686.63,64
fiu,22,F,594,Digital,0.0,350
fiu,22,F,594,Physical,30798.66,479
fiu,22,F,599,Digital,10135.5,2855
fiu,22,F,599,Physical,17486.0,1272
fiu,22,F,603,Digital,359.55,69
fiu,22,F,603,Physical,103937.72,1460
fiu,22,F,606,Physical,10254.51,150
fiu,22,F,615,Digital,0.0,1733
fiu,22,F,615,Physical,0.0,789
fiu,22,F,618,Digital,0.0,559
fiu,22,F,618,Physical,370978.22,5094
fiu,22,F,624,Physical,13770.2,92
fiu,22,F,627,Digital,0.0,161
fiu,22,F,627,Physical,186790.75,2265
fiu,22,F,630,Digital,0.0,498
fiu,22,F,630,Physical,62829.22,3042
fiu,22,F,633,Physical,0.0,4
fiu,22,F,636,Digital,21743.75,794
fiu,22,F,636,Physical,6570.3003,217
fiu,22,F,642,Physical,125.9,6
fiu,22,F,645,Digital,0.0,115
fiu,22,F,645,Physical,100776.65,979
fiu,22,F,651,Digital,0.0,1553
fiu,22,F,651,Physical,618639.75,5541
fiu,22,F,654,Digital,0.0,60
fiu,22,F,654,Physical,7266.7,111
fiu,22,F,657,Digital,2000.0,598
fiu,22,F,657,Physical,8088.3193,706
fiu,22,F,660,Digital,0.0,585
fiu,22,F,660,Physical,418222.38,2624
fiu,22,F,663,Digital,0.0,64
fiu,22,F,663,Physical,52118.16,573
fiu,22,F,666,Digital,0.0,552
fiu,22,F,666,Physical,9136.649,794
fiu,22,F,669,Digital,0.0,226
fiu,22,F,669,Physical,287127.25,2921
fiu,22,F,670,Digital,0.0,11
fiu,22,F,670,Physical,0.0,32
fiu,22,F,671,Digital,0.0,131
fiu,22,F,671,Physical,5228.95,174
fiu,22,F,675,Physical,16274.54,164
fiu,22,F,678,Physical,872.39996,6
fiu,22,F,68,Digital,0.0,80
fiu,22,F,68,Physical,0.0,40
fiu,22,F,682,Digital,0.0,801
fiu,22,F,682,Physical,1687.77,407
fiu,22,F,683,Digital,0.0,59
fiu,22,F,683,Physical,23807.68,187
fiu,22,F,684,Digital,0.0,427
fiu,22,F,684,Physical,38399.81,791
fiu,22,F,687,Digital,0.0,879
fiu,22,F,687,Physical,339984.38,3234
fiu,22,F,688,Digital,0.0,1622
fiu,22,F,688,Physical,119515.39,1124
fiu,22,F,690,Digital,0.0,896
fiu,22,F,690,Physical,0.0,585
fiu,22,F,693,Digital,29337.77,1138
fiu,22,F,693,Physical,84566.05,1227
fiu,22,F,694,Physical,27369.07,209
fiu,22,F,696,Physical,53657.77,2063
fiu,22,F,702,Physical,1727.68,32
fiu,22,F,705,Digital,0.0,54
fiu,22,F,705,Physical,2104.8,20
fiu,22,F,708,Digital,0.0,372
fiu,22,F,708,Physical,9410.851,407
fiu,22,F,714,Digital,31497.48,1172
fiu,22,F,714,Physical,461253.44,4656
fiu,22,F,715,Physical,8121.2,79
fiu,22,F,717,Digital,0.0,240
fiu,22,F,717,Physical,25966.61,196
fiu,22,F,72,Physical,59335.12,472
fiu,22,F,720,Digital,0.0,25
fiu,22,F,720,Physical,24674.82,159
fiu,22,F,723,Digital,997.26,225
fiu,22,F,723,Physical,96462.93,1138
fiu,22,F,726,Physical,32177.6,238
fiu,22,F,729,Digital,0.0,171
fiu,22,F,729,Physical,55418.133,586
fiu,22,F,732,Digital,0.0,133
fiu,22,F,732,Physical,38538.94,373
fiu,22,F,733,Digital,0.0,57
fiu,22,F,733,Physical,7814.05,172
fiu,22,F,735,Physical,49949.29,2503
fiu,22,F,738,Physical,6767.69,127
fiu,22,F,741,Digital,0.0,252
fiu,22,F,741,Physical,6695.19,343
fiu,22,F,744,Digital,0.0,285
fiu,22,F,744,Physical,15760.0,270
fiu,22,F,747,Digital,0.0,98
fiu,22,F,747,Physical,13268.68,370
fiu,22,F,748,Digital,0.0,178
fiu,22,F,748,Physical,34960.652,142
fiu,22,F,749,Digital,0.0,34
fiu,22,F,749,Physical,1944.8,17
fiu,22,F,75,Digital,0.0,495
fiu,22,F,75,Physical,154514.7,1275
fiu,22,F,750,Digital,0.0,16
fiu,22,F,750,Physical,0.0,4
fiu,22,F,753,Digital,0.0,77
fiu,22,F,753,Physical,27720.0,333
fiu,22,F,754,Digital,0.0,171
fiu,22,F,754,Physical,18017.7,649
fiu,22,F,756,Digital,0.0,72
fiu,22,F,756,Physical,78616.73,1162
fiu,22,F,757,Physical,1389.47,74
fiu,22,F,758,Digital,0.0,35
fiu,22,F,758,Physical,1225.0,35
fiu,22,F,76,Digital,0.0,469
fiu,22,F,76,Physical,55587.97,520
fiu,22,F,77,Digital,0.0,4558
fiu,22,F,77,Physical,0.0,6389
fiu,22,F,770,Physical,8159.93,67
fiu,22,F,78,Physical,12159.36,64
fiu,22,F,790,Digital,0.0,69
fiu,22,F,790,Physical,5155.22,23
fiu,22,F,81,Digital,0.0,380
fiu,22,F,81,Physical,904145.3,9120
fiu,22,F,87,Digital,23760.33,1641
fiu,22,F,87,Physical,169289.05,2026
fiu,22,F,887,Digital,0.0,6
fiu,22,F,887,Physical,1319.76,34
fiu,22,F,888,Digital,0.0,40
fiu,22,F,888,Physical,0.0,20
fiu,22,F,90,Digital,0.0,249
fiu,22,F,90,Physical,27585.73,643
fiu,22,F,91,Physical,9570.0,58
fiu,22,F,93,Digital,6256.68,952
fiu,22,F,93,Physical,454962.88,4327
fiu,22,F,96,Digital,0.0,426
fiu,22,F,96,Physical,55242.098,687
fiu,22,W,10,Digital,0.0,1088
fiu,22,W,10,Physical,423652.2,2988
fiu,22,W,100,Physical,0.0,48
fiu,22,W,101,Digital,0.0,1252
fiu,22,W,101,Physical,65634.82,1290
fiu,22,W,102,Digital,0.0,489
fiu,22,W,102,Physical,57404.46,336
fiu,22,W,103,Digital,0.0,276
fiu,22,W,103,Physical,27145.941,408
fiu,22,W,105,Digital,17849.16,2157
fiu,22,W,105,Physical,313751.7,2747
fiu,22,W,108,Physical,2958.1,51
fiu,22,W,111,Digital,139542.27,2962
fiu,22,W,111,Physical,615775.2,11035
fiu,22,W,112,Physical,141288.27,1092
fiu,22,W,113,Physical,0.0,42
fiu,22,W,114,Digital,0.0,7
fiu,22,W,114,Physical,4396.3,136
fiu,22,W,115,Digital,0.0,57
fiu,22,W,115,Physical,503.93002,52
fiu,22,W,116,Digital,0.0,399
fiu,22,W,116,Physical,154959.77,1275
fiu,22,W,117,Digital,0.0,365
fiu,22,W,117,Physical,6297.0,170
fiu,22,W,118,Digital,0.0,399
fiu,22,W,118,Physical,167319.27,732
fiu,22,W,120,Digital,7362.5,1151
fiu,22,W,120,Physical,204268.02,2394
fiu,22,W,122,Physical,14013.04,218
fiu,22,W,124,Digital,6965.53,157
fiu,22,W,124,Physical,20266.6,491
fiu,22,W,128,Digital,105510.87,3226
fiu,22,W,128,Physical,362064.25,4308
fiu,22,W,129,Digital,21588.0,1536
fiu,22,W,129,Physical,414212.62,3438
fiu,22,W,13,Digital,0.0,130
fiu,22,W,13,Physical,0.0,138
fiu,22,W,132,Digital,0.0,829
fiu,22,W,132,Physical,134806.58,1094
fiu,22,W,135,Digital,0.0,782
fiu,22,W,135,Physical,86701.836,1222
fiu,22,W,138,Digital,0.0,15
fiu,22,W,138,Physical,13383.061,539
fiu,22,W,140,Digital,0.0,362
fiu,22,W,140,Physical,10216.6,220
fiu,22,W,142,Digital,0.0,24
fiu,22,W,142,Physical,26813.379,176
fiu,22,W,144,Digital,0.0,451
fiu,22,W,144,Physical,0.0,284
fiu,22,W,15,Physical,0.0,16
fiu,22,W,153,Physical,1476.0,15
fiu,22,W,156,Digital,17924.291,571
fiu,22,W,156,Physical,265152.8,2242
fiu,22,W,16,Digital,7368.75,135
fiu,22,W,16,Physical,61573.16,496
fiu,22,W,162,Digital,1538.72,173
fiu,22,W,162,Physical,2377.65,240
fiu,22,W,163,Digital,0.0,144
fiu,22,W,163,Physical,46130.64,324
fiu,22,W,164,Physical,1372.9501,81
fiu,22,W,165,Digital,0.0,335
fiu,22,W,165,Physical,190108.72,1340
fiu,22,W,168,Digital,0.0,2606
fiu,22,W,168,Physical,522726.75,3025
fiu,22,W,17,Digital,0.0,15
fiu,22,W,17,Physical,0.0,75
fiu,22,W,171,Digital,0.0,44
fiu,22,W,171,Physical,10588.76,134
fiu,22,W,174,Digital,0.0,82
fiu,22,W,174,Physical,4065.6199,79
fiu,22,W,175,Physical,471.6,8
fiu,22,W,177,Digital,0.0,60
fiu,22,W,177,Physical,0.0,59
fiu,22,W,18,Digital,0.0,446
fiu,22,W,18,Physical,40555.09,675
fiu,22,W,180,Digital,0.0,368
fiu,22,W,180,Physical,1331.7,606
fiu,22,W,183,Digital,0.0,1431
fiu,22,W,183,Physical,60958.96,1520
fiu,22,W,186,Digital,0.0,1067
fiu,22,W,186,Physical,86571.1,1086
fiu,22,W,189,Digital,0.0,288
fiu,22,W,189,Physical,0.0,231
fiu,22,W,19,Digital,2035.0,2698
fiu,22,W,19,Physical,117211.59,2371
fiu,22,W,192,Digital,0.0,1460
fiu,22,W,192,Physical,38835.99,479
fiu,22,W,198,Digital,0.0,291
fiu,22,W,198,Physical,61982.73,784
fiu,22,W,202,Digital,0.0,149
fiu,22,W,202,Physical,30270.24,305
fiu,22,W,204,Digital,0.0,1695
fiu,22,W,204,Physical,158991.98,1843
fiu,22,W,207,Digital,0.0,201
fiu,22,W,207,Physical,41752.61,486
fiu,22,W,21,Digital,0.0,29
fiu,22,W,21,Physical,4476.44,87
fiu,22,W,216,Digital,0.0,307
fiu,22,W,216,Physical,60756.742,525
fiu,22,W,219,Digital,0.0,638
fiu,22,W,219,Physical,219330.72,1735
fiu,22,W,22,Physical,1239.7001,46
fiu,22,W,220,Physical,0.0,9
fiu,22,W,226,Digital,0.0,387
fiu,22,W,226,Physical,11924.8,174
fiu,22,W,23,Physical,1500.0,50
fiu,22,W,234,Digital,15069.0,376
fiu,22,W,234,Physical,16571.0,245
fiu,22,W,240,Digital,12419.72,785
fiu,22,W,240,Physical,130600.55,1108
fiu,22,W,246,Digital,0.0,51
fiu,22,W,246,Physical,187137.64,4272
fiu,22,W,249,Digital,0.0,51
fiu,22,W,249,Physical,23560.031,766
fiu,22,W,25,Digital,0.0,801
fiu,22,W,25,Physical,101940.89,1766
fiu,22,W,252,Digital,431.76,258
fiu,22,W,252,Physical,12810.511,968
fiu,22,W,255,Digital,0.0,48
fiu,22,W,255,Physical,15936.63,392
fiu,22,W,257,Digital,0.0,110
fiu,22,W,257,Physical,40145.9,186
fiu,22,W,258,Physical,5205.8,53
fiu,22,W,259,Digital,0.0,56
fiu,22,W,259,Physical,0.0,24
fiu,22,W,260,Digital,0.0,245
fiu,22,W,260,Physical,35974.04,362
fiu,22,W,261,Digital,0.0,481
fiu,22,W,261,Physical,47849.133,439
fiu,22,W,270,Digital,0.0,22
fiu,22,W,270,Physical,36970.36,1162
fiu,22,W,273,Digital,6476.4,662
fiu,22,W,273,Physical,98583.414,1725
fiu,22,W,279,Physical,999.95,5
fiu,22,W,282,Digital,24233.549,456
fiu,22,W,282,Physical,118734.12,1299
fiu,22,W,287,Digital,0.0,104
fiu,22,W,287,Physical,10957.56,268
fiu,22,W,288,Digital,0.0,84
fiu,22,W,288,Physical,17082.86,246
fiu,22,W,29,Digital,0.0,103
fiu,22,W,29,Physical,15090.22,141
fiu,22,W,291,Digital,22779.14,3328
fiu,22,W,291,Physical,659943.9,4833
fiu,22,W,297,Physical,185.1,4
fiu,22,W,301,Physical,11459.851,57
fiu,22,W,306,Physical,0.0,1
fiu,22,W,309,Digital,0.0,212
fiu,22,W,309,Physical,37729.8,289
fiu,22,W,31,Physical,7854.6997,181
fiu,22,W,318,Digital,0.0,118
fiu,22,W,318,Physical,23355.43,168
fiu,22,W,321,Digital,0.0,30
fiu,22,W,321,Physical,37119.2,268
fiu,22,W,324,Digital,0.0,315
fiu,22,W,324,Physical,6905.25,281
fiu,22,W,327,Digital,0.0,12
fiu,22,W,327,Physical,38812.44,330
fiu,22,W,331,Digital,889.89996,30
fiu,22,W,331,Physical,4776.66,41
fiu,22,W,335,Digital,0.0,156
fiu,22,W,335,Physical,6708.0,53
fiu,22,W,336,Digital,0.0,234
fiu,22,W,336,Physical,59541.832,560
fiu,22,W,34,Physical,26271.02,258
fiu,22,W,340,Digital,0.0,16
fiu,22,W,340,Physical,0.0,28
fiu,22,W,341,Physical,3092.25,47
fiu,22,W,346,Digital,0.0,126
fiu,22,W,346,Physical,89777.49,873
fiu,22,W,347,Physical,2637.1199,273
fiu,22,W,348,Digital,0.0,191
fiu,22,W,348,Physical,200791.14,1794
fiu,22,W,35,Physical,0.0,36
fiu,22,W,354,Digital,0.0,282
fiu,22,W,354,Physical,0.0,156
fiu,22,W,357,Digital,0.0,212
fiu,22,W,357,Physical,5154.98,449
fiu,22,W,360,Physical,9608.939,66
fiu,22,W,365,Digital,0.0,86
fiu,22,W,365,Physical,5756.22,215
fiu,22,W,369,Digital,0.0,927
fiu,22,W,369,Physical,77902.9,1198
fiu,22,W,37,Digital,0.0,39
fiu,22,W,37,Physical,9606.78,122
fiu,22,W,371,Digital,0.0,26
fiu,22,W,371,Physical,22683.03,397
fiu,22,W,372,Digital,0.0,330
fiu,22,W,372,Physical,169837.58,939
fiu,22,W,374,Digital,0.0,212
fiu,22,W,374,Physical,7346.41,516
fiu,22,W,375,Digital,5557.91,975
fiu,22,W,375,Physical,155113.6,1329
fiu,22,W,380,Physical,2638.68,132
fiu,22,W,381,Digital,0.0,205
fiu,22,W,381,Physical,35374.96,1665
fiu,22,W,384,Digital,0.0,2224
fiu,22,W,384,Physical,96362.24,685
fiu,22,W,387,Digital,0.0,131
fiu,22,W,387,Physical,4022.72,266
fiu,22,W,390,Digital,0.0,300
fiu,22,W,390,Physical,124480.15,949
fiu,22,W,393,Digital,0.0,1257
fiu,22,W,393,Physical,221693.64,3802
fiu,22,W,399,Digital,3695.2302,3247
fiu,22,W,399,Physical,180537.44,2846
fiu,22,W,40,Digital,0.0,746
fiu,22,W,40,Physical,130570.61,1154
fiu,22,W,402,Digital,0.0,718
fiu,22,W,402,Physical,4303.66,682
fiu,22,W,405,Digital,0.0,115
fiu,22,W,405,Physical,16921.1,115
fiu,22,W,411,Physical,17987.1,280
fiu,22,W,413,Physical,9218.58,103
fiu,22,W,414,Physical,3647.3599,648
fiu,22,W,416,Physical,969.5,30
fiu,22,W,417,Digital,0.0,354
fiu,22,W,417,Physical,0.0,306
fiu,22,W,419,Digital,0.0,102
fiu,22,W,419,Physical,0.0,42
fiu,22,W,42,Physical,1459.96,95
fiu,22,W,420,Physical,21020.04,273
fiu,22,W,421,Digital,0.0,903
fiu,22,W,421,Physical,0.0,3636
fiu,22,W,423,Digital,0.0,160
fiu,22,W,423,Physical,15333.431,491
fiu,22,W,424,Digital,0.0,108
fiu,22,W,424,Physical,8128.79,125
fiu,22,W,426,Digital,0.0,374
fiu,22,W,426,Physical,35152.38,712
fiu,22,W,429,Digital,828.0,462
fiu,22,W,429,Physical,155765.19,1438
fiu,22,W,43,Digital,0.0,361
fiu,22,W,43,Physical,7745.9,152
fiu,22,W,432,Digital,0.0,5
fiu,22,W,432,Physical,12593.31,187
fiu,22,W,435,Digital,0.0,32
fiu,22,W,435,Physical,31417.35,1351
fiu,22,W,438,Physical,2924.49,54
fiu,22,W,44,Digital,0.0,84
fiu,22,W,44,Physical,47034.95,741
fiu,22,W,441,Digital,0.0,4161
fiu,22,W,441,Physical,683263.44,7291
fiu,22,W,444,Physical,36798.9,442
fiu,22,W,447,Digital,0.0,24
fiu,22,W,447,Physical,649.89996,34
fiu,22,W,45,Digital,1041.1001,58
fiu,22,W,45,Physical,10134.5,293
fiu,22,W,453,Digital,412.47003,4544
fiu,22,W,453,Physical,843722.8,7625
fiu,22,W,456,Digital,0.0,750
fiu,22,W,456,Physical,49785.598,770
fiu,22,W,459,Digital,61501.152,2812
fiu,22,W,459,Physical,439755.38,4697
fiu,22,W,46,Digital,0.0,456
fiu,22,W,46,Physical,122615.93,1148
fiu,22,W,462,Digital,0.0,76
fiu,22,W,462,Physical,3691.6401,140
fiu,22,W,465,Physical,420.0,3
fiu,22,W,468,Digital,0.0,446
fiu,22,W,468,Physical,100286.18,659
fiu,22,W,469,Digital,0.0,4
fiu,22,W,469,Physical,0.0,4
fiu,22,W,47,Digital,0.0,86
fiu,22,W,47,Physical,330.48,106
fiu,22,W,471,Digital,0.0,13
fiu,22,W,471,Physical,1153.2999,40
fiu,22,W,474,Digital,0.0,1214
fiu,22,W,474,Physical,84276.0,1400
fiu,22,W,477,Physical,2700.0,18
fiu,22,W,478,Digital,0.0,418
fiu,22,W,478,Physical,0.0,393
fiu,22,W,48,Physical,10420.6,92
fiu,22,W,486,Digital,0.0,416
fiu,22,W,486,Physical,38390.25,511
fiu,22,W,492,Physical,3033.61,43
fiu,22,W,498,Digital,0.0,27
fiu,22,W,498,Physical,8554.73,122
fiu,22,W,50,Physical,4176.9,46
fiu,22,W,501,Physical,3936.2,85
fiu,22,W,504,Physical,43990.9,265
fiu,22,W,507,Physical,19748.16,159
fiu,22,W,510,Digital,0.0,3
fiu,22,W,510,Physical,0.0,1
fiu,22,W,516,Physical,513.83997,11
fiu,22,W,519,Digital,0.0,69
fiu,22,W,519,Physical,20140.12,133
fiu,22,W,528,Physical,10559.341,66
fiu,22,W,534,Physical,159.44,8
fiu,22,W,537,Digital,0.0,2
fiu,22,W,537,Physical,3099.0,40
fiu,22,W,541,Digital,0.0,3998
fiu,22,W,541,Physical,0.0,2345
fiu,22,W,546,Digital,0.0,125
fiu,22,W,546,Physical,262766.2,1773
fiu,22,W,549,Digital,0.0,405
fiu,22,W,549,Physical,0.0,304
fiu,22,W,552,Digital,0.0,7
fiu,22,W,552,Physical,777.0,7
fiu,22,W,555,Physical,8142.0,60
fiu,22,W,561,Physical,3072.08,22
fiu,22,W,567,Digital,0.0,1468
fiu,22,W,567,Physical,5467.5503,690
fiu,22,W,570,Digital,0.0,1514
fiu,22,W,570,Physical,30255.24,944
fiu,22,W,571,Physical,0.0,1
fiu,22,W,572,Digital,0.0,360
fiu,22,W,572,Physical,0.0,495
fiu,22,W,573,Digital,97237.78,3482
fiu,22,W,573,Physical,526855.9,5423
fiu,22,W,582,Digital,0.0,620
fiu,22,W,582,Physical,29635.842,306
fiu,22,W,588,Digital,0.0,188
fiu,22,W,588,Physical,7372.8896,110
fiu,22,W,594,Physical,21049.07,461
fiu,22,W,599,Digital,0.0,1955
fiu,22,W,599,Physical,24890.361,1315
fiu,22,W,600,Digital,0.0,22
fiu,22,W,600,Physical,2533.5498,56
fiu,22,W,603,Digital,1536.46,195
fiu,22,W,603,Physical,113888.25,1125
fiu,22,W,606,Digital,0.0,7
fiu,22,W,606,Physical,5388.92,157
fiu,22,W,609,Physical,1440.0,80
fiu,22,W,615,Digital,0.0,614
fiu,22,W,615,Physical,0.0,499
fiu,22,W,618,Digital,0.0,40
fiu,22,W,618,Physical,297956.7,4113
fiu,22,W,621,Physical,1842.8099,19
fiu,22,W,624,Physical,15898.86,106
fiu,22,W,627,Digital,0.0,319
fiu,22,W,627,Physical,159284.14,1904
fiu,22,W,630,Digital,0.0,224
fiu,22,W,630,Physical,49200.07,2297
fiu,22,W,636,Digital,0.0,426
fiu,22,W,636,Physical,15691.87,250
fiu,22,W,642,Physical,0.0,3
fiu,22,W,645,Physical,44375.46,369
fiu,22,W,651,Digital,0.0,8491
fiu,22,W,651,Physical,638486.8,5623
fiu,22,W,654,Digital,0.0,15
fiu,22,W,654,Physical,0.0,5
fiu,22,W,657,Digital,900.0,581
fiu,22,W,657,Physical,7932.4697,725
fiu,22,W,660,Digital,20671.2,470
fiu,22,W,660,Physical,368040.44,2232
fiu,22,W,663,Digital,0.0,106
fiu,22,W,663,Physical,57472.89,697
fiu,22,W,666,Digital,0.0,358
fiu,22,W,666,Physical,7954.1997,702
fiu,22,W,669,Digital,0.0,423
fiu,22,W,669,Physical,233313.61,2343
fiu,22,W,670,Digital,0.0,13
fiu,22,W,670,Physical,0.0,78
fiu,22,W,671,Digital,0.0,104
fiu,22,W,671,Physical,603.15,114
fiu,22,W,672,Physical,0.0,22
fiu,22,W,675,Physical,17465.36,176
fiu,22,W,678,Physical,1454.6001,10
fiu,22,W,681,Digital,0.0,32
fiu,22,W,681,Physical,1624.75,41
fiu,22,W,682,Digital,0.0,504
fiu,22,W,682,Physical,1848.51,390
fiu,22,W,683,Digital,0.0,264
fiu,22,W,683,Physical,15333.76,290
fiu,22,W,684,Physical,16914.94,186
fiu,22,W,686,Digital,0.0,5
fiu,22,W,686,Physical,0.0,5
fiu,22,W,687,Digital,0.0,1349
fiu,22,W,687,Physical,228839.53,2943
fiu,22,W,688,Digital,10494.0,1693
fiu,22,W,688,Physical,141089.06,1305
fiu,22,W,690,Digital,0.0,461
fiu,22,W,690,Physical,0.0,553
fiu,22,W,693,Physical,165587.11,2373
fiu,22,W,696,Physical,68295.15,2465
fiu,22,W,699,Physical,0.0,17
fiu,22,W,702,Digital,0.0,87
fiu,22,W,702,Physical,1565.7101,29
fiu,22,W,705,Digital,0.0,42
fiu,22,W,705,Physical,1867.14,86
fiu,22,W,708,Digital,0.0,19
fiu,22,W,708,Physical,4854.7,285
fiu,22,W,714,Digital,45121.39,1997
fiu,22,W,714,Physical,480496.25,5402
fiu,22,W,715,Physical,7298.8003,71
fiu,22,W,717,Digital,0.0,152
fiu,22,W,717,Physical,27783.559,250
fiu,22,W,72,Physical,56695.21,451
fiu,22,W,720,Digital,0.0,36
fiu,22,W,720,Physical,30287.65,219
fiu,22,W,723,Digital,0.0,322
fiu,22,W,723,Physical,54261.41,701
fiu,22,W,726,Physical,22172.799,164
fiu,22,W,729,Digital,0.0,275
fiu,22,W,729,Physical,18052.87,420
fiu,22,W,732,Digital,0.0,324
fiu,22,W,732,Physical,43550.2,255
fiu,22,W,733,Digital,0.0,192
fiu,22,W,733,Physical,23492.22,224
fiu,22,W,735,Digital,0.0,263
fiu,22,W,735,Physical,33061.71,2198
fiu,22,W,738,Physical,4697.0796,68
fiu,22,W,741,Physical,3637.73,110
fiu,22,W,744,Digital,0.0,543
fiu,22,W,744,Physical,24820.0,446
fiu,22,W,747,Digital,0.0,35
fiu,22,W,747,Physical,16888.89,404
fiu,22,W,748,Digital,0.0,12
fiu,22,W,748,Physical,39917.84,157
fiu,22,W,75,Digital,0.0,711
fiu,22,W,75,Physical,196738.56,1279
fiu,22,W,750,Digital,0.0,5
fiu,22,W,750,Physical,0.0,46
fiu,22,W,753,Digital,0.0,32
fiu,22,W,753,Physical,22129.12,374
fiu,22,W,754,Digital,0.0,249
fiu,22,W,754,Physical,30340.59,662
fiu,22,W,756,Digital,0.0,602
fiu,22,W,756,Physical,93731.17,1497
fiu,22,W,757,Physical,4462.92,123
fiu,22,W,76,Digital,0.0,345
fiu,22,W,76,Physical,51798.14,576
fiu,22,W,77,Digital,0.0,2050
fiu,22,W,77,Physical,0.0,3148
fiu,22,W,78,Digital,0.0,230
fiu,22,W,78,Physical,10840.36,46
fiu,22,W,790,Physical,4930.8003,28
fiu,22,W,81,Digital,0.0,3392
fiu,22,W,81,Physical,763362.44,8951
fiu,22,W,87,Digital,0.0,1509
fiu,22,W,87,Physical,210118.47,2012
fiu,22,W,888,Digital,0.0,3
fiu,22,W,888,Physical,0.0,3
fiu,22,W,90,Digital,0.0,705
fiu,22,W,90,Physical,69421.62,676
fiu,22,W,91,Digital,0.0,27
fiu,22,W,93,Digital,3050.0,920
fiu,22,W,93,Physical,455635.72,3930
fiu,22,W,96,Digital,0.0,576
fiu,22,W,96,Physical,40428.0,534
fiu,23,A,10,Digital,74199.62,2308
fiu,23,A,10,Physical,28886.871,383
fiu,23,A,100,Digital,0.0,111
fiu,23,A,100,Physical,0.0,37
fiu,23,A,101,Digital,0.0,1200
fiu,23,A,101,Physical,24064.25,719
fiu,23,A,102,Digital,0.0,318
fiu,23,A,102,Physical,28638.72,106
fiu,23,A,103,Digital,0.0,394
fiu,23,A,103,Physical,21460.46,226
fiu,23,A,105,Digital,0.0,809
fiu,23,A,105,Physical,86254.61,807
fiu,23,A,110,Digital,0.0,117
fiu,23,A,110,Physical,2534.6099,39
fiu,23,A,111,Digital,14535.0,1391
fiu,23,A,111,Physical,135302.88,2924
fiu,23,A,112,Digital,20509.34,716
fiu,23,A,112,Physical,5633.86,251
fiu,23,A,114,Digital,0.0,210
fiu,23,A,114,Physical,1318.86,68
fiu,23,A,116,Digital,0.0,894
fiu,23,A,116,Physical,49927.06,473
fiu,23,A,117,Digital,0.0,745
fiu,23,A,117,Physical,25997.34,356
fiu,23,A,118,Digital,0.0,1146
fiu,23,A,118,Physical,79943.84,375
fiu,23,A,120,Digital,3263.36,975
fiu,23,A,120,Physical,62785.47,479
fiu,23,A,122,Digital,10687.5,90
fiu,23,A,122,Physical,36549.9,180
fiu,23,A,124,Digital,194.84,76
fiu,23,A,124,Physical,15261.07,299
fiu,23,A,128,Digital,86525.49,5528
fiu,23,A,128,Physical,184644.47,2043
fiu,23,A,129,Digital,16910.6,2851
fiu,23,A,129,Physical,300912.72,2596
fiu,23,A,13,Digital,0.0,63
fiu,23,A,13,Physical,0.0,33
fiu,23,A,132,Digital,0.0,1665
fiu,23,A,132,Physical,36781.15,717
fiu,23,A,135,Digital,5299.4697,628
fiu,23,A,135,Physical,46292.83,504
fiu,23,A,138,Digital,0.0,350
fiu,23,A,138,Physical,7725.5,327
fiu,23,A,140,Digital,0.0,576
fiu,23,A,140,Physical,4918.2,153
fiu,23,A,142,Digital,0.0,230
fiu,23,A,142,Physical,13084.101,75
fiu,23,A,144,Digital,0.0,120
fiu,23,A,144,Physical,0.0,109
fiu,23,A,156,Digital,45325.69,2003
fiu,23,A,156,Physical,57476.547,494
fiu,23,A,16,Digital,24670.75,676
fiu,23,A,16,Physical,0.0,5
fiu,23,A,162,Digital,3990.48,278
fiu,23,A,162,Physical,13988.51,204
fiu,23,A,163,Digital,0.0,772
fiu,23,A,163,Physical,31618.262,297
fiu,23,A,164,Digital,0.0,93
fiu,23,A,164,Physical,1576.3501,93
fiu,23,A,165,Digital,0.0,1389
fiu,23,A,165,Physical,99971.72,737
fiu,23,A,168,Digital,40650.0,2772
fiu,23,A,168,Physical,181964.36,1140
fiu,23,A,17,Digital,0.0,40
fiu,23,A,17,Physical,0.0,50
fiu,23,A,171,Digital,0.0,126
fiu,23,A,171,Physical,5795.58,42
fiu,23,A,175,Digital,0.0,2
fiu,23,A,175,Physical,117.9,2
fiu,23,A,177,Digital,0.0,309
fiu,23,A,177,Physical,0.0,147
fiu,23,A,18,Digital,0.0,187
fiu,23,A,18,Physical,7834.77,123
fiu,23,A,183,Digital,2330.92,889
fiu,23,A,183,Physical,17802.51,468
fiu,23,A,186,Digital,0.0,714
fiu,23,A,186,Physical,0.0,274
fiu,23,A,189,Digital,0.0,206
fiu,23,A,189,Physical,0.0,191
fiu,23,A,19,Digital,0.0,2475
fiu,23,A,19,Physical,119798.95,1933
fiu,23,A,192,Digital,0.0,1025
fiu,23,A,192,Physical,22914.121,169
fiu,23,A,198,Digital,0.0,562
fiu,23,A,198,Physical,46231.04,429
fiu,23,A,202,Digital,0.0,71
fiu,23,A,202,Physical,8470.9795,94
fiu,23,A,204,Digital,0.0,410
fiu,23,A,204,Physical,44174.72,409
fiu,23,A,207,Digital,0.0,552
fiu,23,A,207,Physical,23374.42,390
fiu,23,A,216,Digital,0.0,438
fiu,23,A,216,Physical,35812.68,266
fiu,23,A,219,Digital,37050.0,918
fiu,23,A,219,Physical,46527.8,629
fiu,23,A,226,Digital,0.0,243
fiu,23,A,226,Physical,0.0,104
fiu,23,A,234,Digital,0.0,165
fiu,23,A,234,Physical,0.0,55
fiu,23,A,240,Digital,11039.061,672
fiu,23,A,240,Physical,38452.918,301
fiu,23,A,246,Digital,6225.0,745
fiu,23,A,246,Physical,24373.34,361
fiu,23,A,25,Digital,0.0,334
fiu,23,A,25,Physical,53994.3,794
fiu,23,A,252,Physical,607.68,64
fiu,23,A,255,Digital,0.0,426
fiu,23,A,255,Physical,42706.26,217
fiu,23,A,257,Digital,0.0,144
fiu,23,A,257,Physical,20965.68,72
fiu,23,A,259,Digital,0.0,46
fiu,23,A,259,Physical,896.07996,23
fiu,23,A,260,Physical,25230.379,248
fiu,23,A,261,Digital,0.0,75
fiu,23,A,261,Physical,17131.17,137
fiu,23,A,270,Digital,1039.35,627
fiu,23,A,270,Physical,11693.149,302
fiu,23,A,273,Digital,0.0,747
fiu,23,A,273,Physical,29975.95,493
fiu,23,A,279,Physical,2999.85,15
fiu,23,A,282,Digital,3572.2498,438
fiu,23,A,282,Physical,23196.16,164
fiu,23,A,287,Digital,0.0,51
fiu,23,A,287,Physical,0.0,51
fiu,23,A,288,Physical,6378.37,47
fiu,23,A,291,Digital,87343.07,3646
fiu,23,A,291,Physical,287140.62,1981
fiu,23,A,301,Digital,0.0,224
fiu,23,A,301,Physical,21547.4,92
fiu,23,A,309,Digital,0.0,113
fiu,23,A,309,Physical,16626.82,113
fiu,23,A,31,Physical,3997.72,60
fiu,23,A,318,Digital,0.0,90
fiu,23,A,318,Physical,11784.85,55
fiu,23,A,321,Digital,0.0,85
fiu,23,A,321,Physical,20625.25,85
fiu,23,A,324,Digital,119.5,1
fiu,23,A,327,Physical,19468.8,90
fiu,23,A,341,Physical,3584.9,40
fiu,23,A,346,Digital,1165.46,570
fiu,23,A,346,Physical,10641.64,292
fiu,23,A,347,Digital,0.0,247
fiu,23,A,347,Physical,2309.8,152
fiu,23,A,348,Digital,19500.0,1043
fiu,23,A,348,Physical,41709.06,421
fiu,23,A,354,Digital,0.0,169
fiu,23,A,354,Physical,0.0,68
fiu,23,A,360,Physical,4222.11,29
fiu,23,A,365,Digital,0.0,76
fiu,23,A,365,Physical,3310.2,176
fiu,23,A,369,Digital,0.0,1592
fiu,23,A,369,Physical,51211.39,927
fiu,23,A,37,Digital,0.0,69
fiu,23,A,37,Physical,2253.77,23
fiu,23,A,371,Digital,0.0,341
fiu,23,A,371,Physical,18702.07,235
fiu,23,A,372,Digital,16911.271,620
fiu,23,A,372,Physical,53146.48,496
fiu,23,A,374,Digital,0.0,259
fiu,23,A,374,Physical,3367.0,259
fiu,23,A,375,Digital,22938.89,1308
fiu,23,A,375,Physical,22223.23,278
fiu,23,A,381,Digital,3005.66,432
fiu,23,A,381,Physical,11369.31,346
fiu,23,A,384,Digital,0.0,2600
fiu,23,A,384,Physical,71916.0,461
fiu,23,A,387,Digital,0.0,9
fiu,23,A,387,Physical,0.0,188
fiu,23,A,390,Digital,0.0,341
fiu,23,A,390,Physical,24380.54,282
fiu,23,A,393,Digital,0.0,2042
fiu,23,A,393,Physical,84340.88,1395
fiu,23,A,399,Digital,911.81006,2453
fiu,23,A,399,Physical,45605.69,1016
fiu,23,A,40,Digital,0.0,1491
fiu,23,A,40,Physical,51037.56,558
fiu,23,A,402,Digital,0.0,233
fiu,23,A,402,Physical,3641.48,97
fiu,23,A,405,Digital,0.0,96
fiu,23,A,405,Physical,14125.439,96
fiu,23,A,411,Digital,0.0,406
fiu,23,A,411,Physical,11770.54,222
fiu,23,A,413,Digital,0.0,66
fiu,23,A,413,Physical,9692.09,87
fiu,23,A,414,Digital,0.0,74
fiu,23,A,414,Physical,9224.359,246
fiu,23,A,417,Digital,0.0,87
fiu,23,A,417,Physical,0.0,142
fiu,23,A,419,Digital,0.0,38
fiu,23,A,419,Physical,0.0,58
fiu,23,A,420,Digital,0.0,30
fiu,23,A,420,Physical,26640.648,362
fiu,23,A,421,Digital,0.0,336
fiu,23,A,421,Physical,99.0,441
fiu,23,A,423,Digital,0.0,244
fiu,23,A,423,Physical,6474.85,184
fiu,23,A,424,Digital,0.0,407
fiu,23,A,424,Physical,11267.67,179
fiu,23,A,426,Digital,0.0,961
fiu,23,A,426,Physical,33708.77,824
fiu,23,A,429,Digital,2001.0,1312
fiu,23,A,429,Physical,52613.46,578
fiu,23,A,432,Digital,0.0,87
fiu,23,A,432,Physical,11352.73,84
fiu,23,A,435,Digital,0.0,710
fiu,23,A,435,Physical,16073.62,525
fiu,23,A,44,Digital,0.0,482
fiu,23,A,44,Physical,12750.87,197
fiu,23,A,441,Digital,11362.5,3535
fiu,23,A,441,Physical,26956.66,332
fiu,23,A,444,Digital,0.0,138
fiu,23,A,444,Physical,0.0,46
fiu,23,A,45,Digital,0.0,348
fiu,23,A,45,Physical,3306.0,116
fiu,23,A,453,Digital,33620.76,6025
fiu,23,A,453,Physical,370213.0,3502
fiu,23,A,456,Digital,0.0,306
fiu,23,A,459,Digital,18004.9,3202
fiu,23,A,459,Physical,165772.48,1601
fiu,23,A,46,Digital,9349.32,136
fiu,23,A,46,Physical,646.77997,73
fiu,23,A,462,Digital,0.0,285
fiu,23,A,462,Physical,7327.92,114
fiu,23,A,467,Digital,0.0,2165
fiu,23,A,467,Physical,0.0,2417
fiu,23,A,468,Digital,0.0,1485
fiu,23,A,468,Physical,0.0,307
fiu,23,A,47,Digital,0.0,99
fiu,23,A,47,Physical,0.0,121
fiu,23,A,474,Digital,11250.0,902
fiu,23,A,474,Physical,0.0,166
fiu,23,A,478,Digital,0.0,248
fiu,23,A,478,Physical,0.0,60
fiu,23,A,486,Digital,0.0,206
fiu,23,A,486,Physical,29704.03,355
fiu,23,A,50,Digital,2744.64,160
fiu,23,A,504,Digital,0.0,435
fiu,23,A,504,Physical,127182.75,1001
fiu,23,A,519,Digital,0.0,48
fiu,23,A,519,Physical,11233.45,83
fiu,23,A,541,Digital,0.0,4298
fiu,23,A,541,Physical,0.0,2471
fiu,23,A,545,Physical,68149.94,249
fiu,23,A,546,Digital,0.0,822
fiu,23,A,546,Physical,87732.11,1076
fiu,23,A,549,Physical,0.0,36
fiu,23,A,567,Digital,0.0,672
fiu,23,A,567,Physical,2087.61,281
fiu,23,A,570,Digital,0.0,701
fiu,23,A,570,Physical,5886.46,348
fiu,23,A,572,Digital,0.0,571
fiu,23,A,572,Physical,0.0,533
fiu,23,A,573,Digital,16480.84,1952
fiu,23,A,573,Physical,288652.66,3011
fiu,23,A,588,Physical,2509.92,16
fiu,23,A,594,Digital,0.0,238
fiu,23,A,594,Physical,13499.82,193
fiu,23,A,599,Digital,2297.38,1068
fiu,23,A,599,Physical,7337.31,361
fiu,23,A,603,Digital,0.0,204
fiu,23,A,603,Physical,29994.52,351
fiu,23,A,609,Digital,0.0,38
fiu,23,A,609,Physical,760.0,38
fiu,23,A,615,Digital,0.0,701
fiu,23,A,615,Physical,0.0,448
fiu,23,A,618,Digital,0.0,2294
fiu,23,A,618,Physical,147352.31,2230
fiu,23,A,624,Physical,785.65,5
fiu,23,A,627,Digital,17037.37,1113
fiu,23,A,627,Physical,55296.32,482
fiu,23,A,630,Digital,0.0,2536
fiu,23,A,630,Physical,32520.59,1570
fiu,23,A,636,Digital,0.0,145
fiu,23,A,636,Physical,72600.75,352
fiu,23,A,645,Digital,0.0,75
fiu,23,A,645,Physical,36036.0,217
fiu,23,A,651,Digital,0.0,4948
fiu,23,A,651,Physical,251517.28,2116
fiu,23,A,654,Digital,0.0,102
fiu,23,A,654,Physical,7174.0103,80
fiu,23,A,657,Digital,3000.0,449
fiu,23,A,657,Physical,2555.52,221
fiu,23,A,660,Digital,6252.4,2157
fiu,23,A,660,Physical,0.0,215
fiu,23,A,663,Digital,0.0,204
fiu,23,A,663,Physical,42196.26,476
fiu,23,A,666,Digital,0.0,219
fiu,23,A,666,Physical,0.0,163
fiu,23,A,669,Digital,0.0,1120
fiu,23,A,669,Physical,139343.75,1231
fiu,23,A,671,Digital,0.0,35
fiu,23,A,671,Physical,293.65,35
fiu,23,A,681,Digital,0.0,22
fiu,23,A,681,Physical,0.0,22
fiu,23,A,682,Digital,0.0,183
fiu,23,A,682,Physical,0.0,61
fiu,23,A,683,Digital,0.0,207
fiu,23,A,683,Physical,8473.92,84
fiu,23,A,687,Digital,0.0,1842
fiu,23,A,687,Physical,152054.1,1515
fiu,23,A,688,Digital,3286.0,1145
fiu,23,A,688,Physical,24320.37,472
fiu,23,A,690,Digital,0.0,318
fiu,23,A,690,Physical,0.0,444
fiu,23,A,693,Digital,73386.4,2234
fiu,23,A,693,Physical,181479.88,1849
fiu,23,A,694,Digital,0.0,50
fiu,23,A,694,Physical,17604.03,119
fiu,23,A,696,Digital,0.0,120
fiu,23,A,696,Physical,28850.0,657
fiu,23,A,699,Digital,0.0,64
fiu,23,A,699,Physical,0.0,64
fiu,23,A,705,Physical,0.0,31
fiu,23,A,708,Digital,0.0,259
fiu,23,A,708,Physical,2888.4001,264
fiu,23,A,714,Digital,56205.34,917
fiu,23,A,714,Physical,18322.56,251
fiu,23,A,715,Physical,4214.8003,41
fiu,23,A,72,Physical,45316.19,436
fiu,23,A,720,Digital,7095.0,330
fiu,23,A,723,Digital,0.0,145
fiu,23,A,723,Physical,14642.45,130
fiu,23,A,729,Digital,0.0,364
fiu,23,A,729,Physical,7015.14,192
fiu,23,A,732,Digital,12776.4,180
fiu,23,A,732,Physical,5311.0,76
fiu,23,A,733,Digital,0.0,593
fiu,23,A,733,Physical,60801.77,380
fiu,23,A,735,Digital,0.0,837
fiu,23,A,735,Physical,2050.0,674
fiu,23,A,744,Digital,0.0,316
fiu,23,A,744,Physical,13410.0,168
fiu,23,A,747,Digital,0.0,115
fiu,23,A,747,Physical,5873.9,172
fiu,23,A,748,Digital,0.0,114
fiu,23,A,748,Physical,25306.0,78
fiu,23,A,75,Digital,0.0,568
fiu,23,A,75,Physical,82076.11,603
fiu,23,A,754,Digital,2821.0,831
fiu,23,A,754,Physical,3370.0,193
fiu,23,A,756,Digital,0.0,286
fiu,23,A,756,Physical,21824.23,566
fiu,23,A,758,Digital,0.0,57
fiu,23,A,758,Physical,0.0,57
fiu,23,A,76,Digital,0.0,226
fiu,23,A,76,Physical,15315.689,71
fiu,23,A,77,Digital,0.0,3750
fiu,23,A,77,Physical,17498.75,3750
fiu,23,A,81,Digital,0.0,2396
fiu,23,A,81,Physical,411494.94,3484
fiu,23,A,87,Digital,0.0,899
fiu,23,A,87,Physical,76315.88,1167
fiu,23,A,90,Digital,0.0,1476
fiu,23,A,90,Physical,29958.59,684
fiu,23,A,93,Digital,7912.86,4964
fiu,23,A,93,Physical,313755.97,2256
fiu,23,A,96,Digital,0.0,918
fiu,23,A,96,Physical,18482.4,258
fiu,23,F,10,Digital,125549.52,4247
fiu,23,F,10,Physical,47736.52,944
fiu,23,F,100,Digital,0.0,354
fiu,23,F,100,Physical,0.0,118
fiu,23,F,101,Digital,0.0,2261
fiu,23,F,101,Physical,61783.91,1496
fiu,23,F,102,Digital,0.0,928
fiu,23,F,102,Physical,45430.543,402
fiu,23,F,103,Digital,0.0,455
fiu,23,F,103,Physical,27505.66,273
fiu,23,F,105,Digital,43199.28,1740
fiu,23,F,105,Physical,125967.57,1264
fiu,23,F,108,Physical,4121.7803,72
fiu,23,F,111,Digital,86228.13,6162
fiu,23,F,111,Physical,321744.22,10555
fiu,23,F,112,Digital,46785.36,938
fiu,23,F,112,Physical,53534.24,1032
fiu,23,F,114,Digital,0.0,1207
fiu,23,F,114,Physical,6953.9805,384
fiu,23,F,115,Physical,744.0,24
fiu,23,F,116,Digital,18211.7,3372
fiu,23,F,116,Physical,143471.02,1108
fiu,23,F,117,Digital,0.0,1133
fiu,23,F,117,Physical,39061.15,687
fiu,23,F,118,Digital,0.0,897
fiu,23,F,118,Physical,83061.4,383
fiu,23,F,120,Digital,22681.25,3306
fiu,23,F,120,Physical,239997.31,2074
fiu,23,F,122,Digital,12825.0,108
fiu,23,F,122,Physical,4658.88,24
fiu,23,F,124,Digital,7696.1797,492
fiu,23,F,124,Physical,27815.77,618
fiu,23,F,128,Digital,113155.875,5597
fiu,23,F,128,Physical,146151.02,1664
fiu,23,F,129,Digital,30942.799,6129
fiu,23,F,129,Physical,561962.8,5642
fiu,23,F,13,Digital,0.0,169
fiu,23,F,13,Physical,0.0,63
fiu,23,F,132,Digital,0.0,2393
fiu,23,F,132,Physical,59686.82,978
fiu,23,F,135,Digital,8339.13,2329
fiu,23,F,135,Physical,81315.35,1239
fiu,23,F,138,Digital,0.0,662
fiu,23,F,138,Physical,20460.281,600
fiu,23,F,140,Digital,0.0,1025
fiu,23,F,140,Physical,10255.52,342
fiu,23,F,142,Digital,0.0,376
fiu,23,F,142,Physical,6747.75,153
fiu,23,F,147,Digital,0.0,85
fiu,23,F,147,Physical,760.75,85
fiu,23,F,156,Digital,110242.375,4602
fiu,23,F,156,Physical,175135.34,2087
fiu,23,F,16,Digital,28069.5,939
fiu,23,F,16,Physical,5493.6,359
fiu,23,F,162,Digital,1794.56,1014
fiu,23,F,162,Physical,91763.29,605
fiu,23,F,163,Digital,0.0,288
fiu,23,F,163,Physical,50505.14,341
fiu,23,F,164,Digital,0.0,92
fiu,23,F,164,Physical,1559.4,92
fiu,23,F,165,Digital,0.0,2542
fiu,23,F,165,Physical,206664.06,1498
fiu,23,F,168,Digital,93900.0,6100
fiu,23,F,168,Physical,387775.94,2886
fiu,23,F,17,Digital,7360.8,436
fiu,23,F,17,Physical,1398.6,180
fiu,23,F,171,Digital,3045.9,476
fiu,23,F,171,Physical,27661.3,130
fiu,23,F,174,Digital,0.0,385
fiu,23,F,174,Physical,17381.58,153
fiu,23,F,175,Digital,0.0,8
fiu,23,F,175,Physical,117.9,2
fiu,23,F,177,Digital,0.0,474
fiu,23,F,177,Physical,0.0,201
fiu,23,F,18,Digital,0.0,412
fiu,23,F,18,Physical,10794.22,351
fiu,23,F,180,Digital,0.0,81
fiu,23,F,180,Physical,0.0,90
fiu,23,F,183,Digital,421.19998,2819
fiu,23,F,183,Physical,32215.13,1818
fiu,23,F,186,Digital,0.0,986
fiu,23,F,186,Physical,0.0,449
fiu,23,F,189,Digital,0.0,617
fiu,23,F,189,Physical,0.0,332
fiu,23,F,19,Digital,6467.0,4224
fiu,23,F,19,Physical,158112.02,3088
fiu,23,F,192,Digital,0.0,1640
fiu,23,F,192,Physical,64476.46,503
fiu,23,F,198,Digital,0.0,1191
fiu,23,F,198,Physical,54992.83,699
fiu,23,F,202,Digital,0.0,391
fiu,23,F,202,Physical,24401.52,257
fiu,23,F,204,Digital,3916.0,2197
fiu,23,F,204,Physical,141136.14,1597
fiu,23,F,207,Digital,0.0,950
fiu,23,F,207,Physical,35282.23,572
fiu,23,F,21,Digital,0.0,31
fiu,23,F,21,Physical,4785.16,93
fiu,23,F,216,Digital,13411.41,558
fiu,23,F,216,Physical,12559.63,271
fiu,23,F,219,Digital,80700.0,2044
fiu,23,F,219,Physical,105090.73,972
fiu,23,F,22,Digital,0.0,238
fiu,23,F,22,Physical,1707.82,136
fiu,23,F,220,Digital,0.0,207
fiu,23,F,220,Physical,14997.84,69
fiu,23,F,226,Digital,0.0,532
fiu,23,F,226,Physical,3717.7002,206
fiu,23,F,23,Digital,0.0,131
fiu,23,F,23,Physical,3755.69,77
fiu,23,F,234,Digital,0.0,446
fiu,23,F,234,Physical,7263.55,108
fiu,23,F,240,Digital,19022.32,2476
fiu,23,F,240,Physical,121621.36,1063
fiu,23,F,246,Digital,290648.1,6858
fiu,23,F,246,Physical,73592.66,1451
fiu,23,F,249,Digital,0.0,262
fiu,23,F,249,Physical,6517.7,471
fiu,23,F,25,Digital,4649.25,1038
fiu,23,F,25,Physical,97278.73,1322
fiu,23,F,252,Digital,0.0,607
fiu,23,F,252,Physical,10444.86,699
fiu,23,F,255,Digital,8936.851,292
fiu,23,F,255,Physical,20379.4,187
fiu,23,F,257,Digital,0.0,368
fiu,23,F,257,Physical,26844.889,165
fiu,23,F,260,Physical,58772.32,568
fiu,23,F,261,Digital,0.0,401
fiu,23,F,261,Physical,19389.041,350
fiu,23,F,270,Digital,8331.05,1033
fiu,23,F,270,Physical,19883.93,741
fiu,23,F,273,Digital,5289.05,2137
fiu,23,F,273,Physical,94002.01,1435
fiu,23,F,282,Digital,3832.0498,1362
fiu,23,F,282,Physical,128156.82,1222
fiu,23,F,287,Digital,0.0,745
fiu,23,F,287,Physical,15080.37,380
fiu,23,F,288,Digital,0.0,90
fiu,23,F,288,Physical,17210.701,180
fiu,23,F,29,Digital,14367.199,244
fiu,23,F,29,Physical,3570.0,76
fiu,23,F,291,Digital,277877.56,7922
fiu,23,F,291,Physical,475904.22,3437
fiu,23,F,294,Physical,34.28,3
fiu,23,F,297,Physical,321.41998,3
fiu,23,F,301,Digital,0.0,272
fiu,23,F,301,Physical,31614.48,114
fiu,23,F,309,Digital,0.0,176
fiu,23,F,309,Physical,27928.42,215
fiu,23,F,31,Physical,4363.3,52
fiu,23,F,318,Digital,0.0,160
fiu,23,F,318,Physical,1499.89,7
fiu,23,F,321,Digital,0.0,419
fiu,23,F,321,Physical,70916.55,352
fiu,23,F,324,Digital,0.0,1513
fiu,23,F,324,Physical,4799.4,850
fiu,23,F,327,Digital,0.0,343
fiu,23,F,327,Physical,48849.89,397
fiu,23,F,331,Digital,2491.72,84
fiu,23,F,331,Physical,3706.5598,11
fiu,23,F,333,Physical,40.0,2
fiu,23,F,335,Digital,1410.82,92
fiu,23,F,335,Physical,0.0,23
fiu,23,F,336,Digital,3672.0,277
fiu,23,F,336,Physical,61977.8,694
fiu,23,F,34,Digital,0.0,713
fiu,23,F,34,Physical,41661.13,764
fiu,23,F,340,Digital,0.0,13
fiu,23,F,340,Physical,0.0,13
fiu,23,F,341,Digital,0.0,72
fiu,23,F,341,Physical,5107.8,62
fiu,23,F,342,Physical,361.16,4
fiu,23,F,346,Digital,12750.0,1103
fiu,23,F,346,Physical,41059.36,553
fiu,23,F,347,Digital,0.0,368
fiu,23,F,347,Physical,99.95,251
fiu,23,F,348,Digital,37873.18,2324
fiu,23,F,348,Physical,74881.32,929
fiu,23,F,35,Digital,888.75,57
fiu,23,F,35,Physical,0.0,16
fiu,23,F,354,Digital,0.0,885
fiu,23,F,354,Physical,0.0,265
fiu,23,F,357,Digital,0.0,165
fiu,23,F,357,Physical,7632.47,199
fiu,23,F,360,Physical,10336.89,71
fiu,23,F,365,Digital,0.0,69
fiu,23,F,365,Physical,3114.61,208
fiu,23,F,369,Digital,0.0,2115
fiu,23,F,369,Physical,80850.805,1293
fiu,23,F,37,Digital,0.0,78
fiu,23,F,37,Physical,4593.53,47
fiu,23,F,371,Digital,0.0,279
fiu,23,F,371,Physical,11313.431,98
fiu,23,F,372,Digital,0.0,667
fiu,23,F,372,Physical,178354.19,959
fiu,23,F,374,Digital,0.0,483
fiu,23,F,374,Physical,6582.0,483
fiu,23,F,375,Digital,30189.55,2638
fiu,23,F,375,Physical,54062.492,549
fiu,23,F,380,Digital,0.0,84
fiu,23,F,381,Digital,311.74,2345
fiu,23,F,381,Physical,91370.41,4004
fiu,23,F,384,Digital,0.0,2792
fiu,23,F,384,Physical,81396.64,546
fiu,23,F,387,Digital,0.0,306
fiu,23,F,387,Physical,2779.95,482
fiu,23,F,390,Digital,0.0,452
fiu,23,F,390,Physical,68526.61,612
fiu,23,F,393,Digital,0.0,4565
fiu,23,F,393,Physical,163653.78,2861
fiu,23,F,396,Digital,0.0,19
fiu,23,F,396,Physical,0.0,19
fiu,23,F,399,Digital,25240.91,6104
fiu,23,F,399,Physical,81566.75,2192
fiu,23,F,40,Digital,0.0,2397
fiu,23,F,40,Physical,87211.53,791
fiu,23,F,402,Digital,0.0,573
fiu,23,F,402,Physical,9410.45,474
fiu,23,F,405,Digital,0.0,109
fiu,23,F,405,Physical,16038.26,109
fiu,23,F,411,Digital,0.0,486
fiu,23,F,411,Physical,19469.32,296
fiu,23,F,413,Digital,0.0,68
fiu,23,F,413,Physical,7803.6,70
fiu,23,F,414,Digital,753.9,190
fiu,23,F,414,Physical,24640.838,586
fiu,23,F,415,Digital,0.0,38
fiu,23,F,415,Physical,3572.0,190
fiu,23,F,417,Digital,0.0,280
fiu,23,F,417,Physical,0.0,335
fiu,23,F,419,Digital,0.0,470
fiu,23,F,419,Physical,0.0,282
fiu,23,F,42,Digital,0.0,170
fiu,23,F,42,Physical,0.0,170
fiu,23,F,420,Digital,0.0,331
fiu,23,F,420,Physical,17369.42,302
fiu,23,F,421,Digital,0.0,1656
fiu,23,F,421,Physical,316.8,4114
fiu,23,F,423,Digital,0.0,270
fiu,23,F,423,Physical,10451.65,264
fiu,23,F,424,Digital,0.0,424
fiu,23,F,424,Physical,10424.92,207
fiu,23,F,426,Digital,0.0,876
fiu,23,F,426,Physical,20272.77,597
fiu,23,F,429,Digital,5865.0,3148
fiu,23,F,429,Physical,146143.0,1306
fiu,23,F,43,Digital,0.0,108
fiu,23,F,43,Physical,3408.0,204
fiu,23,F,432,Digital,0.0,62
fiu,23,F,432,Physical,10629.91,105
fiu,23,F,435,Digital,287.84,1152
fiu,23,F,435,Physical,45117.492,1386
fiu,23,F,438,Digital,0.0,295
fiu,23,F,438,Physical,5821.68,77
fiu,23,F,44,Digital,2453.6,889
fiu,23,F,44,Physical,41780.957,823
fiu,23,F,441,Digital,0.0,23765
fiu,23,F,441,Physical,123927.11,4252
fiu,23,F,444,Digital,0.0,1535
fiu,23,F,444,Physical,52209.03,508
fiu,23,F,45,Digital,933.4,359
fiu,23,F,45,Physical,8414.41,167
fiu,23,F,453,Digital,87615.555,11320
fiu,23,F,453,Physical,634057.9,6511
fiu,23,F,456,Digital,0.0,2032
fiu,23,F,456,Physical,19679.44,491
fiu,23,F,459,Digital,123770.78,6581
fiu,23,F,459,Physical,220705.25,3169
fiu,23,F,46,Digital,93905.67,1366
fiu,23,F,46,Physical,55080.78,755
fiu,23,F,462,Digital,8062.5,406
fiu,23,F,462,Physical,669.95996,124
fiu,23,F,467,Digital,0.0,2210
fiu,23,F,467,Physical,419.97003,2534
fiu,23,F,468,Digital,0.0,1954
fiu,23,F,468,Physical,63655.4,758
fiu,23,F,469,Digital,0.0,104
fiu,23,F,469,Physical,0.0,77
fiu,23,F,47,Digital,0.0,149
fiu,23,F,47,Physical,578.34,98
fiu,23,F,470,Digital,0.0,42
fiu,23,F,470,Physical,0.0,14
fiu,23,F,471,Digital,0.0,276
fiu,23,F,471,Physical,2919.65,66
fiu,23,F,474,Digital,0.0,5775
fiu,23,F,474,Physical,0.0,1093
fiu,23,F,477,Digital,0.0,78
fiu,23,F,477,Physical,6147.6997,26
fiu,23,F,478,Digital,0.0,741
fiu,23,F,478,Physical,1331.12,469
fiu,23,F,48,Physical,5499.36,48
fiu,23,F,486,Digital,0.0,992
fiu,23,F,486,Physical,67151.64,798
fiu,23,F,492,Digital,0.0,27
fiu,23,F,492,Physical,0.0,9
fiu,23,F,495,Digital,0.0,14
fiu,23,F,495,Physical,230.93001,7
fiu,23,F,498,Digital,0.0,105
fiu,23,F,498,Physical,8848.49,101
fiu,23,F,50,Digital,6885.92,427
fiu,23,F,50,Physical,16077.13,186
fiu,23,F,501,Physical,3107.95,20
fiu,23,F,504,Digital,0.0,6
fiu,23,F,504,Physical,102762.22,907
fiu,23,F,507,Digital,0.0,7
fiu,23,F,507,Physical,1238.49,270
fiu,23,F,510,Digital,0.0,9
fiu,23,F,510,Physical,0.0,3
fiu,23,F,513,Physical,79.75,5
fiu,23,F,516,Digital,0.0,140
fiu,23,F,516,Physical,2364.72,88
fiu,23,F,519,Digital,0.0,144
fiu,23,F,519,Physical,42184.34,275
fiu,23,F,528,Physical,12639.21,79
fiu,23,F,534,Physical,259.09,13
fiu,23,F,540,Physical,94.899994,10
fiu,23,F,541,Digital,0.0,4204
fiu,23,F,541,Physical,0.0,2312
fiu,23,F,545,Physical,96912.9,180
fiu,23,F,546,Digital,0.0,1850
fiu,23,F,546,Physical,411604.38,1858
fiu,23,F,549,Digital,0.0,663
fiu,23,F,549,Physical,25554.469,365
fiu,23,F,555,Digital,16504.86,278
fiu,23,F,561,Digital,7005.6597,118
fiu,23,F,567,Digital,0.0,2769
fiu,23,F,567,Physical,4175.22,1285
fiu,23,F,570,Digital,0.0,1039
fiu,23,F,570,Physical,15656.24,572
fiu,23,F,571,Physical,0.0,7
fiu,23,F,572,Digital,0.0,983
fiu,23,F,572,Physical,0.0,1201
fiu,23,F,573,Digital,127421.555,3567
fiu,23,F,573,Physical,482944.53,4915
fiu,23,F,576,Digital,1900.0,136
fiu,23,F,576,Physical,0.0,120
fiu,23,F,582,Physical,3352.9602,62
fiu,23,F,588,Physical,0.0,37
fiu,23,F,594,Digital,0.0,164
fiu,23,F,594,Physical,16856.39,177
fiu,23,F,599,Digital,2905.51,2015
fiu,23,F,599,Physical,17104.96,898
fiu,23,F,600,Digital,0.0,35
fiu,23,F,600,Physical,3362.95,76
fiu,23,F,603,Digital,0.0,1680
fiu,23,F,603,Physical,96055.62,1843
fiu,23,F,606,Physical,8227.03,131
fiu,23,F,615,Digital,0.0,1324
fiu,23,F,615,Physical,0.0,706
fiu,23,F,618,Digital,102946.555,5122
fiu,23,F,618,Physical,189419.95,3239
fiu,23,F,624,Digital,0.0,1
fiu,23,F,627,Digital,20029.2,2824
fiu,23,F,627,Physical,180583.97,2133
fiu,23,F,630,Digital,0.0,3320
fiu,23,F,630,Physical,72814.4,2448
fiu,23,F,636,Digital,21211.25,993
fiu,23,F,636,Physical,17391.0,321
fiu,23,F,645,Digital,0.0,354
fiu,23,F,645,Physical,112324.46,768
fiu,23,F,651,Digital,0.0,13804
fiu,23,F,651,Physical,688456.7,6486
fiu,23,F,654,Digital,0.0,302
fiu,23,F,654,Physical,15245.34,162
fiu,23,F,657,Digital,6200.0,1252
fiu,23,F,657,Physical,5834.81,671
fiu,23,F,660,Digital,111107.625,3579
fiu,23,F,660,Physical,32446.8,1016
fiu,23,F,663,Digital,0.0,240
fiu,23,F,663,Physical,41143.3,688
fiu,23,F,666,Digital,0.0,764
fiu,23,F,666,Physical,11194.34,561
fiu,23,F,669,Digital,0.0,1966
fiu,23,F,669,Physical,249707.1,2336
fiu,23,F,670,Digital,0.0,35
fiu,23,F,670,Physical,0.0,42
fiu,23,F,671,Digital,0.0,106
fiu,23,F,671,Physical,3503.95,132
fiu,23,F,675,Digital,0.0,558
fiu,23,F,675,Physical,18457.71,186
fiu,23,F,68,Digital,0.0,70
fiu,23,F,682,Digital,0.0,261
fiu,23,F,682,Physical,696.54004,255
fiu,23,F,683,Digital,0.0,466
fiu,23,F,683,Physical,29255.2,158
fiu,23,F,684,Digital,8325.0,460
fiu,23,F,684,Physical,2996.46,342
fiu,23,F,686,Digital,0.0,36
fiu,23,F,686,Physical,0.0,12
fiu,23,F,687,Digital,7078.8203,4981
fiu,23,F,687,Physical,327051.4,2912
fiu,23,F,688,Digital,11055.89,2420
fiu,23,F,688,Physical,90057.766,859
fiu,23,F,690,Digital,0.0,923
fiu,23,F,690,Physical,0.0,567
fiu,23,F,693,Digital,418831.4,7513
fiu,23,F,693,Physical,42998.938,762
fiu,23,F,694,Digital,2828.77,547
fiu,23,F,694,Physical,19718.28,182
fiu,23,F,696,Digital,202396.73,1808
fiu,23,F,696,Physical,45083.46,1131
fiu,23,F,699,Digital,0.0,77
fiu,23,F,699,Physical,0.0,86
fiu,23,F,702,Digital,0.0,165
fiu,23,F,702,Physical,3128.03,55
fiu,23,F,705,Digital,0.0,108
fiu,23,F,705,Physical,84.0,3
fiu,23,F,708,Digital,1087.66,429
fiu,23,F,708,Physical,8255.71,355
fiu,23,F,714,Digital,284477.25,5839
fiu,23,F,714,Physical,124466.195,2014
fiu,23,F,715,Physical,6270.8003,61
fiu,23,F,717,Digital,0.0,268
fiu,23,F,717,Physical,12265.98,82
fiu,23,F,72,Physical,102194.1,1084
fiu,23,F,720,Digital,6983.84,484
fiu,23,F,720,Physical,12849.12,109
fiu,23,F,723,Digital,16498.27,1683
fiu,23,F,723,Physical,97099.62,805
fiu,23,F,726,Digital,0.0,222
fiu,23,F,726,Physical,34370.04,148
fiu,23,F,729,Digital,4048.44,333
fiu,23,F,729,Physical,24953.33,217
fiu,23,F,732,Digital,24944.4,385
fiu,23,F,732,Physical,10622.0,273
fiu,23,F,733,Digital,0.0,197
fiu,23,F,733,Physical,12938.5,209
fiu,23,F,735,Digital,0.0,535
fiu,23,F,735,Physical,39618.2,2100
fiu,23,F,738,Digital,0.0,176
fiu,23,F,738,Physical,4327.12,87
fiu,23,F,741,Digital,0.0,271
fiu,23,F,741,Physical,8969.32,347
fiu,23,F,744,Digital,2028.29,810
fiu,23,F,744,Physical,27674.11,399
fiu,23,F,747,Digital,0.0,254
fiu,23,F,747,Physical,9286.64,257
fiu,23,F,748,Digital,0.0,339
fiu,23,F,748,Physical,26208.0,113
fiu,23,F,75,Digital,0.0,2040
fiu,23,F,75,Physical,196098.17,1421
fiu,23,F,750,Digital,0.0,8
fiu,23,F,750,Physical,0.0,2
fiu,23,F,753,Digital,0.0,358
fiu,23,F,753,Physical,22158.49,232
fiu,23,F,754,Digital,12061.25,1349
fiu,23,F,754,Physical,17747.03,541
fiu,23,F,756,Digital,0.0,929
fiu,23,F,756,Physical,58259.99,959
fiu,23,F,757,Physical,3620.93,98
fiu,23,F,758,Digital,0.0,44
fiu,23,F,758,Physical,0.0,44
fiu,23,F,76,Digital,0.0,1394
fiu,23,F,76,Physical,38177.15,510
fiu,23,F,77,Digital,0.0,6462
fiu,23,F,77,Physical,6425.3696,8205
fiu,23,F,770,Digital,0.0,56
fiu,23,F,770,Physical,6820.24,56
fiu,23,F,78,Digital,0.0,183
fiu,23,F,78,Physical,11589.391,61
fiu,23,F,790,Digital,0.0,114
fiu,23,F,790,Physical,8517.32,38
fiu,23,F,81,Digital,0.0,5582
fiu,23,F,81,Physical,993270.9,9357
fiu,23,F,87,Digital,2862.6099,1711
fiu,23,F,87,Physical,33620.027,1123
fiu,23,F,887,Digital,0.0,29
fiu,23,F,887,Physical,4218.31,53
fiu,23,F,90,Digital,0.0,2697
fiu,23,F,90,Physical,39030.72,1147
fiu,23,F,91,Digital,0.0,26
fiu,23,F,91,Physical,4290.0,26
fiu,23,F,93,Digital,33611.26,9030
fiu,23,F,93,Physical,341062.88,3189
fiu,23,F,96,Digital,0.0,501
fiu,23,F,96,Physical,42174.46,491
fiu,23,W,10,Digital,85350.0,4004
fiu,23,W,10,Physical,349801.53,2705
fiu,23,W,100,Digital,0.0,444
fiu,23,W,100,Physical,0.0,148
fiu,23,W,101,Digital,0.0,1789
fiu,23,W,101,Physical,83161.25,1311
fiu,23,W,102,Digital,0.0,670
fiu,23,W,102,Physical,44674.562,266
fiu,23,W,103,Digital,0.0,681
fiu,23,W,103,Physical,31757.281,434
fiu,23,W,105,Digital,19559.32,2556
fiu,23,W,105,Physical,277068.62,2405
fiu,23,W,108,Physical,2754.1401,48
fiu,23,W,111,Digital,63113.19,6569
fiu,23,W,111,Physical,444966.25,10556
fiu,23,W,112,Digital,48516.06,892
fiu,23,W,112,Physical,54810.94,1120
fiu,23,W,113,Physical,408.0,4
fiu,23,W,114,Digital,0.0,838
fiu,23,W,114,Physical,2875.45,303
fiu,23,W,116,Digital,2576.28,2070
fiu,23,W,116,Physical,115043.29,995
fiu,23,W,117,Digital,0.0,828
fiu,23,W,117,Physical,8471.81,342
fiu,23,W,118,Digital,0.0,1473
fiu,23,W,118,Physical,115479.984,546
fiu,23,W,120,Digital,27312.5,1702
fiu,23,W,120,Physical,164795.8,1834
fiu,23,W,122,Digital,0.0,436
fiu,23,W,122,Physical,14013.04,218
fiu,23,W,124,Digital,7355.21,685
fiu,23,W,124,Physical,23997.83,852
fiu,23,W,128,Digital,122611.38,6338
fiu,23,W,128,Physical,141737.42,2751
fiu,23,W,129,Digital,0.0,3336
fiu,23,W,129,Physical,397701.75,3426
fiu,23,W,13,Digital,0.0,99
fiu,23,W,13,Physical,0.0,63
fiu,23,W,132,Digital,0.0,1495
fiu,23,W,132,Physical,14384.899,744
fiu,23,W,135,Digital,8319.13,1652
fiu,23,W,135,Physical,79111.33,1232
fiu,23,W,138,Digital,0.0,892
fiu,23,W,138,Physical,16735.13,585
fiu,23,W,140,Digital,0.0,608
fiu,23,W,140,Physical,11178.29,251
fiu,23,W,142,Digital,0.0,319
fiu,23,W,142,Physical,24787.09,169
fiu,23,W,144,Digital,0.0,300
fiu,23,W,144,Physical,0.0,164
fiu,23,W,147,Digital,0.0,17
fiu,23,W,147,Physical,152.15,17
fiu,23,W,153,Physical,3050.4001,31
fiu,23,W,156,Digital,51517.23,3805
fiu,23,W,156,Physical,276993.2,2478
fiu,23,W,16,Digital,44703.75,1284
fiu,23,W,16,Physical,4174.8,505
fiu,23,W,162,Digital,1442.5499,552
fiu,23,W,162,Physical,33328.05,322
fiu,23,W,163,Physical,41489.26,263
fiu,23,W,164,Digital,0.0,91
fiu,23,W,164,Physical,1542.4501,91
fiu,23,W,165,Digital,0.0,2311
fiu,23,W,165,Physical,239018.97,1925
fiu,23,W,168,Digital,76650.0,6196
fiu,23,W,168,Physical,591613.1,3549
fiu,23,W,171,Digital,5062.0,584
fiu,23,W,171,Physical,36030.508,182
fiu,23,W,174,Digital,0.0,139
fiu,23,W,174,Physical,7170.9805,63
fiu,23,W,175,Digital,0.0,8
fiu,23,W,175,Physical,117.9,2
fiu,23,W,177,Digital,0.0,86
fiu,23,W,177,Physical,0.0,76
fiu,23,W,180,Digital,0.0,153
fiu,23,W,180,Physical,0.0,204
fiu,23,W,183,Digital,2514.94,1897
fiu,23,W,183,Physical,39420.1,1289
fiu,23,W,186,Digital,0.0,1110
fiu,23,W,186,Physical,15788.95,606
fiu,23,W,189,Digital,0.0,105
fiu,23,W,189,Physical,0.0,116
fiu,23,W,19,Digital,0.0,2181
fiu,23,W,19,Physical,80290.42,1989
fiu,23,W,192,Digital,0.0,1195
fiu,23,W,192,Physical,38830.56,411
fiu,23,W,198,Digital,0.0,830
fiu,23,W,198,Physical,51163.02,575
fiu,23,W,202,Digital,0.0,510
fiu,23,W,202,Physical,29880.24,279
fiu,23,W,204,Digital,0.0,2977
fiu,23,W,204,Physical,224423.88,1879
fiu,23,W,207,Digital,0.0,517
fiu,23,W,207,Physical,37656.27,420
fiu,23,W,21,Digital,0.0,22
fiu,23,W,21,Physical,3395.92,66
fiu,23,W,216,Digital,14767.62,643
fiu,23,W,216,Physical,18775.82,307
fiu,23,W,219,Digital,70650.0,2018
fiu,23,W,219,Physical,176828.84,1585
fiu,23,W,22,Digital,0.0,520
fiu,23,W,22,Physical,0.0,140
fiu,23,W,220,Physical,0.0,24
fiu,23,W,226,Digital,0.0,661
fiu,23,W,226,Physical,34417.74,313
fiu,23,W,234,Digital,0.0,435
fiu,23,W,234,Physical,0.0,109
fiu,23,W,235,Physical,0.0,19
fiu,23,W,240,Digital,24574.02,1843
fiu,23,W,240,Physical,127451.18,986
fiu,23,W,246,Digital,2100.0,789
fiu,23,W,246,Physical,108478.12,1530
fiu,23,W,249,Digital,0.0,372
fiu,23,W,249,Physical,9681.311,452
fiu,23,W,25,Digital,0.0,412
fiu,23,W,25,Physical,99399.664,1250
fiu,23,W,252,Digital,0.0,183
fiu,23,W,252,Physical,7952.39,364
fiu,23,W,255,Digital,0.0,959
fiu,23,W,255,Physical,86307.93,601
fiu,23,W,257,Digital,0.0,400
fiu,23,W,257,Physical,31954.12,155
fiu,23,W,258,Digital,0.0,64
fiu,23,W,258,Physical,4254.6396,46
fiu,23,W,260,Physical,49172.938,477
fiu,23,W,261,Digital,0.0,234
fiu,23,W,261,Physical,44382.95,293
fiu,23,W,270,Digital,8854.95,1409
fiu,23,W,270,Physical,35518.492,900
fiu,23,W,273,Digital,4530.5996,2591
fiu,23,W,273,Physical,90103.87,1631
fiu,23,W,282,Digital,3637.1997,1636
fiu,23,W,282,Physical,142075.31,1294
fiu,23,W,287,Digital,0.0,297
fiu,23,W,287,Physical,8482.07,197
fiu,23,W,288,Digital,0.0,117
fiu,23,W,288,Physical,15051.65,157
fiu,23,W,29,Digital,0.0,32
fiu,23,W,29,Physical,3955.2,32
fiu,23,W,291,Digital,137046.7,7221
fiu,23,W,291,Physical,611246.94,4156
fiu,23,W,297,Physical,0.0,1
fiu,23,W,301,Digital,0.0,88
fiu,23,W,301,Physical,8846.2,44
fiu,23,W,309,Digital,0.0,177
fiu,23,W,309,Physical,27945.84,202
fiu,23,W,31,Physical,5802.4,88
fiu,23,W,318,Digital,0.0,290
fiu,23,W,318,Physical,31069.152,145
fiu,23,W,321,Digital,0.0,353
fiu,23,W,321,Physical,64883.15,302
fiu,23,W,324,Digital,0.0,770
fiu,23,W,324,Physical,10343.77,455
fiu,23,W,327,Digital,3557.72,299
fiu,23,W,327,Physical,47035.332,298
fiu,23,W,331,Digital,1601.82,54
fiu,23,W,331,Physical,717.6,17
fiu,23,W,335,Digital,1410.82,107
fiu,23,W,335,Physical,2657.4,20
fiu,23,W,336,Digital,4148.0,595
fiu,23,W,336,Physical,78633.9,788
fiu,23,W,34,Digital,0.0,288
fiu,23,W,34,Physical,28369.16,418
fiu,23,W,340,Physical,0.0,26
fiu,23,W,341,Physical,3482.76,67
fiu,23,W,346,Digital,0.0,979
fiu,23,W,346,Physical,69932.13,599
fiu,23,W,347,Digital,0.0,329
fiu,23,W,347,Physical,1006.37,235
fiu,23,W,348,Digital,22175.51,2566
fiu,23,W,348,Physical,224725.66,1971
fiu,23,W,35,Digital,0.0,54
fiu,23,W,35,Physical,0.0,36
fiu,23,W,354,Digital,0.0,423
fiu,23,W,354,Physical,0.0,197
fiu,23,W,357,Digital,0.0,116
fiu,23,W,357,Physical,7142.44,215
fiu,23,W,360,Physical,6988.32,48
fiu,23,W,365,Digital,0.0,58
fiu,23,W,365,Physical,4144.64,136
fiu,23,W,369,Digital,0.0,2419
fiu,23,W,369,Physical,86924.13,1558
fiu,23,W,37,Digital,0.0,151
fiu,23,W,37,Physical,4979.4897,51
fiu,23,W,371,Digital,0.0,453
fiu,23,W,371,Physical,30822.85,439
fiu,23,W,372,Digital,0.0,130
fiu,23,W,372,Physical,158822.52,864
fiu,23,W,374,Digital,0.0,255
fiu,23,W,374,Physical,3465.0,246
fiu,23,W,375,Digital,19559.9,2466
fiu,23,W,375,Physical,154102.8,1286
fiu,23,W,380,Digital,0.0,42
fiu,23,W,380,Physical,4734.02,68
fiu,23,W,381,Digital,251.79,1658
fiu,23,W,381,Physical,44970.72,2109
fiu,23,W,384,Digital,0.0,2860
fiu,23,W,384,Physical,120458.8,832
fiu,23,W,387,Digital,0.0,114
fiu,23,W,387,Physical,5531.2397,289
fiu,23,W,390,Digital,0.0,948
fiu,23,W,390,Physical,103646.83,831
fiu,23,W,393,Digital,0.0,4043
fiu,23,W,393,Physical,140940.78,2607
fiu,23,W,399,Digital,8309.29,4551
fiu,23,W,399,Physical,133939.28,2172
fiu,23,W,40,Digital,0.0,1415
fiu,23,W,40,Physical,131878.27,955
fiu,23,W,402,Digital,0.0,806
fiu,23,W,402,Physical,4506.73,400
fiu,23,W,405,Digital,0.0,110
fiu,23,W,405,Physical,16185.4,110
fiu,23,W,411,Digital,0.0,460
fiu,23,W,411,Physical,19163.97,286
fiu,23,W,413,Digital,0.0,178
fiu,23,W,413,Physical,9567.91,136
fiu,23,W,414,Digital,430.80002,198
fiu,23,W,414,Physical,25136.238,631
fiu,23,W,417,Digital,0.0,163
fiu,23,W,417,Physical,1799.0,221
fiu,23,W,419,Digital,0.0,101
fiu,23,W,419,Physical,0.0,42
fiu,23,W,42,Digital,0.0,30
fiu,23,W,42,Physical,1123.35,75
fiu,23,W,420,Digital,0.0,12
fiu,23,W,420,Physical,26568.398,330
fiu,23,W,421,Digital,0.0,660
fiu,23,W,421,Physical,0.0,2933
fiu,23,W,423,Digital,0.0,667
fiu,23,W,423,Physical,21725.13,536
fiu,23,W,424,Digital,0.0,640
fiu,23,W,424,Physical,18190.93,313
fiu,23,W,426,Digital,0.0,738
fiu,23,W,426,Physical,25841.56,678
fiu,23,W,429,Digital,0.0,2774
fiu,23,W,429,Physical,125335.71,1155
fiu,23,W,43,Digital,0.0,19
fiu,23,W,43,Physical,4624.82,129
fiu,23,W,432,Digital,0.0,84
fiu,23,W,432,Physical,15556.8,216
fiu,23,W,435,Digital,689.55,1856
fiu,23,W,435,Physical,43127.23,1675
fiu,23,W,438,Digital,0.0,412
fiu,23,W,438,Physical,9697.71,112
fiu,23,W,44,Digital,0.0,776
fiu,23,W,44,Physical,34804.54,626
fiu,23,W,441,Digital,0.0,16270
fiu,23,W,441,Physical,722297.7,7854
fiu,23,W,444,Digital,0.0,1174
fiu,23,W,444,Physical,39363.29,362
fiu,23,W,447,Digital,0.0,23
fiu,23,W,447,Physical,0.0,23
fiu,23,W,45,Digital,1005.2001,266
fiu,23,W,45,Physical,8533.0,182
fiu,23,W,453,Digital,41119.73,10410
fiu,23,W,453,Physical,706166.94,6983
fiu,23,W,456,Digital,0.0,1397
fiu,23,W,456,Physical,46081.348,738
fiu,23,W,459,Digital,49875.7,5792
fiu,23,W,459,Physical,316643.44,3575
fiu,23,W,46,Digital,0.0,102
fiu,23,W,46,Physical,80788.33,1224
fiu,23,W,462,Digital,0.0,259
fiu,23,W,462,Physical,2249.77,103
fiu,23,W,465,Digital,0.0,21
fiu,23,W,465,Physical,980.0,7
fiu,23,W,467,Digital,0.0,280
fiu,23,W,467,Physical,0.0,109
fiu,23,W,468,Digital,0.0,1531
fiu,23,W,468,Physical,98852.92,1054
fiu,23,W,47,Digital,0.0,65
fiu,23,W,47,Physical,0.0,52
fiu,23,W,471,Digital,0.0,116
fiu,23,W,471,Physical,2545.25,54
fiu,23,W,474,Digital,11625.0,3217
fiu,23,W,474,Physical,89092.08,1324
fiu,23,W,477,Digital,0.0,30
fiu,23,W,477,Physical,1932.25,10
fiu,23,W,478,Digital,0.0,232
fiu,23,W,478,Physical,0.0,102
fiu,23,W,48,Physical,5319.52,47
fiu,23,W,486,Digital,0.0,905
fiu,23,W,486,Physical,76744.01,802
fiu,23,W,492,Digital,0.0,276
fiu,23,W,492,Physical,3575.5,47
fiu,23,W,498,Digital,0.0,297
fiu,23,W,498,Physical,10760.061,169
fiu,23,W,50,Digital,0.0,104
fiu,23,W,50,Physical,16480.14,138
fiu,23,W,501,Physical,1617.2,37
fiu,23,W,504,Digital,0.0,395
fiu,23,W,504,Physical,129510.875,963
fiu,23,W,507,Physical,47806.203,312
fiu,23,W,510,Digital,0.0,15
fiu,23,W,510,Physical,0.0,5
fiu,23,W,513,Physical,79.75,5
fiu,23,W,516,Digital,0.0,91
fiu,23,W,516,Physical,1348.66,57
fiu,23,W,519,Digital,0.0,157
fiu,23,W,519,Physical,26794.17,208
fiu,23,W,528,Physical,12479.221,78
fiu,23,W,541,Digital,0.0,4579
fiu,23,W,541,Physical,0.0,2588
fiu,23,W,545,Physical,57957.41,267
fiu,23,W,546,Digital,0.0,3239
fiu,23,W,546,Physical,279916.28,2533
fiu,23,W,549,Digital,0.0,945
fiu,23,W,549,Physical,0.0,343
fiu,23,W,552,Digital,0.0,8
fiu,23,W,552,Physical,444.0,4
fiu,23,W,567,Digital,0.0,1590
fiu,23,W,567,Physical,2584.6602,542
fiu,23,W,570,Digital,0.0,1489
fiu,23,W,570,Physical,19432.129,831
fiu,23,W,571,Physical,0.0,1
fiu,23,W,572,Digital,0.0,400
fiu,23,W,572,Physical,0.0,360
fiu,23,W,573,Digital,98775.805,2650
fiu,23,W,573,Physical,454752.28,4859
fiu,23,W,576,Physical,0.0,15
fiu,23,W,582,Physical,1189.76,23
fiu,23,W,588,Physical,6588.54,91
fiu,23,W,594,Digital,0.0,470
fiu,23,W,594,Physical,45537.14,551
fiu,23,W,599,Digital,3919.06,2099
fiu,23,W,599,Physical,10645.44,1028
fiu,23,W,600,Digital,0.0,62
fiu,23,W,600,Physical,2422.09,43
fiu,23,W,603,Digital,215.75,1023
fiu,23,W,603,Physical,90201.36,1389
fiu,23,W,609,Digital,0.0,209
fiu,23,W,609,Physical,2791.1,95
fiu,23,W,615,Digital,0.0,1658
fiu,23,W,615,Physical,0.0,540
fiu,23,W,618,Digital,0.0,3821
fiu,23,W,618,Physical,245039.66,3881
fiu,23,W,621,Digital,0.0,32
fiu,23,W,621,Physical,1551.84,16
fiu,23,W,624,Digital,0.0,4
fiu,23,W,624,Physical,12497.98,99
fiu,23,W,627,Digital,5278.0,2224
fiu,23,W,627,Physical,177452.23,1959
fiu,23,W,630,Digital,0.0,3909
fiu,23,W,630,Physical,69937.57,2822
fiu,23,W,636,Digital,0.0,1156
fiu,23,W,636,Physical,68524.766,579
fiu,23,W,645,Digital,0.0,115
fiu,23,W,645,Physical,96630.65,681
fiu,23,W,651,Digital,0.0,12442
fiu,23,W,651,Physical,663884.8,5446
fiu,23,W,654,Digital,0.0,262
fiu,23,W,654,Physical,10706.53,172
fiu,23,W,657,Digital,4900.0,903
fiu,23,W,657,Physical,6116.85,543
fiu,23,W,660,Digital,15950.0,3802
fiu,23,W,660,Physical,369121.2,2141
fiu,23,W,663,Digital,0.0,256
fiu,23,W,663,Physical,37792.47,465
fiu,23,W,666,Digital,0.0,874
fiu,23,W,666,Physical,7112.5,785
fiu,23,W,669,Digital,0.0,1901
fiu,23,W,669,Physical,266580.72,2399
fiu,23,W,670,Digital,0.0,21
fiu,23,W,670,Physical,0.0,14
fiu,23,W,671,Digital,0.0,21
fiu,23,W,671,Physical,0.0,21
fiu,23,W,675,Digital,0.0,474
fiu,23,W,675,Physical,15679.13,158
fiu,23,W,68,Digital,0.0,63
fiu,23,W,682,Digital,0.0,186
fiu,23,W,682,Physical,0.0,137
fiu,23,W,683,Digital,0.0,224
fiu,23,W,683,Physical,13921.439,81
fiu,23,W,684,Digital,0.0,396
fiu,23,W,684,Physical,9697.05,758
fiu,23,W,686,Digital,0.0,21
fiu,23,W,686,Physical,0.0,21
fiu,23,W,687,Digital,3779.37,3637
fiu,23,W,687,Physical,272126.22,3236
fiu,23,W,688,Digital,5088.0,2629
fiu,23,W,688,Physical,102907.75,1092
fiu,23,W,690,Digital,0.0,795
fiu,23,W,690,Physical,0.0,615
fiu,23,W,693,Digital,77171.15,3120
fiu,23,W,693,Physical,63344.65,866
fiu,23,W,694,Digital,0.0,273
fiu,23,W,694,Physical,31199.04,242
fiu,23,W,696,Digital,0.0,198
fiu,23,W,696,Physical,49368.96,1348
fiu,23,W,699,Digital,0.0,27
fiu,23,W,699,Physical,0.0,35
fiu,23,W,702,Physical,308.34,18
fiu,23,W,705,Physical,1908.45,105
fiu,23,W,708,Digital,0.0,256
fiu,23,W,708,Physical,8970.87,336
fiu,23,W,714,Digital,252979.75,5606
fiu,23,W,714,Physical,413553.78,4011
fiu,23,W,715,Physical,3906.4001,38
fiu,23,W,717,Digital,0.0,189
fiu,23,W,717,Physical,15845.47,131
fiu,23,W,72,Digital,0.0,177
fiu,23,W,72,Physical,68356.65,527
fiu,23,W,720,Digital,3311.0,898
fiu,23,W,720,Physical,40870.98,263
fiu,23,W,723,Digital,1079.88,454
fiu,23,W,723,Physical,54226.652,382
fiu,23,W,726,Digital,0.0,182
fiu,23,W,726,Physical,25427.389,138
fiu,23,W,729,Digital,0.0,394
fiu,23,W,729,Physical,17151.37,162
fiu,23,W,732,Digital,14196.0,70
fiu,23,W,732,Physical,36531.96,215
fiu,23,W,733,Digital,0.0,457
fiu,23,W,733,Physical,40302.008,270
fiu,23,W,735,Digital,0.0,460
fiu,23,W,735,Physical,31152.2,1605
fiu,23,W,738,Digital,0.0,60
fiu,23,W,738,Physical,3022.8499,43
fiu,23,W,741,Digital,0.0,133
fiu,23,W,741,Physical,7231.65,230
fiu,23,W,744,Digital,1475.12,1007
fiu,23,W,744,Physical,27110.0,388
fiu,23,W,747,Digital,0.0,280
fiu,23,W,747,Physical,11927.66,322
fiu,23,W,748,Digital,0.0,153
fiu,23,W,748,Physical,19279.041,103
fiu,23,W,75,Digital,0.0,1644
fiu,23,W,75,Physical,152407.67,1318
fiu,23,W,750,Digital,0.0,17
fiu,23,W,750,Physical,0.0,17
fiu,23,W,753,Digital,0.0,46
fiu,23,W,753,Physical,6242.3105,152
fiu,23,W,754,Digital,7721.25,1044
fiu,23,W,754,Physical,25955.46,508
fiu,23,W,756,Digital,3952.41,1289
fiu,23,W,756,Physical,67789.13,1104
fiu,23,W,757,Physical,3719.1,108
fiu,23,W,76,Digital,0.0,1429
fiu,23,W,76,Physical,61612.04,546
fiu,23,W,77,Digital,0.0,2143
fiu,23,W,77,Physical,0.0,3561
fiu,23,W,78,Physical,26047.92,216
fiu,23,W,790,Digital,0.0,49
fiu,23,W,790,Physical,8628.9,49
fiu,23,W,81,Digital,0.0,6229
fiu,23,W,81,Physical,779937.0,7889
fiu,23,W,87,Digital,0.0,1569
fiu,23,W,87,Physical,127866.85,1457
fiu,23,W,90,Digital,0.0,1701
fiu,23,W,90,Physical,70114.88,932
fiu,23,W,91,Digital,0.0,13
fiu,23,W,93,Digital,28700.32,7594
fiu,23,W,93,Physical,503257.62,4296
fiu,23,W,96,Digital,0.0,156
fiu,23,W,96,Physical,45073.3,632
fiu,24,A,10,Digital,93824.49,2608
fiu,24,A,10,Physical,17980.71,350
fiu,24,A,100,Digital,0.0,153
fiu,24,A,100,Physical,0.0,51
fiu,24,A,101,Digital,8394.0,1609
fiu,24,A,101,Physical,54268.98,650
fiu,24,A,102,Digital,0.0,228
fiu,24,A,102,Physical,35578.14,110
fiu,24,A,103,Digital,0.0,437
fiu,24,A,103,Physical,17228.82,247
fiu,24,A,105,Digital,51808.2,769
fiu,24,A,105,Physical,56486.598,695
fiu,24,A,110,Digital,0.0,114
fiu,24,A,110,Physical,2469.6199,38
fiu,24,A,111,Digital,21318.0,988
fiu,24,A,111,Physical,117013.02,2403
fiu,24,A,112,Digital,24411.03,355
fiu,24,A,112,Physical,18686.9,619
fiu,24,A,114,Digital,0.0,61
fiu,24,A,114,Physical,679.44,23
fiu,24,A,116,Digital,27593.76,1140
fiu,24,A,116,Physical,1777.4,72
fiu,24,A,117,Digital,0.0,698
fiu,24,A,117,Physical,33613.62,298
fiu,24,A,118,Digital,0.0,876
fiu,24,A,118,Physical,83902.1,369
fiu,24,A,120,Digital,9658.41,1294
fiu,24,A,120,Physical,67391.58,523
fiu,24,A,122,Digital,11875.0,100
fiu,24,A,124,Digital,0.0,186
fiu,24,A,124,Physical,14704.67,470
fiu,24,A,128,Digital,95250.21,2940
fiu,24,A,128,Physical,56939.06,810
fiu,24,A,129,Digital,6386.4497,2804
fiu,24,A,129,Physical,333165.12,2912
fiu,24,A,13,Digital,0.0,37
fiu,24,A,13,Physical,0.0,18
fiu,24,A,132,Digital,0.0,1956
fiu,24,A,132,Physical,83130.26,622
fiu,24,A,135,Digital,0.0,804
fiu,24,A,135,Physical,42524.54,582
fiu,24,A,138,Digital,0.0,384
fiu,24,A,138,Physical,8557.5,344
fiu,24,A,140,Digital,0.0,308
fiu,24,A,140,Physical,5039.16,84
fiu,24,A,142,Digital,0.0,246
fiu,24,A,142,Physical,7647.4497,93
fiu,24,A,144,Digital,0.0,135
fiu,24,A,144,Physical,0.0,45
fiu,24,A,147,Digital,0.0,5
fiu,24,A,147,Physical,44.75,5
fiu,24,A,153,Physical,3936.0,40
fiu,24,A,156,Digital,20768.75,1825
fiu,24,A,156,Physical,73256.516,607
fiu,24,A,16,Digital,14837.0,482
fiu,24,A,162,Digital,9736.81,598
fiu,24,A,162,Physical,14997.7295,147
fiu,24,A,163,Digital,0.0,832
fiu,24,A,163,Physical,68383.84,468
fiu,24,A,164,Digital,0.0,86
fiu,24,A,164,Physical,1457.7001,86
fiu,24,A,165,Digital,0.0,2502
fiu,24,A,165,Physical,159849.69,1194
fiu,24,A,168,Digital,97930.32,2830
fiu,24,A,168,Physical,22723.09,290
fiu,24,A,17,Digital,0.0,52
fiu,24,A,17,Physical,0.0,65
fiu,24,A,171,Digital,2989.5398,181
fiu,24,A,174,Physical,1312.0,41
fiu,24,A,175,Digital,0.0,8
fiu,24,A,175,Physical,117.9,2
fiu,24,A,177,Digital,0.0,386
fiu,24,A,177,Physical,0.0,132
fiu,24,A,18,Digital,0.0,255
fiu,24,A,18,Physical,7236.39,204
fiu,24,A,183,Digital,93.6,714
fiu,24,A,183,Physical,10727.5,328
fiu,24,A,186,Digital,0.0,672
fiu,24,A,186,Physical,0.0,253
fiu,24,A,189,Digital,0.0,102
fiu,24,A,189,Physical,0.0,126
fiu,24,A,19,Digital,10482.6,2897
fiu,24,A,19,Physical,76735.37,988
fiu,24,A,192,Digital,3779.37,583
fiu,24,A,192,Physical,11971.62,136
fiu,24,A,198,Digital,0.0,266
fiu,24,A,198,Physical,22041.18,196
fiu,24,A,202,Digital,0.0,72
fiu,24,A,204,Digital,0.0,378
fiu,24,A,204,Physical,34417.4,410
fiu,24,A,207,Digital,0.0,235
fiu,24,A,207,Physical,19876.89,260
fiu,24,A,216,Digital,0.0,426
fiu,24,A,216,Physical,32547.0,172
fiu,24,A,219,Digital,37800.0,960
fiu,24,A,219,Physical,31899.08,432
fiu,24,A,22,Digital,0.0,56
fiu,24,A,22,Physical,4258.24,84
fiu,24,A,226,Digital,0.0,264
fiu,24,A,226,Physical,0.0,88
fiu,24,A,23,Digital,0.0,51
fiu,24,A,23,Physical,1446.84,27
fiu,24,A,234,Digital,5876.91,76
fiu,24,A,240,Digital,18863.74,684
fiu,24,A,240,Physical,21484.81,179
fiu,24,A,246,Digital,100765.664,2411
fiu,24,A,246,Physical,14827.32,222
fiu,24,A,249,Digital,0.0,64
fiu,24,A,249,Physical,510.4,32
fiu,24,A,25,Digital,0.0,407
fiu,24,A,25,Physical,67852.99,860
fiu,24,A,252,Digital,0.0,45
fiu,24,A,252,Physical,0.0,60
fiu,24,A,255,Digital,0.0,3
fiu,24,A,255,Physical,3298.1802,83
fiu,24,A,257,Digital,0.0,122
fiu,24,A,257,Physical,17762.59,61
fiu,24,A,259,Digital,0.0,54
fiu,24,A,259,Physical,1051.9199,27
fiu,24,A,260,Digital,0.0,417
fiu,24,A,260,Physical,29267.34,285
fiu,24,A,261,Digital,12205.891,201
fiu,24,A,270,Digital,911.43,351
fiu,24,A,270,Physical,5720.77,203
fiu,24,A,273,Digital,0.0,756
fiu,24,A,273,Physical,47797.02,730
fiu,24,A,279,Digital,0.0,30
fiu,24,A,279,Physical,0.0,15
fiu,24,A,282,Digital,3507.2998,679
fiu,24,A,282,Physical,32672.64,231
fiu,24,A,287,Digital,0.0,281
fiu,24,A,287,Physical,4859.46,173
fiu,24,A,288,Physical,6242.66,46
fiu,24,A,29,Digital,3665.75,172
fiu,24,A,29,Physical,4652.1,94
fiu,24,A,291,Digital,105430.59,3036
fiu,24,A,291,Physical,139605.72,970
fiu,24,A,297,Physical,992.5,15
fiu,24,A,301,Digital,0.0,157
fiu,24,A,301,Physical,15176.051,66
fiu,24,A,309,Digital,0.0,93
fiu,24,A,31,Physical,1747.62,18
fiu,24,A,318,Digital,0.0,26
fiu,24,A,321,Digital,0.0,144
fiu,24,A,321,Physical,34941.598,144
fiu,24,A,324,Digital,0.0,75
fiu,24,A,324,Physical,12640.0,107
fiu,24,A,327,Physical,21415.682,99
fiu,24,A,335,Digital,0.0,16
fiu,24,A,34,Digital,0.0,48
fiu,24,A,34,Physical,0.0,16
fiu,24,A,341,Physical,4111.16,47
fiu,24,A,346,Digital,528.0,87
fiu,24,A,346,Physical,3978.23,60
fiu,24,A,347,Digital,0.0,150
fiu,24,A,347,Physical,712.95,60
fiu,24,A,348,Digital,15210.0,845
fiu,24,A,348,Physical,27311.35,202
fiu,24,A,354,Digital,0.0,140
fiu,24,A,354,Physical,0.0,56
fiu,24,A,360,Physical,3930.93,27
fiu,24,A,365,Digital,437.36,42
fiu,24,A,365,Physical,1797.02,95
fiu,24,A,369,Digital,0.0,1453
fiu,24,A,369,Physical,50842.492,827
fiu,24,A,37,Digital,0.0,45
fiu,24,A,37,Physical,1469.85,15
fiu,24,A,371,Digital,0.0,22
fiu,24,A,371,Physical,11027.931,123
fiu,24,A,372,Digital,15673.86,548
fiu,24,A,372,Physical,46326.55,431
fiu,24,A,374,Digital,1872.0,373
fiu,24,A,374,Physical,4342.0,334
fiu,24,A,375,Digital,41799.94,829
fiu,24,A,375,Physical,0.0,151
fiu,24,A,381,Digital,3251.02,990
fiu,24,A,381,Physical,18058.96,681
fiu,24,A,384,Digital,0.0,808
fiu,24,A,387,Digital,0.0,2
fiu,24,A,387,Physical,0.0,178
fiu,24,A,390,Digital,0.0,480
fiu,24,A,390,Physical,25252.62,272
fiu,24,A,393,Digital,0.0,2284
fiu,24,A,393,Physical,94060.45,1443
fiu,24,A,399,Digital,22079.65,1868
fiu,24,A,399,Physical,5720.29,557
fiu,24,A,40,Digital,30066.98,1423
fiu,24,A,40,Physical,68815.31,642
fiu,24,A,402,Digital,0.0,285
fiu,24,A,402,Physical,5637.2,137
fiu,24,A,405,Digital,0.0,135
fiu,24,A,411,Digital,0.0,348
fiu,24,A,411,Physical,7046.1304,174
fiu,24,A,413,Digital,0.0,50
fiu,24,A,413,Physical,5563.05,50
fiu,24,A,414,Digital,0.0,88
fiu,24,A,414,Physical,8151.76,240
fiu,24,A,417,Digital,0.0,81
fiu,24,A,417,Physical,0.0,108
fiu,24,A,419,Digital,0.0,56
fiu,24,A,419,Physical,0.0,107
fiu,24,A,420,Digital,8838.96,380
fiu,24,A,420,Physical,9973.42,305
fiu,24,A,421,Digital,0.0,283
fiu,24,A,421,Physical,64.35,528
fiu,24,A,423,Digital,0.0,147
fiu,24,A,423,Physical,6013.93,171
fiu,24,A,424,Digital,0.0,348
fiu,24,A,424,Physical,6161.0703,157
fiu,24,A,426,Digital,0.0,1429
fiu,24,A,426,Physical,33724.89,795
fiu,24,A,429,Digital,0.0,942
fiu,24,A,429,Physical,44851.48,510
fiu,24,A,432,Digital,0.0,52
fiu,24,A,432,Physical,10082.97,69
fiu,24,A,435,Digital,791.56,1374
fiu,24,A,435,Physical,3651.06,428
fiu,24,A,44,Digital,0.0,525
fiu,24,A,44,Physical,13529.13,190
fiu,24,A,441,Digital,0.0,4411
fiu,24,A,441,Physical,31841.281,1296
fiu,24,A,444,Digital,0.0,156
fiu,24,A,444,Physical,0.0,52
fiu,24,A,45,Digital,0.0,348
fiu,24,A,45,Physical,3306.0,116
fiu,24,A,453,Digital,37240.94,9251
fiu,24,A,453,Physical,216862.81,3162
fiu,24,A,456,Digital,0.0,453
fiu,24,A,456,Physical,0.0,151
fiu,24,A,459,Digital,50760.7,3861
fiu,24,A,459,Physical,98503.3,1203
fiu,24,A,46,Digital,12786.57,186
fiu,24,A,46,Physical,726.51996,82
fiu,24,A,462,Digital,0.0,180
fiu,24,A,462,Physical,0.0,36
fiu,24,A,467,Digital,0.0,1987
fiu,24,A,467,Physical,0.0,2187
fiu,24,A,468,Digital,0.0,289
fiu,24,A,47,Digital,0.0,105
fiu,24,A,47,Physical,0.0,83
fiu,24,A,474,Digital,0.0,809
fiu,24,A,474,Physical,0.0,177
fiu,24,A,478,Digital,0.0,195
fiu,24,A,478,Physical,0.0,85
fiu,24,A,486,Digital,0.0,499
fiu,24,A,486,Physical,39946.54,399
fiu,24,A,50,Digital,3173.49,148
fiu,24,A,50,Physical,0.0,44
fiu,24,A,504,Digital,0.0,459
fiu,24,A,504,Physical,152131.62,1278
fiu,24,A,519,Digital,0.0,57
fiu,24,A,519,Physical,10034.46,74
fiu,24,A,541,Digital,0.0,2512
fiu,24,A,541,Physical,0.0,1586
fiu,24,A,545,Physical,81480.25,242
fiu,24,A,546,Digital,0.0,1598
fiu,24,A,546,Physical,125873.484,1271
fiu,24,A,549,Physical,0.0,44
fiu,24,A,567,Digital,0.0,876
fiu,24,A,567,Physical,0.0,219
fiu,24,A,570,Digital,0.0,276
fiu,24,A,570,Physical,0.0,190
fiu,24,A,572,Digital,0.0,958
fiu,24,A,572,Physical,0.0,916
fiu,24,A,573,Digital,111990.06,2838
fiu,24,A,573,Physical,256082.23,2599
fiu,24,A,594,Digital,0.0,148
fiu,24,A,594,Physical,7847.3496,74
fiu,24,A,599,Digital,2770.3699,985
fiu,24,A,599,Physical,4511.53,332
fiu,24,A,603,Digital,0.0,494
fiu,24,A,603,Physical,8862.0,303
fiu,24,A,609,Digital,0.0,41
fiu,24,A,609,Physical,820.0,41
fiu,24,A,615,Digital,0.0,657
fiu,24,A,615,Physical,0.0,541
fiu,24,A,618,Digital,71605.76,1692
fiu,24,A,618,Physical,49696.17,773
fiu,24,A,627,Digital,9990.83,1248
fiu,24,A,627,Physical,85739.9,679
fiu,24,A,630,Digital,0.0,1244
fiu,24,A,630,Physical,15037.7,837
fiu,24,A,636,Digital,7543.75,393
fiu,24,A,636,Physical,24271.98,190
fiu,24,A,645,Digital,0.0,163
fiu,24,A,645,Physical,29827.371,163
fiu,24,A,651,Digital,3741.53,3419
fiu,24,A,651,Physical,104805.9,1072
fiu,24,A,654,Digital,0.0,182
fiu,24,A,654,Physical,12132.4,70
fiu,24,A,657,Digital,1100.0,380
fiu,24,A,657,Physical,4008.89,215
fiu,24,A,660,Digital,92034.64,909
fiu,24,A,660,Physical,0.0,278
fiu,24,A,663,Digital,0.0,72
fiu,24,A,663,Physical,40847.16,657
fiu,24,A,666,Digital,0.0,381
fiu,24,A,666,Physical,0.0,138
fiu,24,A,669,Digital,0.0,710
fiu,24,A,669,Physical,129989.22,1089
fiu,24,A,670,Digital,0.0,21
fiu,24,A,670,Physical,0.0,14
fiu,24,A,671,Digital,0.0,12
fiu,24,A,671,Physical,66.0,12
fiu,24,A,681,Digital,0.0,14
fiu,24,A,681,Physical,0.0,14
fiu,24,A,682,Digital,0.0,183
fiu,24,A,682,Physical,0.0,61
fiu,24,A,683,Digital,0.0,292
fiu,24,A,683,Physical,7465.1196,113
fiu,24,A,687,Digital,24736.89,2680
fiu,24,A,687,Physical,55535.04,540
fiu,24,A,688,Digital,5559.0,1112
fiu,24,A,688,Physical,20843.83,401
fiu,24,A,690,Digital,0.0,227
fiu,24,A,690,Physical,0.0,417
fiu,24,A,693,Digital,221375.64,4195
fiu,24,A,693,Physical,6450.0,50
fiu,24,A,694,Digital,0.0,80
fiu,24,A,694,Physical,17122.799,120
fiu,24,A,696,Digital,170036.11,1416
fiu,24,A,696,Physical,32650.0,735
fiu,24,A,699,Digital,0.0,63
fiu,24,A,699,Physical,0.0,21
fiu,24,A,708,Digital,1087.66,52
fiu,24,A,708,Physical,952.2,36
fiu,24,A,714,Digital,67244.62,1277
fiu,24,A,714,Physical,0.0,88
fiu,24,A,715,Physical,4009.2002,39
fiu,24,A,72,Physical,39083.0,380
fiu,24,A,720,Digital,8827.0,506
fiu,24,A,720,Physical,14274.0,78
fiu,24,A,723,Digital,7568.4004,512
fiu,24,A,723,Physical,20153.4,135
fiu,24,A,729,Physical,6334.77,111
fiu,24,A,732,Digital,20888.4,234
fiu,24,A,732,Physical,0.0,43
fiu,24,A,733,Digital,0.0,21
fiu,24,A,733,Physical,12598.6,140
fiu,24,A,735,Digital,3665.75,31
fiu,24,A,735,Physical,250.0,633
fiu,24,A,744,Digital,0.0,240
fiu,24,A,744,Physical,4590.0,174
fiu,24,A,747,Digital,0.0,122
fiu,24,A,747,Physical,5891.04,157
fiu,24,A,748,Digital,0.0,165
fiu,24,A,748,Physical,26696.61,82
fiu,24,A,75,Digital,0.0,512
fiu,24,A,75,Physical,73825.64,536
fiu,24,A,754,Digital,0.0,396
fiu,24,A,754,Physical,0.0,60
fiu,24,A,756,Physical,48578.34,582
fiu,24,A,76,Digital,0.0,150
fiu,24,A,76,Physical,13899.12,60
fiu,24,A,77,Digital,0.0,1722
fiu,24,A,77,Physical,17218.771,1599
fiu,24,A,81,Digital,137565.3,4228
fiu,24,A,81,Physical,313168.1,3580
fiu,24,A,87,Digital,0.0,1522
fiu,24,A,87,Physical,12385.12,601
fiu,24,A,90,Digital,0.0,584
fiu,24,A,90,Physical,33066.23,647
fiu,24,A,93,Digital,23781.96,5538
fiu,24,A,93,Physical,163398.16,1783
fiu,24,A,96,Digital,0.0,138
fiu,24,A,96,Physical,29241.15,273
fiu,24,F,10,Digital,275066.25,5628
fiu,24,F,10,Physical,56069.35,942
fiu,24,F,100,Digital,0.0,345
fiu,24,F,100,Physical,0.0,115
fiu,24,F,101,Digital,0.0,2589
fiu,24,F,101,Physical,130529.23,1557
fiu,24,F,102,Digital,0.0,1171
fiu,24,F,102,Physical,63344.26,495
fiu,24,F,103,Digital,0.0,509
fiu,24,F,103,Physical,22064.98,267
fiu,24,F,105,Digital,45012.09,622
fiu,24,F,105,Physical,88681.17,1071
fiu,24,F,108,Physical,2573.12,51
fiu,24,F,111,Digital,381951.75,7164
fiu,24,F,111,Physical,309673.44,7576
fiu,24,F,112,Digital,38349.117,502
fiu,24,F,112,Physical,48116.25,1819
fiu,24,F,114,Digital,29700.0,772
fiu,24,F,114,Physical,3646.24,127
fiu,24,F,116,Digital,23566.4,2767
fiu,24,F,116,Physical,119865.016,751
fiu,24,F,117,Digital,0.0,2012
fiu,24,F,117,Physical,41175.938,741
fiu,24,F,118,Digital,0.0,1821
fiu,24,F,118,Physical,122722.81,576
fiu,24,F,120,Digital,28573.88,4086
fiu,24,F,120,Physical,293743.44,1817
fiu,24,F,122,Digital,10093.75,85
fiu,24,F,122,Physical,26284.04,102
fiu,24,F,124,Digital,4335.19,299
fiu,24,F,124,Physical,15987.33,386
fiu,24,F,128,Digital,210369.4,6664
fiu,24,F,128,Physical,107066.34,1700
fiu,24,F,129,Digital,32471.95,6301
fiu,24,F,129,Physical,478288.9,4684
fiu,24,F,13,Digital,0.0,115
fiu,24,F,13,Physical,0.0,49
fiu,24,F,132,Digital,0.0,3286
fiu,24,F,132,Physical,191391.95,1330
fiu,24,F,135,Digital,5399.46,1751
fiu,24,F,135,Physical,87742.18,926
fiu,24,F,138,Digital,0.0,635
fiu,24,F,138,Physical,18350.219,535
fiu,24,F,140,Digital,0.0,582
fiu,24,F,140,Physical,8211.43,198
fiu,24,F,142,Digital,0.0,331
fiu,24,F,142,Physical,8547.149,142
fiu,24,F,144,Digital,0.0,177
fiu,24,F,144,Physical,0.0,37
fiu,24,F,147,Digital,0.0,97
fiu,24,F,147,Physical,868.14996,97
fiu,24,F,156,Digital,117554.52,5203
fiu,24,F,156,Physical,141102.84,1373
fiu,24,F,16,Digital,16588.0,963
fiu,24,F,16,Physical,10610.05,315
fiu,24,F,162,Digital,3570.4001,1020
fiu,24,F,162,Physical,73994.34,502
fiu,24,F,163,Physical,47739.3,381
fiu,24,F,164,Digital,0.0,88
fiu,24,F,164,Physical,1491.6001,88
fiu,24,F,165,Digital,0.0,4186
fiu,24,F,165,Physical,294443.6,2013
fiu,24,F,168,Digital,160768.92,6929
fiu,24,F,168,Physical,381607.78,3197
fiu,24,F,17,Digital,0.0,173
fiu,24,F,17,Physical,207.2,104
fiu,24,F,171,Digital,2826.95,348
fiu,24,F,171,Physical,24177.9,107
fiu,24,F,174,Digital,0.0,254
fiu,24,F,174,Physical,18140.4,130
fiu,24,F,175,Digital,0.0,8
fiu,24,F,175,Physical,117.9,2
fiu,24,F,177,Digital,0.0,353
fiu,24,F,177,Physical,0.0,164
fiu,24,F,18,Digital,0.0,650
fiu,24,F,18,Physical,9222.85,260
fiu,24,F,180,Digital,0.0,83
fiu,24,F,180,Physical,144.0,103
fiu,24,F,183,Digital,722.8,2680
fiu,24,F,183,Physical,21172.9,1014
fiu,24,F,186,Digital,0.0,1005
fiu,24,F,186,Physical,23725.32,534
fiu,24,F,189,Digital,0.0,595
fiu,24,F,189,Physical,0.0,300
fiu,24,F,19,Digital,32325.3,6857
fiu,24,F,19,Physical,195687.62,3715
fiu,24,F,192,Digital,14637.561,1950
fiu,24,F,192,Physical,8154.54,379
fiu,24,F,198,Digital,0.0,753
fiu,24,F,198,Physical,26693.059,494
fiu,24,F,202,Digital,0.0,244
fiu,24,F,202,Physical,0.0,148
fiu,24,F,204,Digital,5058.25,2679
fiu,24,F,204,Physical,157413.81,1877
fiu,24,F,207,Digital,0.0,1087
fiu,24,F,207,Physical,17868.65,562
fiu,24,F,21,Digital,0.0,44
fiu,24,F,21,Physical,6791.84,132
fiu,24,F,216,Digital,16726.59,571
fiu,24,F,216,Physical,2989.0,213
fiu,24,F,219,Digital,89293.44,2018
fiu,24,F,219,Physical,117905.68,1156
fiu,24,F,22,Digital,0.0,204
fiu,24,F,22,Physical,0.0,200
fiu,24,F,220,Digital,0.0,645
fiu,24,F,220,Physical,25865.84,215
fiu,24,F,226,Digital,0.0,709
fiu,24,F,226,Physical,0.0,149
fiu,24,F,23,Digital,0.0,135
fiu,24,F,23,Physical,5499.06,77
fiu,24,F,234,Digital,12000.0,286
fiu,24,F,234,Physical,1484.7301,81
fiu,24,F,240,Digital,36065.24,2596
fiu,24,F,240,Physical,45103.7,764
fiu,24,F,246,Digital,305409.94,6545
fiu,24,F,246,Physical,35186.0,483
fiu,24,F,249,Digital,0.0,368
fiu,24,F,249,Physical,7945.1504,442
fiu,24,F,25,Digital,14232.4,2589
fiu,24,F,25,Physical,97519.14,1493
fiu,24,F,252,Digital,0.0,576
fiu,24,F,252,Physical,8762.31,575
fiu,24,F,255,Digital,6874.5005,625
fiu,24,F,255,Physical,3870.29,114
fiu,24,F,257,Digital,0.0,370
fiu,24,F,257,Physical,26316.65,129
fiu,24,F,260,Digital,29353.54,768
fiu,24,F,260,Physical,13449.38,119
fiu,24,F,261,Digital,31343.52,611
fiu,24,F,261,Physical,0.0,227
fiu,24,F,270,Digital,0.0,604
fiu,24,F,270,Physical,23575.5,727
fiu,24,F,273,Digital,6554.9,2117
fiu,24,F,273,Physical,112837.0,1385
fiu,24,F,279,Digital,0.0,4
fiu,24,F,279,Physical,0.0,2
fiu,24,F,282,Digital,3961.9497,2204
fiu,24,F,282,Physical,172612.56,932
fiu,24,F,287,Digital,0.0,1032
fiu,24,F,287,Physical,17005.85,360
fiu,24,F,288,Digital,2146.9,140
fiu,24,F,288,Physical,16236.011,126
fiu,24,F,29,Digital,7568.0,511
fiu,24,F,29,Physical,0.0,149
fiu,24,F,291,Digital,340952.88,8159
fiu,24,F,291,Physical,335676.38,2777
fiu,24,F,294,Physical,51.42,4
fiu,24,F,297,Digital,0.0,10
fiu,24,F,297,Physical,712.2,16
fiu,24,F,301,Digital,0.0,216
fiu,24,F,301,Physical,19967.041,72
fiu,24,F,309,Digital,0.0,284
fiu,24,F,309,Physical,2081.72,28
fiu,24,F,31,Physical,4922.95,79
fiu,24,F,315,Physical,183.6,8
fiu,24,F,318,Digital,0.0,160
fiu,24,F,321,Digital,0.0,407
fiu,24,F,321,Physical,78863.85,398
fiu,24,F,324,Digital,5370.0,1337
fiu,24,F,324,Physical,4159.6,808
fiu,24,F,327,Digital,1165.46,480
fiu,24,F,327,Physical,47136.543,456
fiu,24,F,331,Digital,2046.7699,23
fiu,24,F,331,Physical,1840.7999,9
fiu,24,F,335,Digital,61.34,1
fiu,24,F,335,Physical,0.0,4
fiu,24,F,336,Digital,16973.69,576
fiu,24,F,336,Physical,55666.93,504
fiu,24,F,339,Digital,0.0,21
fiu,24,F,339,Physical,388.15,7
fiu,24,F,34,Digital,0.0,708
fiu,24,F,34,Physical,37608.55,477
fiu,24,F,341,Digital,0.0,18
fiu,24,F,341,Physical,6608.88,88
fiu,24,F,346,Digital,15822.66,1678
fiu,24,F,346,Physical,53554.418,664
fiu,24,F,347,Digital,1824.0,402
fiu,24,F,347,Physical,1006.9,263
fiu,24,F,348,Digital,8685.98,1537
fiu,24,F,348,Physical,74417.05,957
fiu,24,F,354,Digital,0.0,484
fiu,24,F,354,Physical,0.0,84
fiu,24,F,357,Digital,0.0,299
fiu,24,F,357,Physical,1684.4,304
fiu,24,F,360,Physical,10919.25,75
fiu,24,F,365,Digital,0.0,182
fiu,24,F,365,Physical,6745.13,255
fiu,24,F,369,Digital,0.0,1339
fiu,24,F,369,Physical,63964.75,952
fiu,24,F,37,Digital,0.0,90
fiu,24,F,37,Physical,2939.7,30
fiu,24,F,371,Digital,0.0,390
fiu,24,F,371,Physical,19308.701,253
fiu,24,F,372,Digital,66018.75,1848
fiu,24,F,372,Physical,49076.47,357
fiu,24,F,374,Digital,0.0,372
fiu,24,F,374,Physical,3484.0,268
fiu,24,F,375,Digital,48207.812,2000
fiu,24,F,375,Physical,38938.76,384
fiu,24,F,380,Digital,0.0,60
fiu,24,F,381,Digital,19441.01,4145
fiu,24,F,381,Physical,117963.44,4869
fiu,24,F,384,Digital,1680.0,1354
fiu,24,F,384,Physical,17715.57,183
fiu,24,F,387,Digital,0.0,541
fiu,24,F,387,Physical,5870.94,445
fiu,24,F,390,Digital,4048.44,1201
fiu,24,F,390,Physical,100521.25,854
fiu,24,F,393,Digital,695.42,4779
fiu,24,F,393,Physical,208983.12,3071
fiu,24,F,396,Digital,0.0,93
fiu,24,F,396,Physical,0.0,31
fiu,24,F,399,Digital,73096.49,4327
fiu,24,F,399,Physical,68164.73,1254
fiu,24,F,40,Digital,15427.36,2062
fiu,24,F,40,Physical,118234.74,1106
fiu,24,F,402,Digital,0.0,1031
fiu,24,F,402,Physical,8546.65,462
fiu,24,F,405,Digital,0.0,128
fiu,24,F,411,Digital,0.0,432
fiu,24,F,411,Physical,17839.621,264
fiu,24,F,413,Digital,0.0,86
fiu,24,F,413,Physical,8601.21,71
fiu,24,F,414,Digital,646.2,196
fiu,24,F,414,Physical,33150.48,754
fiu,24,F,415,Digital,0.0,29
fiu,24,F,415,Physical,2726.0,145
fiu,24,F,417,Digital,0.0,256
fiu,24,F,417,Physical,0.0,372
fiu,24,F,419,Digital,0.0,459
fiu,24,F,419,Physical,0.0,231
fiu,24,F,42,Digital,0.0,176
fiu,24,F,42,Physical,0.0,160
fiu,24,F,420,Digital,9688.859,150
fiu,24,F,420,Physical,5775.14,168
fiu,24,F,421,Digital,0.0,1715
fiu,24,F,421,Physical,6900.85,4265
fiu,24,F,423,Digital,0.0,259
fiu,24,F,423,Physical,6428.31,184
fiu,24,F,424,Digital,0.0,498
fiu,24,F,424,Physical,6484.3804,250
fiu,24,F,426,Digital,0.0,1132
fiu,24,F,426,Physical,19566.36,544
fiu,24,F,429,Digital,2622.0,3562
fiu,24,F,429,Physical,151951.62,1469
fiu,24,F,43,Digital,4459.0,516
fiu,24,F,43,Physical,2956.3,120
fiu,24,F,432,Digital,0.0,399
fiu,24,F,432,Physical,40582.75,255
fiu,24,F,435,Digital,0.0,1096
fiu,24,F,435,Physical,40988.62,1268
fiu,24,F,438,Digital,0.0,192
fiu,24,F,438,Physical,2903.7603,70
fiu,24,F,44,Digital,0.0,925
fiu,24,F,44,Physical,41484.57,701
fiu,24,F,441,Digital,0.0,13893
fiu,24,F,441,Physical,38612.0,2045
fiu,24,F,444,Digital,0.0,1389
fiu,24,F,444,Physical,47397.23,477
fiu,24,F,45,Digital,1238.55,626
fiu,24,F,45,Physical,17017.4,297
fiu,24,F,453,Digital,149840.58,14744
fiu,24,F,453,Physical,532642.9,5593
fiu,24,F,456,Digital,0.0,1248
fiu,24,F,456,Physical,3465.0,818
fiu,24,F,459,Digital,143938.58,7680
fiu,24,F,459,Physical,221587.2,2693
fiu,24,F,46,Digital,139805.25,1878
fiu,24,F,46,Physical,6835.6196,725
fiu,24,F,462,Digital,0.0,346
fiu,24,F,462,Physical,1929.89,115
fiu,24,F,465,Digital,0.0,6
fiu,24,F,465,Physical,280.0,2
fiu,24,F,467,Digital,0.0,1737
fiu,24,F,467,Physical,979.93005,1783
fiu,24,F,468,Digital,0.0,2207
fiu,24,F,468,Physical,70226.96,1009
fiu,24,F,469,Digital,0.0,51
fiu,24,F,469,Physical,0.0,46
fiu,24,F,47,Digital,0.0,129
fiu,24,F,47,Physical,0.0,64
fiu,24,F,470,Digital,0.0,30
fiu,24,F,471,Digital,0.0,216
fiu,24,F,471,Physical,4826.41,50
fiu,24,F,474,Digital,0.0,4477
fiu,24,F,474,Physical,0.0,1102
fiu,24,F,477,Digital,0.0,114
fiu,24,F,477,Physical,8985.1,38
fiu,24,F,478,Digital,0.0,707
fiu,24,F,478,Physical,0.0,365
fiu,24,F,48,Physical,6000.52,53
fiu,24,F,486,Digital,0.0,1010
fiu,24,F,486,Physical,32861.35,701
fiu,24,F,492,Digital,0.0,36
fiu,24,F,492,Physical,0.0,12
fiu,24,F,495,Digital,0.0,22
fiu,24,F,495,Physical,362.89,11
fiu,24,F,498,Digital,0.0,186
fiu,24,F,498,Physical,5102.77,93
fiu,24,F,50,Digital,12914.14,427
fiu,24,F,50,Physical,17020.06,198
fiu,24,F,501,Digital,0.0,135
fiu,24,F,501,Physical,7650.0,46
fiu,24,F,504,Digital,0.0,690
fiu,24,F,504,Physical,131752.28,808
fiu,24,F,507,Digital,77062.5,721
fiu,24,F,507,Physical,73062.99,482
fiu,24,F,510,Digital,0.0,55
fiu,24,F,510,Physical,2782.5398,187
fiu,24,F,513,Physical,15.95,1
fiu,24,F,516,Digital,0.0,119
fiu,24,F,516,Physical,2455.34,80
fiu,24,F,519,Digital,1049.66,229
fiu,24,F,519,Physical,47280.86,378
fiu,24,F,522,Physical,100.95,5
fiu,24,F,528,Digital,0.0,231
fiu,24,F,528,Physical,9336.359,78
fiu,24,F,534,Physical,239.16,12
fiu,24,F,540,Physical,5.99,1
fiu,24,F,541,Digital,0.0,4396
fiu,24,F,541,Physical,0.0,2444
fiu,24,F,545,Digital,0.0,216
fiu,24,F,545,Physical,110301.29,504
fiu,24,F,546,Digital,0.0,920
fiu,24,F,546,Physical,372256.0,1820
fiu,24,F,549,Digital,0.0,1310
fiu,24,F,549,Physical,22960.54,472
fiu,24,F,555,Digital,0.0,149
fiu,24,F,561,Digital,0.0,294
fiu,24,F,561,Physical,0.0,42
fiu,24,F,567,Digital,0.0,2494
fiu,24,F,567,Physical,0.0,1086
fiu,24,F,570,Digital,0.0,891
fiu,24,F,570,Physical,5267.56,461
fiu,24,F,572,Digital,0.0,930
fiu,24,F,572,Physical,0.0,812
fiu,24,F,573,Digital,137565.03,2639
fiu,24,F,573,Physical,476675.03,4825
fiu,24,F,576,Digital,2612.5,176
fiu,24,F,576,Physical,5948.8,110
fiu,24,F,582,Physical,2920.32,27
fiu,24,F,594,Digital,0.0,156
fiu,24,F,594,Physical,14930.3,226
fiu,24,F,599,Digital,7229.9897,2165
fiu,24,F,599,Physical,7291.3,660
fiu,24,F,600,Digital,0.0,116
fiu,24,F,600,Physical,5110.0,116
fiu,24,F,603,Digital,7710.5303,2023
fiu,24,F,603,Physical,64297.63,1514
fiu,24,F,606,Digital,1568.0,32
fiu,24,F,606,Physical,2646.7,58
fiu,24,F,615,Digital,0.0,2091
fiu,24,F,615,Physical,0.0,773
fiu,24,F,618,Digital,237814.94,5852
fiu,24,F,618,Physical,39081.07,405
fiu,24,F,627,Digital,23495.05,2209
fiu,24,F,627,Physical,102472.25,1354
fiu,24,F,630,Digital,0.0,1494
fiu,24,F,630,Physical,48013.84,1508
fiu,24,F,633,Physical,0.0,5
fiu,24,F,636,Digital,27867.5,1016
fiu,24,F,636,Physical,7773.8,248
fiu,24,F,645,Digital,5292.21,912
fiu,24,F,645,Physical,69176.87,657
fiu,24,F,651,Digital,24992.15,7834
fiu,24,F,651,Physical,274059.75,2828
fiu,24,F,654,Digital,0.0,181
fiu,24,F,654,Physical,18357.81,182
fiu,24,F,657,Digital,4050.0,1420
fiu,24,F,657,Physical,10800.85,671
fiu,24,F,660,Digital,211859.28,3143
fiu,24,F,660,Physical,0.0,1042
fiu,24,F,663,Digital,0.0,198
fiu,24,F,663,Physical,41851.76,724
fiu,24,F,666,Digital,0.0,1138
fiu,24,F,666,Physical,16298.64,590
fiu,24,F,669,Digital,0.0,1837
fiu,24,F,669,Physical,282721.44,2350
fiu,24,F,670,Digital,0.0,105
fiu,24,F,670,Physical,0.0,42
fiu,24,F,671,Digital,0.0,53
fiu,24,F,671,Physical,721.81,40
fiu,24,F,675,Digital,1033.89,608
fiu,24,F,675,Physical,16473.01,166
fiu,24,F,682,Digital,0.0,653
fiu,24,F,682,Physical,1232.3401,302
fiu,24,F,683,Digital,2731.25,262
fiu,24,F,683,Physical,13921.439,84
fiu,24,F,684,Digital,12487.5,565
fiu,24,F,684,Physical,1356.6001,159
fiu,24,F,687,Digital,22260.72,5767
fiu,24,F,687,Physical,208923.7,2226
fiu,24,F,688,Digital,13780.75,3197
fiu,24,F,688,Physical,92937.91,1012
fiu,24,F,690,Digital,0.0,1050
fiu,24,F,690,Physical,0.0,768
fiu,24,F,693,Digital,314030.62,4981
fiu,24,F,693,Physical,27120.25,367
fiu,24,F,694,Digital,0.0,818
fiu,24,F,694,Physical,43948.49,380
fiu,24,F,696,Digital,108209.22,763
fiu,24,F,696,Physical,50666.74,771
fiu,24,F,699,Digital,0.0,97
fiu,24,F,699,Physical,0.0,63
fiu,24,F,702,Digital,0.0,69
fiu,24,F,702,Physical,1241.77,23
fiu,24,F,705,Digital,0.0,120
fiu,24,F,705,Physical,29.98,42
fiu,24,F,708,Digital,1279.6,615
fiu,24,F,708,Physical,7222.5303,249
fiu,24,F,714,Digital,184661.03,5160
fiu,24,F,714,Physical,17368.0,1111
fiu,24,F,715,Physical,8532.4,83
fiu,24,F,717,Digital,0.0,85
fiu,24,F,717,Physical,3984.0,24
fiu,24,F,72,Digital,0.0,700
fiu,24,F,72,Physical,85795.945,773
fiu,24,F,720,Digital,8158.0,1265
fiu,24,F,720,Physical,48010.25,297
fiu,24,F,723,Digital,27661.16,1793
fiu,24,F,723,Physical,65676.84,575
fiu,24,F,726,Digital,0.0,399
fiu,24,F,726,Physical,61773.18,266
fiu,24,F,729,Digital,0.0,533
fiu,24,F,729,Physical,36402.098,445
fiu,24,F,732,Digital,35895.6,570
fiu,24,F,732,Physical,0.0,234
fiu,24,F,733,Digital,0.0,57
fiu,24,F,733,Physical,7759.06,101
fiu,24,F,735,Digital,33614.32,3106
fiu,24,F,735,Physical,59200.02,2406
fiu,24,F,738,Digital,0.0,281
fiu,24,F,738,Physical,6622.4297,91
fiu,24,F,741,Digital,0.0,368
fiu,24,F,741,Physical,9450.82,381
fiu,24,F,744,Digital,9594.0,872
fiu,24,F,744,Physical,18310.0,388
fiu,24,F,747,Digital,228.15001,235
fiu,24,F,747,Physical,5747.83,206
fiu,24,F,748,Digital,0.0,238
fiu,24,F,748,Physical,23587.201,80
fiu,24,F,75,Digital,0.0,2461
fiu,24,F,75,Physical,213694.92,1649
fiu,24,F,750,Digital,0.0,3
fiu,24,F,750,Physical,0.0,1
fiu,24,F,754,Digital,15331.24,865
fiu,24,F,754,Physical,8034.15,483
fiu,24,F,756,Digital,0.0,409
fiu,24,F,756,Physical,134409.33,1514
fiu,24,F,757,Physical,2584.5898,101
fiu,24,F,76,Digital,0.0,1087
fiu,24,F,76,Physical,22348.58,389
fiu,24,F,77,Digital,0.0,10612
fiu,24,F,77,Physical,23032.201,5494
fiu,24,F,770,Digital,0.0,39
fiu,24,F,770,Physical,4749.81,39
fiu,24,F,78,Digital,0.0,135
fiu,24,F,78,Physical,14079.471,133
fiu,24,F,790,Digital,0.0,123
fiu,24,F,790,Physical,9189.74,41
fiu,24,F,81,Digital,34728.75,7558
fiu,24,F,81,Physical,1023719.1,10825
fiu,24,F,87,Digital,28081.62,1744
fiu,24,F,87,Physical,38068.34,723
fiu,24,F,887,Physical,989.82,18
fiu,24,F,90,Digital,0.0,3037
fiu,24,F,90,Physical,54208.953,1336
fiu,24,F,91,Digital,0.0,26
fiu,24,F,91,Physical,3900.0,26
fiu,24,F,93,Digital,57862.62,11023
fiu,24,F,93,Physical,395676.66,4641
fiu,24,F,96,Digital,0.0,258
fiu,24,F,96,Physical,47259.59,499
fiu,24,W,10,Digital,146598.94,4489
fiu,24,W,10,Physical,49293.62,1037
fiu,24,W,100,Digital,0.0,129
fiu,24,W,100,Physical,0.0,43
fiu,24,W,101,Digital,0.0,2653
fiu,24,W,101,Physical,124114.49,1644
fiu,24,W,102,Digital,0.0,521
fiu,24,W,102,Physical,26682.92,166
fiu,24,W,103,Digital,0.0,885
fiu,24,W,103,Physical,29693.92,585
fiu,24,W,105,Digital,52904.54,1177
fiu,24,W,105,Physical,185214.28,1597
fiu,24,W,108,Physical,3557.86,65
fiu,24,W,111,Digital,70262.76,4867
fiu,24,W,111,Physical,276111.38,7368
fiu,24,W,112,Digital,53056.9,724
fiu,24,W,112,Physical,81575.2,1563
fiu,24,W,114,Digital,0.0,977
fiu,24,W,114,Physical,2275.75,336
fiu,24,W,116,Digital,6982.7,1336
fiu,24,W,116,Physical,72551.22,492
fiu,24,W,117,Digital,0.0,917
fiu,24,W,117,Physical,34773.06,577
fiu,24,W,118,Digital,0.0,702
fiu,24,W,118,Physical,68723.54,304
fiu,24,W,120,Digital,19500.75,4296
fiu,24,W,120,Physical,195690.69,1530
fiu,24,W,122,Physical,0.0,120
fiu,24,W,124,Digital,5065.84,466
fiu,24,W,124,Physical,19953.23,550
fiu,24,W,128,Digital,116352.3,4667
fiu,24,W,128,Physical,94560.43,1147
fiu,24,W,129,Digital,0.0,5416
fiu,24,W,129,Physical,516192.06,4565
fiu,24,W,13,Digital,0.0,126
fiu,24,W,13,Physical,0.0,80
fiu,24,W,132,Digital,0.0,3350
fiu,24,W,132,Physical,76241.56,1026
fiu,24,W,135,Digital,5499.4497,837
fiu,24,W,135,Physical,63605.27,619
fiu,24,W,138,Digital,0.0,838
fiu,24,W,138,Physical,20850.469,823
fiu,24,W,140,Digital,0.0,729
fiu,24,W,140,Physical,6391.77,317
fiu,24,W,142,Digital,0.0,316
fiu,24,W,142,Physical,15968.95,163
fiu,24,W,144,Digital,0.0,180
fiu,24,W,144,Physical,0.0,122
fiu,24,W,15,Physical,0.0,36
fiu,24,W,153,Physical,2361.6,24
fiu,24,W,156,Digital,92734.58,5191
fiu,24,W,156,Physical,120460.08,1194
fiu,24,W,16,Digital,16502.0,979
fiu,24,W,16,Physical,4125.6,189
fiu,24,W,162,Digital,1154.04,327
fiu,24,W,162,Physical,25888.68,259
fiu,24,W,163,Digital,0.0,1144
fiu,24,W,163,Physical,57012.8,625
fiu,24,W,164,Digital,0.0,88
fiu,24,W,164,Physical,1491.6001,88
fiu,24,W,165,Digital,0.0,3645
fiu,24,W,165,Physical,239430.38,1751
fiu,24,W,166,Digital,0.0,189
fiu,24,W,166,Physical,11970.0,63
fiu,24,W,168,Digital,139785.6,4957
fiu,24,W,168,Physical,287426.28,2145
fiu,24,W,17,Digital,0.0,108
fiu,24,W,17,Physical,148.77,71
fiu,24,W,171,Digital,4274.1997,631
fiu,24,W,171,Physical,30625.86,156
fiu,24,W,174,Digital,0.0,120
fiu,24,W,174,Physical,6971.5903,61
fiu,24,W,175,Digital,0.0,20
fiu,24,W,175,Physical,294.75,5
fiu,24,W,177,Digital,0.0,139
fiu,24,W,177,Physical,0.0,144
fiu,24,W,18,Digital,0.0,368
fiu,24,W,18,Physical,12757.57,265
fiu,24,W,180,Digital,0.0,140
fiu,24,W,180,Physical,0.0,182
fiu,24,W,183,Digital,400.4,1966
fiu,24,W,183,Physical,28509.29,1059
fiu,24,W,186,Digital,0.0,980
fiu,24,W,186,Physical,2210.32,544
fiu,24,W,189,Digital,0.0,451
fiu,24,W,189,Physical,0.0,282
fiu,24,W,19,Digital,26509.1,3337
fiu,24,W,19,Physical,113450.04,1869
fiu,24,W,192,Digital,4199.3003,1011
fiu,24,W,192,Physical,15563.131,173
fiu,24,W,198,Digital,0.0,711
fiu,24,W,198,Physical,33629.008,470
fiu,24,W,202,Digital,0.0,338
fiu,24,W,202,Physical,27181.441,178
fiu,24,W,204,Digital,2772.0,2351
fiu,24,W,204,Physical,152609.14,1600
fiu,24,W,207,Digital,0.0,516
fiu,24,W,207,Physical,30965.42,470
fiu,24,W,216,Digital,15521.07,633
fiu,24,W,216,Physical,3038.0,218
fiu,24,W,219,Digital,87126.08,2045
fiu,24,W,219,Physical,109075.18,1077
fiu,24,W,22,Digital,0.0,128
fiu,24,W,22,Physical,0.0,48
fiu,24,W,220,Digital,0.0,384
fiu,24,W,220,Physical,18475.6,128
fiu,24,W,226,Digital,0.0,872
fiu,24,W,226,Physical,0.0,287
fiu,24,W,23,Digital,0.0,128
fiu,24,W,23,Physical,4402.56,107
fiu,24,W,234,Digital,0.0,361
fiu,24,W,234,Physical,0.0,70
fiu,24,W,240,Digital,58713.27,1957
fiu,24,W,240,Physical,75426.53,863
fiu,24,W,246,Digital,204655.28,4585
fiu,24,W,246,Physical,32205.26,348
fiu,24,W,249,Digital,0.0,417
fiu,24,W,249,Physical,7455.32,495
fiu,24,W,25,Digital,7666.92,950
fiu,24,W,25,Physical,94346.72,1318
fiu,24,W,252,Digital,0.0,203
fiu,24,W,252,Physical,7668.94,365
fiu,24,W,255,Digital,0.0,849
fiu,24,W,255,Physical,76567.76,571
fiu,24,W,257,Digital,9269.54,383
fiu,24,W,257,Physical,30711.148,164
fiu,24,W,258,Digital,0.0,72
fiu,24,W,258,Physical,4817.7197,53
fiu,24,W,260,Digital,8126.72,64
fiu,24,W,260,Physical,44254.4,416
fiu,24,W,261,Digital,30138.0,295
fiu,24,W,261,Physical,12384.84,180
fiu,24,W,270,Digital,866.45,803
fiu,24,W,270,Physical,17558.94,482
fiu,24,W,273,Digital,3619.5498,2090
fiu,24,W,273,Physical,97097.84,1534
fiu,24,W,279,Physical,3399.83,17
fiu,24,W,282,Digital,3572.2498,1870
fiu,24,W,282,Physical,108545.08,755
fiu,24,W,287,Digital,0.0,232
fiu,24,W,287,Physical,8369.2,209
fiu,24,W,288,Digital,2453.6,305
fiu,24,W,288,Physical,18167.69,204
fiu,24,W,29,Digital,7922.75,145
fiu,24,W,29,Physical,0.0,39
fiu,24,W,291,Digital,228406.48,7009
fiu,24,W,291,Physical,341665.16,2770
fiu,24,W,297,Physical,664.05,6
fiu,24,W,301,Digital,0.0,120
fiu,24,W,301,Physical,12063.0,60
fiu,24,W,309,Digital,0.0,160
fiu,24,W,309,Physical,25592.56,188
fiu,24,W,31,Physical,4443.14,74
fiu,24,W,315,Physical,698.7,20
fiu,24,W,318,Digital,0.0,296
fiu,24,W,318,Physical,5102.4,32
fiu,24,W,321,Digital,0.0,299
fiu,24,W,321,Physical,52059.348,265
fiu,24,W,324,Digital,0.0,626
fiu,24,W,324,Physical,12269.36,381
fiu,24,W,327,Digital,0.0,301
fiu,24,W,327,Physical,42024.02,381
fiu,24,W,331,Digital,2046.7699,97
fiu,24,W,331,Physical,7914.36,26
fiu,24,W,335,Digital,1165.46,19
fiu,24,W,336,Digital,10580.189,694
fiu,24,W,336,Physical,68905.7,551
fiu,24,W,34,Digital,0.0,316
fiu,24,W,34,Physical,33986.93,470
fiu,24,W,341,Digital,0.0,36
fiu,24,W,341,Physical,6462.06,108
fiu,24,W,346,Digital,13381.76,1317
fiu,24,W,346,Physical,44422.21,512
fiu,24,W,347,Digital,1104.0,507
fiu,24,W,347,Physical,459.62,343
fiu,24,W,348,Digital,5367.89,1603
fiu,24,W,348,Physical,61976.418,626
fiu,24,W,354,Digital,0.0,380
fiu,24,W,354,Physical,0.0,146
fiu,24,W,357,Digital,0.0,192
fiu,24,W,357,Physical,3018.06,201
fiu,24,W,360,Physical,6697.1396,46
fiu,24,W,365,Digital,0.0,223
fiu,24,W,365,Physical,5634.14,210
fiu,24,W,369,Digital,0.0,3231
fiu,24,W,369,Physical,70830.08,1121
fiu,24,W,37,Digital,0.0,141
fiu,24,W,37,Physical,4548.53,47
fiu,24,W,371,Digital,0.0,523
fiu,24,W,371,Physical,30564.15,344
fiu,24,W,372,Digital,0.0,619
fiu,24,W,372,Physical,130948.516,727
fiu,24,W,374,Digital,0.0,486
fiu,24,W,374,Physical,6654.78,479
fiu,24,W,375,Digital,48104.66,2023
fiu,24,W,375,Physical,16467.74,257
fiu,24,W,380,Digital,0.0,72
fiu,24,W,380,Physical,6324.93,27
fiu,24,W,381,Digital,0.0,1693
fiu,24,W,381,Physical,48396.71,2181
fiu,24,W,384,Digital,0.0,645
fiu,24,W,384,Physical,7679.3604,71
fiu,24,W,387,Digital,0.0,527
fiu,24,W,387,Physical,8799.7,353
fiu,24,W,390,Digital,3005.66,1443
fiu,24,W,390,Physical,109049.81,903
fiu,24,W,393,Digital,0.0,3466
fiu,24,W,393,Physical,119301.98,2117
fiu,24,W,399,Digital,25643.7,4586
fiu,24,W,399,Physical,80333.56,1898
fiu,24,W,40,Digital,14600.9,1070
fiu,24,W,40,Physical,42875.82,481
fiu,24,W,402,Digital,0.0,1027
fiu,24,W,402,Physical,4673.57,508
fiu,24,W,405,Digital,0.0,127
fiu,24,W,405,Physical,18686.78,127
fiu,24,W,411,Digital,0.0,348
fiu,24,W,411,Physical,14433.72,216
fiu,24,W,413,Digital,0.0,388
fiu,24,W,413,Physical,16300.83,242
fiu,24,W,414,Digital,556.45,163
fiu,24,W,414,Physical,25588.178,590
fiu,24,W,415,Digital,0.0,28
fiu,24,W,415,Physical,2632.0,140
fiu,24,W,417,Digital,0.0,111
fiu,24,W,417,Physical,1709.0499,156
fiu,24,W,419,Digital,0.0,187
fiu,24,W,419,Physical,0.0,74
fiu,24,W,420,Digital,0.0,362
fiu,24,W,420,Physical,8945.56,191
fiu,24,W,421,Digital,0.0,1164
fiu,24,W,421,Physical,247.49998,3308
fiu,24,W,423,Digital,0.0,591
fiu,24,W,423,Physical,14978.74,373
fiu,24,W,424,Digital,0.0,490
fiu,24,W,424,Physical,11970.82,265
fiu,24,W,426,Digital,0.0,1094
fiu,24,W,426,Physical,28163.07,683
fiu,24,W,429,Digital,2967.0,3013
fiu,24,W,429,Physical,127705.9,1212
fiu,24,W,43,Digital,4004.0,147
fiu,24,W,43,Physical,1099.45,55
fiu,24,W,432,Digital,0.0,119
fiu,24,W,432,Physical,22100.48,161
fiu,24,W,435,Digital,0.0,1993
fiu,24,W,435,Physical,43562.54,1686
fiu,24,W,438,Digital,0.0,292
fiu,24,W,438,Physical,3985.6,73
fiu,24,W,44,Digital,0.0,856
fiu,24,W,44,Physical,43027.07,755
fiu,24,W,441,Digital,0.0,16866
fiu,24,W,441,Physical,116229.7,7938
fiu,24,W,444,Digital,0.0,1087
fiu,24,W,444,Physical,35515.918,337
fiu,24,W,447,Digital,0.0,15
fiu,24,W,447,Physical,0.0,15
fiu,24,W,45,Digital,1130.8501,489
fiu,24,W,45,Physical,16335.96,259
fiu,24,W,453,Digital,95524.71,12012
fiu,24,W,453,Physical,579551.0,5916
fiu,24,W,456,Digital,0.0,1314
fiu,24,W,456,Physical,6567.41,838
fiu,24,W,459,Digital,143698.89,6937
fiu,24,W,459,Physical,323045.84,3389
fiu,24,W,46,Digital,85833.78,1154
fiu,24,W,46,Physical,5920.94,519
fiu,24,W,462,Digital,0.0,210
fiu,24,W,462,Physical,2077.0,93
fiu,24,W,465,Physical,420.0,3
fiu,24,W,467,Digital,0.0,2510
fiu,24,W,467,Physical,3639.7402,2592
fiu,24,W,468,Digital,0.0,2036
fiu,24,W,468,Physical,78795.4,1052
fiu,24,W,469,Digital,0.0,257
fiu,24,W,469,Physical,329.99,163
fiu,24,W,47,Digital,0.0,94
fiu,24,W,47,Physical,210.0,64
fiu,24,W,470,Digital,0.0,84
fiu,24,W,470,Physical,0.0,28
fiu,24,W,471,Digital,0.0,69
fiu,24,W,471,Physical,984.5,33
fiu,24,W,474,Digital,0.0,3405
fiu,24,W,474,Physical,0.0,783
fiu,24,W,477,Digital,0.0,150
fiu,24,W,477,Physical,5168.7,31
fiu,24,W,478,Digital,6175.0,654
fiu,24,W,478,Physical,7056.9204,295
fiu,24,W,48,Physical,5615.08,50
fiu,24,W,486,Digital,0.0,1107
fiu,24,W,486,Physical,73878.875,806
fiu,24,W,492,Digital,0.0,218
fiu,24,W,492,Physical,1810.49,24
fiu,24,W,498,Digital,0.0,203
fiu,24,W,498,Physical,5389.08,100
fiu,24,W,50,Digital,7910.0996,367
fiu,24,W,50,Physical,13088.13,161
fiu,24,W,501,Digital,0.0,6
fiu,24,W,501,Physical,340.0,19
fiu,24,W,504,Digital,0.0,72
fiu,24,W,504,Physical,101567.17,926
fiu,24,W,507,Digital,0.0,3
fiu,24,W,507,Physical,174146.95,1153
fiu,24,W,510,Digital,0.0,66
fiu,24,W,510,Physical,3531.16,199
fiu,24,W,513,Physical,63.8,4
fiu,24,W,516,Physical,685.12,16
fiu,24,W,519,Digital,0.0,288
fiu,24,W,519,Physical,46180.96,321
fiu,24,W,528,Physical,9599.4,60
fiu,24,W,534,Physical,239.16,12
fiu,24,W,541,Digital,0.0,4211
fiu,24,W,541,Physical,0.0,2290
fiu,24,W,545,Digital,0.0,427
fiu,24,W,545,Physical,48452.69,410
fiu,24,W,546,Digital,0.0,1833
fiu,24,W,546,Physical,349785.06,2076
fiu,24,W,549,Digital,0.0,573
fiu,24,W,549,Physical,0.0,215
fiu,24,W,552,Digital,0.0,10
fiu,24,W,552,Physical,555.0,5
fiu,24,W,555,Digital,0.0,114
fiu,24,W,561,Digital,3903.68,32
fiu,24,W,567,Digital,0.0,1591
fiu,24,W,567,Physical,2783.48,513
fiu,24,W,570,Digital,0.0,846
fiu,24,W,570,Physical,18224.1,478
fiu,24,W,572,Digital,0.0,1257
fiu,24,W,572,Physical,0.0,597
fiu,24,W,573,Digital,164717.11,4713
fiu,24,W,573,Physical,419025.7,5336
fiu,24,W,576,Digital,0.0,78
fiu,24,W,576,Physical,0.0,39
fiu,24,W,582,Digital,0.0,31
fiu,24,W,582,Physical,3352.9602,31
fiu,24,W,588,Physical,0.0,26
fiu,24,W,594,Digital,0.0,142
fiu,24,W,594,Physical,12714.6,188
fiu,24,W,599,Digital,8378.68,1864
fiu,24,W,599,Physical,1514.24,644
fiu,24,W,600,Digital,0.0,235
fiu,24,W,600,Physical,3510.32,156
fiu,24,W,603,Digital,0.0,1025
fiu,24,W,603,Physical,71941.734,1484
fiu,24,W,606,Digital,0.0,37
fiu,24,W,606,Physical,592.0,37
fiu,24,W,609,Digital,0.0,338
fiu,24,W,609,Physical,3426.8,182
fiu,24,W,615,Digital,0.0,1868
fiu,24,W,615,Physical,0.0,498
fiu,24,W,618,Digital,98590.72,3257
fiu,24,W,618,Physical,156190.78,2253
fiu,24,W,621,Digital,0.0,62
fiu,24,W,621,Physical,2424.75,43
fiu,24,W,624,Digital,0.0,3
fiu,24,W,624,Physical,1027.6799,12
fiu,24,W,627,Digital,13889.4,2333
fiu,24,W,627,Physical,165094.02,1475
fiu,24,W,630,Digital,0.0,1576
fiu,24,W,630,Physical,37443.63,1417
fiu,24,W,633,Physical,0.0,3
fiu,24,W,636,Digital,7632.5,1012
fiu,24,W,636,Physical,58346.85,530
fiu,24,W,645,Digital,0.0,319
fiu,24,W,645,Physical,108883.734,870
fiu,24,W,651,Digital,18707.65,15844
fiu,24,W,651,Physical,335901.4,3359
fiu,24,W,654,Digital,0.0,201
fiu,24,W,654,Physical,19119.11,158
fiu,24,W,657,Digital,3800.0,956
fiu,24,W,657,Physical,7292.06,566
fiu,24,W,660,Digital,110294.28,2151
fiu,24,W,660,Physical,0.0,670
fiu,24,W,663,Digital,0.0,186
fiu,24,W,663,Physical,43601.31,714
fiu,24,W,666,Digital,0.0,1039
fiu,24,W,666,Physical,6844.8,646
fiu,24,W,669,Digital,0.0,1820
fiu,24,W,669,Physical,245888.69,2359
fiu,24,W,670,Digital,0.0,52
fiu,24,W,670,Physical,0.0,52
fiu,24,W,671,Digital,0.0,26
fiu,24,W,671,Physical,241.76,39
fiu,24,W,675,Digital,845.91,732
fiu,24,W,675,Physical,21236.291,214
fiu,24,W,68,Digital,0.0,76
fiu,24,W,682,Digital,0.0,384
fiu,24,W,682,Physical,1660.9801,256
fiu,24,W,683,Digital,0.0,347
fiu,24,W,683,Physical,18158.4,167
fiu,24,W,684,Digital,0.0,676
fiu,24,W,684,Physical,23229.0,816
fiu,24,W,687,Digital,4480.2,4509
fiu,24,W,687,Physical,317314.5,2601
fiu,24,W,688,Digital,9171.75,2364
fiu,24,W,688,Physical,81268.86,843
fiu,24,W,690,Digital,0.0,604
fiu,24,W,690,Physical,0.0,527
fiu,24,W,693,Digital,210982.98,5175
fiu,24,W,693,Physical,44870.9,701
fiu,24,W,694,Digital,0.0,756
fiu,24,W,694,Physical,34482.58,349
fiu,24,W,696,Digital,244445.06,1907
fiu,24,W,696,Physical,24551.28,523
fiu,24,W,699,Digital,0.0,23
fiu,24,W,699,Physical,0.0,23
fiu,24,W,702,Digital,0.0,81
fiu,24,W,702,Physical,1457.7301,27
fiu,24,W,705,Digital,0.0,39
fiu,24,W,705,Physical,1595.44,16
fiu,24,W,708,Digital,991.69,57
fiu,24,W,708,Physical,3980.36,116
fiu,24,W,714,Digital,263440.88,4926
fiu,24,W,714,Physical,85904.3,1263
fiu,24,W,715,Physical,9046.4,88
fiu,24,W,717,Digital,0.0,249
fiu,24,W,717,Physical,12830.95,91
fiu,24,W,72,Digital,0.0,544
fiu,24,W,72,Physical,59096.76,756
fiu,24,W,720,Digital,8451.0,699
fiu,24,W,720,Physical,21045.0,115
fiu,24,W,723,Digital,13308.3,1514
fiu,24,W,723,Physical,69391.57,601
fiu,24,W,726,Digital,0.0,267
fiu,24,W,726,Physical,41336.938,178
fiu,24,W,729,Digital,0.0,1150
fiu,24,W,729,Physical,24136.73,384
fiu,24,W,732,Digital,48874.8,320
fiu,24,W,732,Physical,0.0,85
fiu,24,W,733,Digital,0.0,385
fiu,24,W,733,Physical,25856.14,162
fiu,24,W,735,Digital,15212.32,746
fiu,24,W,735,Physical,41611.64,1651
fiu,24,W,738,Digital,0.0,208
fiu,24,W,738,Physical,6421.07,108
fiu,24,W,741,Digital,0.0,69
fiu,24,W,741,Physical,3492.82,101
fiu,24,W,744,Digital,8113.16,968
fiu,24,W,744,Physical,11900.0,385
fiu,24,W,747,Digital,0.0,205
fiu,24,W,747,Physical,9916.399,252
fiu,24,W,748,Digital,0.0,171
fiu,24,W,748,Physical,22851.791,108
fiu,24,W,749,Digital,0.0,30
fiu,24,W,749,Physical,1716.0,15
fiu,24,W,75,Digital,0.0,1691
fiu,24,W,75,Physical,170075.34,1311
fiu,24,W,750,Digital,0.0,25
fiu,24,W,750,Physical,0.0,25
fiu,24,W,753,Digital,0.0,72
fiu,24,W,753,Physical,1747.8799,65
fiu,24,W,754,Digital,13800.25,1199
fiu,24,W,754,Physical,16488.12,570
fiu,24,W,756,Digital,6173.16,1427
fiu,24,W,756,Physical,43707.38,1265
fiu,24,W,757,Physical,2975.28,86
fiu,24,W,758,Digital,0.0,64
fiu,24,W,758,Physical,1663.36,64
fiu,24,W,76,Digital,0.0,980
fiu,24,W,76,Physical,45161.82,413
fiu,24,W,77,Digital,0.0,3759
fiu,24,W,77,Physical,0.0,4431
fiu,24,W,78,Digital,0.0,42
fiu,24,W,78,Physical,19637.92,197
fiu,24,W,790,Digital,0.0,44
fiu,24,W,790,Physical,4850.56,44
fiu,24,W,81,Digital,0.0,5466
fiu,24,W,81,Physical,713524.7,7834
fiu,24,W,87,Digital,0.0,2844
fiu,24,W,87,Physical,12123.85,1429
fiu,24,W,888,Digital,0.0,4
fiu,24,W,888,Physical,34.0,14
fiu,24,W,90,Digital,0.0,2879
fiu,24,W,90,Physical,71547.46,1095
fiu,24,W,91,Digital,0.0,25
fiu,24,W,93,Digital,28425.62,7583
fiu,24,W,93,Physical,407196.3,3567
fiu,24,W,96,Digital,0.0,128
fiu,24,W,96,Physical,51928.66,470
glenville,22,A,100,Digital,0.0,20
glenville,22,A,100,Physical,5471.3403,22
glenville,22,A,160,Digital,0.0,498
glenville,22,A,160,Physical,25425.41,226
glenville,22,A,180,Physical,17363.36,70
glenville,22,A,200,Digital,0.0,24
glenville,22,A,200,Physical,2485.2002,12
glenville,22,A,220,Digital,0.0,48
glenville,22,A,220,Physical,1448.92,24
glenville,22,A,260,Physical,9249.92,92
glenville,22,A,280,Physical,8602.88,44
glenville,22,A,420,Physical,5285.82,74
glenville,22,A,440,Digital,633.08,76
glenville,22,A,440,Physical,7487.22,45
glenville,22,A,540,Physical,0.0,23
glenville,22,A,560,Digital,0.0,60
glenville,22,A,560,Physical,11081.91,33
glenville,22,A,700,Digital,1245.86,42
glenville,22,A,700,Physical,2128.0,19
glenville,22,A,720,Digital,0.0,98
glenville,22,A,720,Physical,10198.4,85
glenville,22,F,100,Digital,9877.89,491
glenville,22,F,100,Physical,32507.3,244
glenville,22,F,120,Physical,31005.568,443
glenville,22,F,140,Digital,0.0,134
glenville,22,F,140,Physical,42731.23,676
glenville,22,F,160,Digital,2699.7,1385
glenville,22,F,160,Physical,113502.66,1162
glenville,22,F,180,Digital,0.0,3
glenville,22,F,180,Physical,90323.33,359
glenville,22,F,20,Digital,1374.89,68
glenville,22,F,20,Physical,43091.93,167
glenville,22,F,200,Digital,4369.54,258
glenville,22,F,200,Physical,30857.9,149
glenville,22,F,220,Digital,0.0,157
glenville,22,F,220,Physical,10164.88,81
glenville,22,F,230,Physical,6658.58,58
glenville,22,F,240,Digital,1462.5,205
glenville,22,F,240,Physical,33499.27,290
glenville,22,F,260,Digital,0.0,479
glenville,22,F,260,Physical,57913.65,1691
glenville,22,F,280,Digital,0.0,165
glenville,22,F,280,Physical,56877.8,293
glenville,22,F,300,Physical,8719.57,65
glenville,22,F,320,Digital,0.0,120
glenville,22,F,320,Physical,0.0,40
glenville,22,F,340,Physical,0.0,267
glenville,22,F,360,Digital,0.0,88
glenville,22,F,360,Physical,1934.8999,22
glenville,22,F,380,Physical,900.0,45
glenville,22,F,40,Digital,0.0,13
glenville,22,F,40,Physical,490.0,13
glenville,22,F,420,Digital,0.0,303
glenville,22,F,420,Physical,37151.36,506
glenville,22,F,440,Digital,15472.87,644
glenville,22,F,440,Physical,91790.95,516
glenville,22,F,460,Digital,0.0,54
glenville,22,F,460,Physical,1424.53,67
glenville,22,F,520,Digital,0.0,50
glenville,22,F,520,Physical,8874.2,52
glenville,22,F,540,Digital,2950.0,53
glenville,22,F,540,Physical,62279.31,728
glenville,22,F,560,Digital,0.0,493
glenville,22,F,560,Physical,62350.7,203
glenville,22,F,580,Digital,0.0,50
glenville,22,F,580,Physical,5928.0,90
glenville,22,F,60,Physical,8396.99,44
glenville,22,F,600,Digital,0.0,186
glenville,22,F,600,Physical,27018.299,179
glenville,22,F,620,Digital,0.0,46
glenville,22,F,620,Physical,2024.0,46
glenville,22,F,640,Digital,0.0,20
glenville,22,F,640,Physical,5719.54,66
glenville,22,F,660,Digital,0.0,139
glenville,22,F,660,Physical,34818.07,317
glenville,22,F,680,Physical,3870.3,70
glenville,22,F,700,Digital,2758.69,93
glenville,22,F,700,Physical,24020.76,222
glenville,22,F,720,Digital,11049.23,948
glenville,22,F,720,Physical,30300.6,556
glenville,22,F,740,Digital,0.0,44
glenville,22,F,740,Physical,2718.28,54
glenville,22,F,780,Digital,0.0,406
glenville,22,F,780,Physical,77787.35,350
glenville,22,F,80,Digital,11898.88,510
glenville,22,F,80,Physical,43001.13,420
glenville,22,F,800,Digital,0.0,10
glenville,22,F,800,Physical,17461.729,160
glenville,22,F,820,Digital,4999.5,552
glenville,22,F,820,Physical,31819.47,323
glenville,22,F,840,Digital,127.96,127
glenville,22,F,840,Physical,2370.55,57
glenville,22,F,900,Digital,0.0,78
glenville,22,F,900,Physical,7861.0303,29
glenville,22,F,920,Digital,0.0,29
glenville,22,F,920,Physical,3629.06,29
glenville,22,W,100,Digital,5070.0,96
glenville,22,W,100,Physical,31078.6,123
glenville,22,W,120,Physical,11478.359,164
glenville,22,W,140,Digital,0.0,22
glenville,22,W,140,Physical,5438.86,83
glenville,22,W,160,Digital,0.0,635
glenville,22,W,160,Physical,45036.312,515
glenville,22,W,180,Digital,1499.75,95
glenville,22,W,180,Physical,57495.16,245
glenville,22,W,20,Digital,0.0,162
glenville,22,W,20,Physical,12333.181,73
glenville,22,W,200,Digital,0.0,112
glenville,22,W,200,Physical,11597.601,56
glenville,22,W,220,Digital,0.0,56
glenville,22,W,220,Physical,4224.32,33
glenville,22,W,240,Digital,0.0,89
glenville,22,W,240,Physical,8854.78,97
glenville,22,W,260,Digital,0.0,140
glenville,22,W,260,Physical,18925.38,576
glenville,22,W,280,Digital,0.0,337
glenville,22,W,280,Physical,21865.531,126
glenville,22,W,300,Physical,3487.96,28
glenville,22,W,320,Digital,0.0,64
glenville,22,W,320,Physical,10205.44,32
glenville,22,W,340,Physical,0.0,73
glenville,22,W,360,Digital,0.0,40
glenville,22,W,360,Physical,879.5,10
glenville,22,W,380,Digital,0.0,63
glenville,22,W,380,Physical,2005.14,57
glenville,22,W,420,Digital,0.0,139
glenville,22,W,420,Physical,17770.35,356
glenville,22,W,440,Digital,5319.44,297
glenville,22,W,440,Physical,37978.06,222
glenville,22,W,520,Digital,0.0,52
glenville,22,W,520,Physical,3799.95,42
glenville,22,W,540,Digital,0.0,313
glenville,22,W,540,Physical,19385.89,142
glenville,22,W,560,Digital,3769.42,364
glenville,22,W,560,Physical,40435.2,142
glenville,22,W,580,Digital,0.0,251
glenville,22,W,580,Physical,18986.44,109
glenville,22,W,60,Physical,5585.78,23
glenville,22,W,600,Digital,0.0,150
glenville,22,W,600,Physical,15515.449,89
glenville,22,W,620,Digital,0.0,80
glenville,22,W,620,Physical,3580.0,20
glenville,22,W,640,Physical,1039.89,11
glenville,22,W,660,Digital,143.0,186
glenville,22,W,660,Physical,20422.39,214
glenville,22,W,680,Digital,0.0,33
glenville,22,W,680,Physical,4072.47,35
glenville,22,W,700,Physical,10642.74,96
glenville,22,W,720,Digital,3027.9102,505
glenville,22,W,720,Physical,32418.55,287
glenville,22,W,740,Digital,0.0,8
glenville,22,W,740,Physical,2404.93,42
glenville,22,W,780,Digital,0.0,162
glenville,22,W,780,Physical,29132.5,139
glenville,22,W,80,Digital,6161.92,322
glenville,22,W,80,Physical,23001.6,250
glenville,22,W,800,Physical,5039.1,35
glenville,22,W,820,Digital,0.0,172
glenville,22,W,820,Physical,9013.45,170
glenville,22,W,840,Digital,2131.48,156
glenville,22,W,840,Physical,7862.1396,52
glenville,22,W,920,Physical,494.55002,9
glenville,23,A,100,Physical,4066.05,24
glenville,23,A,120,Physical,1456.8999,17
glenville,23,A,160,Digital,0.0,17
glenville,23,A,160,Physical,1351.9501,5
glenville,23,A,180,Physical,4416.48,18
glenville,23,A,200,Digital,949.89996,10
glenville,23,A,200,Physical,2899.4001,14
glenville,23,A,220,Physical,922.04004,12
glenville,23,A,240,Physical,92.850006,3
glenville,23,A,260,Physical,3697.77,35
glenville,23,A,280,Physical,5474.56,28
glenville,23,A,300,Physical,249.14,2
glenville,23,A,420,Digital,0.0,1
glenville,23,A,420,Physical,1211.5,25
glenville,23,A,440,Physical,8686.26,56
glenville,23,A,460,Physical,142.56,6
glenville,23,A,540,Digital,3874.8699,33
glenville,23,A,540,Physical,2944.75,50
glenville,23,A,560,Physical,6739.1997,20
glenville,23,A,580,Physical,832.0,8
glenville,23,A,660,Physical,538.32,3
glenville,23,A,700,Digital,1030.2,15
glenville,23,A,700,Physical,920.0,8
glenville,23,A,720,Digital,4218.84,38
glenville,23,A,720,Physical,4954.56,30
glenville,23,A,740,Physical,1074.6,5
glenville,23,A,820,Physical,700.74,9
glenville,23,A,840,Physical,223.93,7
glenville,23,F,100,Physical,37277.14,158
glenville,23,F,120,Physical,24338.799,284
glenville,23,F,140,Physical,10309.34,136
glenville,23,F,160,Digital,0.0,4
glenville,23,F,160,Physical,77337.67,672
glenville,23,F,180,Digital,0.0,14
glenville,23,F,180,Physical,57504.38,246
glenville,23,F,20,Digital,499.96,4
glenville,23,F,20,Physical,37861.5,151
glenville,23,F,200,Digital,2089.78,22
glenville,23,F,200,Physical,11804.7,57
glenville,23,F,220,Physical,4238.66,35
glenville,23,F,230,Physical,3949.86,36
glenville,23,F,240,Digital,0.0,24
glenville,23,F,240,Physical,23154.59,197
glenville,23,F,260,Digital,0.0,227
glenville,23,F,260,Physical,25319.62,768
glenville,23,F,280,Physical,21019.06,135
glenville,23,F,300,Physical,12483.34,94
glenville,23,F,320,Physical,0.0,22
glenville,23,F,340,Physical,0.0,81
glenville,23,F,40,Digital,0.0,5
glenville,23,F,40,Physical,235.95,6
glenville,23,F,420,Digital,0.0,7
glenville,23,F,420,Physical,24033.89,408
glenville,23,F,440,Digital,5699.4,62
glenville,23,F,440,Physical,71300.68,423
glenville,23,F,460,Physical,570.24,24
glenville,23,F,520,Physical,11536.4,64
glenville,23,F,540,Digital,6646.98,79
glenville,23,F,540,Physical,41500.93,682
glenville,23,F,560,Digital,1899.7999,60
glenville,23,F,560,Physical,35242.48,164
glenville,23,F,580,Physical,6760.0,79
glenville,23,F,60,Digital,89.99,1
glenville,23,F,60,Physical,3670.85,163
glenville,23,F,600,Physical,17949.28,113
glenville,23,F,620,Physical,1056.0,24
glenville,23,F,640,Physical,728.0,13
glenville,23,F,660,Digital,0.0,66
glenville,23,F,660,Physical,23195.049,205
glenville,23,F,680,Digital,0.0,11
glenville,23,F,680,Physical,1216.38,22
glenville,23,F,700,Digital,5851.03,97
glenville,23,F,700,Physical,5564.93,49
glenville,23,F,720,Digital,6365.74,84
glenville,23,F,720,Physical,34541.39,480
glenville,23,F,740,Physical,2106.56,79
glenville,23,F,780,Physical,42068.85,194
glenville,23,F,80,Digital,0.0,29
glenville,23,F,80,Physical,47643.33,532
glenville,23,F,800,Physical,10267.42,94
glenville,23,F,820,Digital,2699.73,27
glenville,23,F,820,Physical,2210.84,38
glenville,23,F,840,Physical,9509.329,78
glenville,23,F,900,Digital,0.0,43
glenville,23,F,940,Physical,139.95999,8
glenville,23,W,100,Digital,0.0,1
glenville,23,W,100,Physical,26830.26,144
glenville,23,W,120,Physical,16237.68,232
glenville,23,W,140,Digital,0.0,35
glenville,23,W,140,Physical,8953.78,159
glenville,23,W,160,Digital,2573.75,165
glenville,23,W,160,Physical,50243.59,519
glenville,23,W,180,Digital,0.0,8
glenville,23,W,180,Physical,42053.04,171
glenville,23,W,20,Physical,19904.41,74
glenville,23,W,200,Physical,11183.4,54
glenville,23,W,220,Physical,9139.45,86
glenville,23,W,230,Digital,0.0,33
glenville,23,W,230,Physical,3036.6,15
glenville,23,W,240,Digital,0.0,6
glenville,23,W,240,Physical,17373.9,199
glenville,23,W,260,Digital,0.0,233
glenville,23,W,260,Physical,33135.17,841
glenville,23,W,280,Digital,0.0,33
glenville,23,W,280,Physical,20964.56,117
glenville,23,W,300,Physical,2315.47,19
glenville,23,W,320,Physical,9567.601,30
glenville,23,W,340,Physical,0.0,133
glenville,23,W,380,Digital,0.0,76
glenville,23,W,380,Physical,13723.32,152
glenville,23,W,420,Digital,0.0,21
glenville,23,W,420,Physical,23873.47,363
glenville,23,W,440,Digital,0.0,46
glenville,23,W,440,Physical,40503.918,232
glenville,23,W,460,Digital,0.0,2
glenville,23,W,460,Physical,213.84,9
glenville,23,W,520,Physical,7073.8,50
glenville,23,W,540,Digital,7161.0,87
glenville,23,W,540,Physical,45298.58,569
glenville,23,W,560,Digital,1689.74,104
glenville,23,W,560,Physical,38750.4,148
glenville,23,W,580,Digital,2758.69,93
glenville,23,W,580,Physical,13012.47,99
glenville,23,W,60,Digital,1799.7999,20
glenville,23,W,60,Physical,551.88,7
glenville,23,W,600,Digital,0.0,11
glenville,23,W,600,Physical,16219.77,92
glenville,23,W,640,Physical,2399.76,24
glenville,23,W,660,Digital,0.0,122
glenville,23,W,660,Physical,18097.79,201
glenville,23,W,680,Digital,0.0,30
glenville,23,W,680,Physical,5066.69,41
glenville,23,W,700,Physical,9920.0,85
glenville,23,W,720,Digital,2269.08,393
glenville,23,W,720,Physical,37252.13,373
glenville,23,W,740,Physical,852.48,24
glenville,23,W,780,Digital,0.0,285
glenville,23,W,780,Physical,36726.08,173
glenville,23,W,80,Digital,14661.12,195
glenville,23,W,80,Physical,28499.951,333
glenville,23,W,800,Physical,4579.3203,31
glenville,23,W,820,Digital,0.0,1
glenville,23,W,820,Physical,11703.51,180
glenville,23,W,840,Digital,1349.7301,81
glenville,23,W,840,Physical,8164.53,54
glenville,24,A,100,Digital,1739.88,15
glenville,24,A,120,Digital,703.0,19
glenville,24,A,160,Digital,692.92,24
glenville,24,A,180,Digital,1429.88,16
glenville,24,A,200,Digital,0.0,12
glenville,24,A,220,Digital,0.0,11
glenville,24,A,260,Digital,369.18002,7
glenville,24,A,260,Physical,1890.0,18
glenville,24,A,280,Digital,824.85004,15
glenville,24,A,420,Physical,2221.65,36
glenville,24,A,440,Digital,2678.17,39
glenville,24,A,440,Physical,2292.6,21
glenville,24,A,460,Physical,356.4,15
glenville,24,A,540,Digital,2874.77,23
glenville,24,A,540,Physical,3753.81,78
glenville,24,A,560,Digital,2947.31,33
glenville,24,A,560,Physical,997.5,6
glenville,24,A,580,Digital,711.92,8
glenville,24,A,700,Digital,1941.39,26
glenville,24,A,700,Physical,3736.0,18
glenville,24,A,720,Digital,3594.81,69
glenville,24,A,800,Digital,306.0,3
glenville,24,A,840,Digital,1639.6001,40
glenville,24,F,100,Digital,29714.09,210
glenville,24,F,100,Physical,2502.0,18
glenville,24,F,120,Digital,4329.0,117
glenville,24,F,120,Physical,25195.799,294
glenville,24,F,140,Digital,168.0,16
glenville,24,F,140,Physical,11357.82,174
glenville,24,F,160,Digital,13603.42,224
glenville,24,F,160,Physical,37840.14,409
glenville,24,F,180,Digital,48050.62,350
glenville,24,F,180,Physical,15338.18,113
glenville,24,F,20,Digital,7925.75,41
glenville,24,F,20,Physical,17736.791,107
glenville,24,F,200,Digital,3989.5798,102
glenville,24,F,220,Digital,0.0,5
glenville,24,F,220,Physical,6012.11,52
glenville,24,F,230,Digital,128.7,2
glenville,24,F,230,Physical,1572.24,11
glenville,24,F,240,Digital,3768.6301,64
glenville,24,F,240,Physical,19868.74,198
glenville,24,F,260,Digital,0.0,58
glenville,24,F,260,Physical,27132.34,684
glenville,24,F,280,Digital,2749.5,50
glenville,24,F,280,Physical,354.0,6
glenville,24,F,300,Digital,533.9,5
glenville,24,F,300,Physical,3461.5498,31
glenville,24,F,320,Digital,0.0,35
glenville,24,F,380,Digital,0.0,96
glenville,24,F,380,Physical,0.0,32
glenville,24,F,40,Physical,84.0,2
glenville,24,F,420,Digital,0.0,232
glenville,24,F,420,Physical,13321.71,226
glenville,24,F,440,Digital,13901.16,187
glenville,24,F,440,Physical,30292.66,289
glenville,24,F,460,Digital,0.0,7
glenville,24,F,460,Physical,776.33,29
glenville,24,F,520,Physical,10205.101,59
glenville,24,F,540,Digital,8515.67,72
glenville,24,F,540,Physical,42405.42,1067
glenville,24,F,560,Digital,15412.2,97
glenville,24,F,560,Physical,8760.96,26
glenville,24,F,580,Digital,3194.62,38
glenville,24,F,580,Physical,3213.6,30
glenville,24,F,60,Digital,899.89996,97
glenville,24,F,60,Physical,902.69995,143
glenville,24,F,600,Physical,9518.7,85
glenville,24,F,620,Physical,704.0,16
glenville,24,F,640,Physical,480.0,8
glenville,24,F,660,Digital,5933.5,167
glenville,24,F,680,Digital,0.0,16
glenville,24,F,680,Physical,1769.28,32
glenville,24,F,700,Digital,17572.32,231
glenville,24,F,700,Physical,1200.0,10
glenville,24,F,720,Digital,16017.08,285
glenville,24,F,720,Physical,12456.82,301
glenville,24,F,740,Physical,3983.72,72
glenville,24,F,780,Digital,0.0,98
glenville,24,F,780,Physical,15404.9795,69
glenville,24,F,80,Digital,6016.7,55
glenville,24,F,80,Physical,21973.39,347
glenville,24,F,800,Physical,8961.08,80
glenville,24,F,840,Digital,694.99,16
glenville,24,F,840,Physical,4525.8896,75
glenville,24,F,900,Digital,3119.52,48
glenville,24,F,920,Physical,4505.04,36
glenville,24,F,940,Physical,69.979996,4
glenville,24,W,100,Digital,7543.1797,264
glenville,24,W,100,Physical,21259.24,222
glenville,24,W,120,Physical,19625.299,229
glenville,24,W,140,Physical,10373.5,184
glenville,24,W,160,Digital,0.0,43
glenville,24,W,160,Physical,50766.293,513
glenville,24,W,180,Digital,20412.5,157
glenville,24,W,180,Physical,4151.11,42
glenville,24,W,20,Digital,1994.7899,21
glenville,24,W,20,Physical,24665.17,167
glenville,24,W,200,Digital,0.0,89
glenville,24,W,220,Physical,4419.67,56
glenville,24,W,230,Physical,3771.4,25
glenville,24,W,240,Physical,13111.6,155
glenville,24,W,260,Physical,28483.2,501
glenville,24,W,280,Physical,6890.56,52
glenville,24,W,300,Physical,1619.41,13
glenville,24,W,320,Digital,0.0,51
glenville,24,W,340,Physical,0.0,64
glenville,24,W,380,Physical,2854.2603,18
glenville,24,W,420,Physical,21911.43,356
glenville,24,W,440,Digital,1527.96,28
glenville,24,W,440,Physical,29128.26,207
glenville,24,W,520,Physical,21513.36,134
glenville,24,W,540,Digital,6515.88,54
glenville,24,W,540,Physical,45623.14,755
glenville,24,W,560,Digital,3750.0,20
glenville,24,W,560,Physical,22524.42,147
glenville,24,W,580,Physical,13444.91,99
glenville,24,W,60,Physical,4414.7,117
glenville,24,W,600,Physical,13305.7295,81
glenville,24,W,660,Digital,0.0,9
glenville,24,W,660,Physical,17319.17,223
glenville,24,W,680,Physical,5474.14,42
glenville,24,W,700,Physical,17174.5,137
glenville,24,W,720,Digital,14627.89,117
glenville,24,W,720,Physical,56060.49,418
glenville,24,W,740,Physical,1193.01,32
glenville,24,W,780,Physical,33925.88,164
glenville,24,W,80,Digital,2886.21,31
glenville,24,W,80,Physical,33345.46,318
glenville,24,W,800,Physical,3801.12,24
glenville,24,W,840,Digital,1628.0,22
glenville,24,W,840,Physical,1308.5599,26
glenville,24,W,920,Physical,659.4,12
glenville,24,W,940,Physical,144.99,7
mercer,22,A,10,Digital,0.0,36
mercer,22,A,10,Physical,23172.33,97
mercer,22,A,107,Digital,0.0,20
mercer,22,A,107,Physical,13616.609,75
mercer,22,A,121,Digital,0.0,44
mercer,22,A,121,Physical,2552.0,22
mercer,22,A,130,Physical,2695.6902,17
mercer,22,A,141,Physical,5433.0,65
mercer,22,A,150,Digital,0.0,88
mercer,22,A,150,Physical,15415.68,92
mercer,22,A,160,Digital,0.0,144
mercer,22,A,160,Physical,13752.64,427
mercer,22,A,180,Digital,0.0,57
mercer,22,A,180,Physical,14337.03,52
mercer,22,A,185,Digital,0.0,7
mercer,22,A,185,Physical,0.0,14
mercer,22,A,220,Digital,0.0,108
mercer,22,A,220,Physical,9766.07,80
mercer,22,A,235,Digital,0.0,102
mercer,22,A,235,Physical,9184.69,113
mercer,22,A,240,Digital,0.0,22
mercer,22,A,240,Physical,4491.0,24
mercer,22,A,245,Digital,0.0,65
mercer,22,A,245,Physical,395.94,77
mercer,22,A,247,Digital,0.0,8
mercer,22,A,247,Physical,0.0,8
mercer,22,A,249,Digital,0.0,30
mercer,22,A,249,Physical,0.0,29
mercer,22,A,260,Digital,0.0,1387
mercer,22,A,260,Physical,36.04,693
mercer,22,A,283,Digital,0.0,527
mercer,22,A,283,Physical,0.0,221
mercer,22,A,295,Digital,0.0,1259
mercer,22,A,295,Physical,8382.399,805
mercer,22,A,30,Digital,0.0,45
mercer,22,A,30,Physical,2069.1,30
mercer,22,A,304,Digital,0.0,15
mercer,22,A,304,Physical,274.95,5
mercer,22,A,310,Digital,0.0,285
mercer,22,A,310,Physical,4604.8203,175
mercer,22,A,311,Physical,1456.0,28
mercer,22,A,314,Physical,2200.77,13
mercer,22,A,317,Digital,0.0,69
mercer,22,A,317,Physical,8062.96,83
mercer,22,A,322,Physical,879.89996,15
mercer,22,A,331,Digital,0.0,24
mercer,22,A,331,Physical,4710.2197,100
mercer,22,A,335,Digital,0.0,86
mercer,22,A,335,Physical,10464.48,43
mercer,22,A,337,Digital,0.0,57
mercer,22,A,337,Physical,6398.85,132
mercer,22,A,338,Digital,0.0,64
mercer,22,A,338,Physical,0.0,40
mercer,22,A,342,Physical,305.15002,26
mercer,22,A,348,Digital,0.0,34
mercer,22,A,348,Physical,3094.72,57
mercer,22,A,351,Digital,0.0,28
mercer,22,A,351,Physical,0.0,14
mercer,22,A,354,Digital,0.0,124
mercer,22,A,354,Physical,6362.35,113
mercer,22,A,357,Physical,1103.84,64
mercer,22,A,370,Physical,3700.0,40
mercer,22,A,375,Digital,0.0,204
mercer,22,A,375,Physical,0.0,148
mercer,22,A,380,Digital,0.0,92
mercer,22,A,380,Physical,20597.5,143
mercer,22,A,381,Digital,0.0,196
mercer,22,A,381,Physical,30896.621,206
mercer,22,A,39,Digital,0.0,30
mercer,22,A,39,Physical,0.0,22
mercer,22,A,390,Digital,0.0,22
mercer,22,A,390,Physical,2692.2,79
mercer,22,A,400,Digital,0.0,220
mercer,22,A,400,Physical,7623.12,240
mercer,22,A,401,Digital,0.0,228
mercer,22,A,401,Physical,0.0,1888
mercer,22,A,408,Physical,0.0,386
mercer,22,A,41,Physical,5398.52,34
mercer,22,A,410,Digital,0.0,475
mercer,22,A,410,Physical,4991.4,258
mercer,22,A,421,Physical,925.0,10
mercer,22,A,434,Physical,0.0,45
mercer,22,A,435,Digital,0.0,146
mercer,22,A,435,Physical,9636.351,91
mercer,22,A,439,Digital,0.0,4
mercer,22,A,439,Physical,0.0,2
mercer,22,A,441,Physical,2481.0,27
mercer,22,A,450,Digital,0.0,32
mercer,22,A,450,Physical,798.0,55
mercer,22,A,465,Physical,4927.0,52
mercer,22,A,470,Digital,0.0,55
mercer,22,A,470,Physical,9639.41,121
mercer,22,A,481,Digital,0.0,30
mercer,22,A,481,Physical,2490.0,15
mercer,22,A,490,Digital,0.0,131
mercer,22,A,490,Physical,23610.35,178
mercer,22,A,491,Digital,0.0,159
mercer,22,A,491,Physical,60289.46,300
mercer,22,A,492,Digital,0.0,13
mercer,22,A,492,Physical,6301.35,95
mercer,22,A,495,Digital,0.0,129
mercer,22,A,495,Physical,11705.25,227
mercer,22,A,50,Digital,0.0,227
mercer,22,A,50,Physical,25945.11,265
mercer,22,A,500,Digital,0.0,80
mercer,22,A,500,Physical,989.88995,54
mercer,22,A,506,Digital,0.0,126
mercer,22,A,506,Physical,0.0,85
mercer,22,A,520,Physical,0.0,41
mercer,22,A,523,Physical,9942.9,73
mercer,22,A,530,Physical,42619.0,133
mercer,22,A,540,Physical,360.40002,10
mercer,22,A,547,Physical,11356.311,53
mercer,22,A,55,Digital,0.0,76
mercer,22,A,55,Physical,64680.3,385
mercer,22,A,550,Physical,3571.64,51
mercer,22,A,551,Physical,565.95,21
mercer,22,A,552,Digital,0.0,58
mercer,22,A,552,Physical,2486.1702,58
mercer,22,A,560,Physical,1000.0,8
mercer,22,A,580,Physical,0.0,13
mercer,22,A,597,Digital,0.0,190
mercer,22,A,597,Physical,0.0,114
mercer,22,A,60,Digital,0.0,10
mercer,22,A,60,Physical,185.0,4
mercer,22,A,645,Digital,0.0,315
mercer,22,A,645,Physical,0.0,271
mercer,22,A,650,Digital,0.0,34
mercer,22,A,650,Physical,0.0,13
mercer,22,A,670,Digital,0.0,759
mercer,22,A,670,Physical,0.0,897
mercer,22,A,685,Digital,0.0,77
mercer,22,A,685,Physical,0.0,65
mercer,22,A,70,Digital,0.0,27
mercer,22,A,70,Physical,1542.51,27
mercer,22,A,71,Digital,0.0,51
mercer,22,A,71,Physical,0.0,42
mercer,22,A,715,Digital,0.0,18
mercer,22,A,715,Physical,0.0,12
mercer,22,A,735,Digital,0.0,111
mercer,22,A,735,Physical,0.0,222
mercer,22,A,745,Physical,0.0,17
mercer,22,A,80,Physical,35305.64,461
mercer,22,A,810,Physical,382.41,14
mercer,22,A,820,Physical,0.0,22
mercer,22,A,850,Digital,0.0,48
mercer,22,A,850,Physical,0.0,24
mercer,22,F,10,Physical,84907.45,343
mercer,22,F,107,Digital,1679.7201,201
mercer,22,F,107,Physical,24882.78,214
mercer,22,F,120,Digital,0.0,92
mercer,22,F,120,Physical,29607.92,164
mercer,22,F,121,Digital,0.0,142
mercer,22,F,121,Physical,4918.49,64
mercer,22,F,130,Digital,0.0,139
mercer,22,F,130,Physical,49705.46,338
mercer,22,F,135,Digital,0.0,60
mercer,22,F,135,Physical,13294.02,66
mercer,22,F,141,Digital,0.0,424
mercer,22,F,141,Physical,29705.24,473
mercer,22,F,145,Digital,0.0,132
mercer,22,F,145,Physical,17157.69,117
mercer,22,F,148,Digital,0.0,15
mercer,22,F,148,Physical,21046.25,99
mercer,22,F,149,Digital,0.0,29
mercer,22,F,149,Physical,16084.24,105
mercer,22,F,150,Digital,0.0,301
mercer,22,F,150,Physical,98388.15,434
mercer,22,F,153,Digital,0.0,41
mercer,22,F,153,Physical,0.0,57
mercer,22,F,154,Physical,0.0,28
mercer,22,F,155,Physical,0.0,45
mercer,22,F,160,Digital,0.0,327
mercer,22,F,160,Physical,53549.24,845
mercer,22,F,180,Digital,0.0,305
mercer,22,F,180,Physical,122174.93,573
mercer,22,F,185,Digital,0.0,100
mercer,22,F,185,Physical,215.94,102
mercer,22,F,190,Digital,0.0,471
mercer,22,F,190,Physical,32151.49,1168
mercer,22,F,192,Physical,4702.06,29
mercer,22,F,20,Digital,0.0,141
mercer,22,F,20,Physical,14133.18,665
mercer,22,F,201,Physical,0.0,1
mercer,22,F,220,Digital,8000.0,642
mercer,22,F,220,Physical,50951.24,616
mercer,22,F,235,Digital,0.0,781
mercer,22,F,235,Physical,54043.11,628
mercer,22,F,240,Digital,4587.5,158
mercer,22,F,240,Physical,39285.082,223
mercer,22,F,245,Digital,0.0,48
mercer,22,F,245,Physical,0.0,210
mercer,22,F,247,Digital,0.0,114
mercer,22,F,247,Physical,0.0,57
mercer,22,F,249,Digital,0.0,602
mercer,22,F,249,Physical,0.0,278
mercer,22,F,250,Digital,0.0,8
mercer,22,F,250,Physical,36064.598,134
mercer,22,F,260,Digital,0.0,3352
mercer,22,F,260,Physical,26532.33,1306
mercer,22,F,270,Digital,0.0,1152
mercer,22,F,270,Physical,44717.54,2229
mercer,22,F,281,Digital,0.0,54
mercer,22,F,281,Physical,22254.02,354
mercer,22,F,283,Digital,0.0,770
mercer,22,F,283,Physical,11554.17,405
mercer,22,F,288,Digital,0.0,13
mercer,22,F,288,Physical,3139.1099,56
mercer,22,F,290,Digital,0.0,120
mercer,22,F,290,Physical,719.80005,20
mercer,22,F,295,Digital,0.0,1941
mercer,22,F,295,Physical,38667.2,1272
mercer,22,F,30,Digital,0.0,65
mercer,22,F,30,Physical,5345.45,226
mercer,22,F,310,Digital,0.0,1406
mercer,22,F,310,Physical,37480.98,1243
mercer,22,F,311,Digital,0.0,80
mercer,22,F,311,Physical,4130.84,139
mercer,22,F,314,Physical,4675.08,24
mercer,22,F,315,Digital,0.0,11
mercer,22,F,315,Physical,1404.73,49
mercer,22,F,317,Digital,0.0,133
mercer,22,F,317,Physical,20200.6,180
mercer,22,F,318,Physical,52.9,2
mercer,22,F,321,Physical,4338.8003,40
mercer,22,F,322,Digital,0.0,32
mercer,22,F,322,Physical,6447.32,76
mercer,22,F,323,Digital,0.0,48
mercer,22,F,323,Physical,252.0,52
mercer,22,F,325,Digital,0.0,14
mercer,22,F,325,Physical,4717.44,14
mercer,22,F,331,Digital,0.0,375
mercer,22,F,331,Physical,30292.0,296
mercer,22,F,335,Digital,0.0,188
mercer,22,F,335,Physical,18008.64,95
mercer,22,F,337,Digital,0.0,539
mercer,22,F,337,Physical,129975.664,2898
mercer,22,F,338,Digital,0.0,166
mercer,22,F,338,Physical,0.0,100
mercer,22,F,340,Digital,0.0,94
mercer,22,F,340,Physical,9032.02,77
mercer,22,F,342,Physical,8736.391,88
mercer,22,F,348,Digital,0.0,202
mercer,22,F,348,Physical,29075.5,401
mercer,22,F,349,Physical,10989.801,141
mercer,22,F,350,Digital,0.0,136
mercer,22,F,350,Physical,9925.181,218
mercer,22,F,351,Digital,0.0,369
mercer,22,F,351,Physical,1031.68,493
mercer,22,F,354,Digital,0.0,339
mercer,22,F,354,Physical,17668.5,345
mercer,22,F,355,Digital,0.0,312
mercer,22,F,355,Physical,378.0,189
mercer,22,F,360,Physical,0.0,7
mercer,22,F,365,Digital,0.0,7
mercer,22,F,365,Physical,0.0,30
mercer,22,F,367,Physical,0.0,16
mercer,22,F,370,Digital,0.0,302
mercer,22,F,370,Physical,59685.18,298
mercer,22,F,375,Digital,0.0,155
mercer,22,F,375,Physical,0.0,107
mercer,22,F,380,Digital,7227.5,1498
mercer,22,F,380,Physical,239428.45,1714
mercer,22,F,381,Digital,0.0,478
mercer,22,F,381,Physical,39638.09,274
mercer,22,F,39,Digital,0.0,29
mercer,22,F,39,Physical,0.0,22
mercer,22,F,390,Digital,0.0,344
mercer,22,F,390,Physical,85413.97,607
mercer,22,F,400,Digital,0.0,376
mercer,22,F,400,Physical,46984.72,431
mercer,22,F,401,Digital,0.0,261
mercer,22,F,401,Physical,0.0,2206
mercer,22,F,408,Digital,0.0,437
mercer,22,F,408,Physical,0.0,412
mercer,22,F,41,Physical,9368.02,59
mercer,22,F,410,Digital,0.0,961
mercer,22,F,410,Physical,4658.64,559
mercer,22,F,425,Physical,0.0,6
mercer,22,F,428,Digital,0.0,445
mercer,22,F,428,Physical,71085.11,814
mercer,22,F,430,Digital,0.0,8
mercer,22,F,430,Physical,0.0,8
mercer,22,F,431,Physical,3329.9702,21
mercer,22,F,434,Digital,0.0,76
mercer,22,F,434,Physical,0.0,76
mercer,22,F,435,Digital,0.0,259
mercer,22,F,435,Physical,12842.37,208
mercer,22,F,440,Digital,0.0,23
mercer,22,F,440,Physical,0.0,23
mercer,22,F,441,Digital,0.0,56
mercer,22,F,441,Physical,21218.64,301
mercer,22,F,450,Digital,0.0,196
mercer,22,F,450,Physical,13387.3,510
mercer,22,F,46,Digital,0.0,62
mercer,22,F,46,Physical,45447.44,178
mercer,22,F,460,Digital,0.0,54
mercer,22,F,460,Physical,0.0,18
mercer,22,F,465,Digital,2751.25,391
mercer,22,F,465,Physical,111996.125,612
mercer,22,F,470,Digital,0.0,494
mercer,22,F,470,Physical,60944.33,890
mercer,22,F,481,Digital,0.0,16
mercer,22,F,481,Physical,3175.2,34
mercer,22,F,486,Digital,0.0,66
mercer,22,F,486,Physical,0.0,69
mercer,22,F,490,Digital,7650.0,785
mercer,22,F,490,Physical,83421.88,870
mercer,22,F,491,Digital,0.0,264
mercer,22,F,491,Physical,114522.1,592
mercer,22,F,492,Digital,0.0,1157
mercer,22,F,492,Physical,138404.62,2123
mercer,22,F,495,Digital,0.0,419
mercer,22,F,495,Physical,21806.65,396
mercer,22,F,498,Digital,0.0,30
mercer,22,F,498,Physical,1130.7101,59
mercer,22,F,50,Digital,3849.7202,1378
mercer,22,F,50,Physical,199212.22,1808
mercer,22,F,500,Digital,0.0,287
mercer,22,F,500,Physical,2298.8499,191
mercer,22,F,506,Digital,0.0,318
mercer,22,F,506,Physical,0.0,159
mercer,22,F,520,Digital,4614.0,322
mercer,22,F,520,Physical,19855.85,307
mercer,22,F,523,Digital,0.0,12
mercer,22,F,523,Physical,14123.2,73
mercer,22,F,530,Digital,0.0,97
mercer,22,F,530,Physical,159755.97,554
mercer,22,F,535,Physical,0.0,13
mercer,22,F,540,Digital,4345.0,221
mercer,22,F,540,Physical,21016.13,196
mercer,22,F,545,Digital,0.0,40
mercer,22,F,545,Physical,2240.0,40
mercer,22,F,547,Digital,0.0,184
mercer,22,F,547,Physical,70245.27,347
mercer,22,F,55,Digital,0.0,297
mercer,22,F,55,Physical,102234.08,563
mercer,22,F,550,Digital,0.0,30
mercer,22,F,550,Physical,15007.399,159
mercer,22,F,551,Digital,0.0,43
mercer,22,F,551,Physical,7274.08,265
mercer,22,F,552,Digital,0.0,333
mercer,22,F,552,Physical,16019.79,410
mercer,22,F,555,Physical,493.74,26
mercer,22,F,560,Digital,0.0,146
mercer,22,F,560,Physical,9566.67,138
mercer,22,F,580,Physical,0.0,3444
mercer,22,F,595,Digital,0.0,397
mercer,22,F,595,Physical,7335.16,41
mercer,22,F,597,Digital,0.0,753
mercer,22,F,597,Physical,0.0,410
mercer,22,F,60,Digital,0.0,10
mercer,22,F,60,Physical,9451.2,69
mercer,22,F,615,Digital,0.0,114
mercer,22,F,615,Physical,9716.98,76
mercer,22,F,645,Digital,0.0,569
mercer,22,F,645,Physical,60389.34,1321
mercer,22,F,650,Digital,0.0,16
mercer,22,F,650,Physical,474.19998,29
mercer,22,F,670,Digital,0.0,345
mercer,22,F,670,Physical,0.0,276
mercer,22,F,685,Digital,0.0,964
mercer,22,F,685,Physical,3662.06,1863
mercer,22,F,70,Digital,0.0,292
mercer,22,F,70,Physical,22832.16,251
mercer,22,F,715,Digital,0.0,30
mercer,22,F,715,Physical,0.0,23
mercer,22,F,735,Digital,0.0,1867
mercer,22,F,735,Physical,0.0,1107
mercer,22,F,745,Digital,0.0,45
mercer,22,F,745,Physical,0.0,25
mercer,22,F,80,Digital,10875.0,1689
mercer,22,F,80,Physical,179189.86,3301
mercer,22,F,81,Digital,0.0,50
mercer,22,F,81,Physical,6070.5,50
mercer,22,F,810,Digital,0.0,144
mercer,22,F,810,Physical,1628.5801,52
mercer,22,F,820,Digital,0.0,10
mercer,22,F,820,Physical,0.0,44
mercer,22,F,830,Digital,0.0,20
mercer,22,F,830,Physical,0.0,10
mercer,22,F,835,Digital,0.0,29
mercer,22,F,835,Physical,0.0,81
mercer,22,F,85,Physical,3710.88,32
mercer,22,F,850,Digital,0.0,86
mercer,22,F,850,Physical,689.85004,66
mercer,22,F,855,Digital,0.0,137
mercer,22,F,855,Physical,1824.0,111
mercer,22,F,875,Digital,0.0,157
mercer,22,F,875,Physical,0.0,298
mercer,22,F,880,Digital,0.0,276
mercer,22,F,880,Physical,108.0,175
mercer,22,W,10,Physical,77354.09,345
mercer,22,W,100,Physical,3726.0,230
mercer,22,W,107,Digital,0.0,56
mercer,22,W,107,Physical,34697.8,198
mercer,22,W,120,Physical,5384.96,64
mercer,22,W,121,Physical,9609.95,38
mercer,22,W,130,Digital,0.0,60
mercer,22,W,130,Physical,37786.84,261
mercer,22,W,135,Digital,0.0,7
mercer,22,W,135,Physical,5402.03,43
mercer,22,W,141,Physical,7428.28,171
mercer,22,W,145,Physical,29649.06,152
mercer,22,W,147,Physical,416.52002,18
mercer,22,W,149,Digital,0.0,14
mercer,22,W,149,Physical,6529.06,97
mercer,22,W,150,Digital,0.0,126
mercer,22,W,150,Physical,100478.74,411
mercer,22,W,153,Physical,0.0,44
mercer,22,W,160,Digital,0.0,53
mercer,22,W,160,Physical,18634.59,550
mercer,22,W,180,Digital,0.0,85
mercer,22,W,180,Physical,113108.86,479
mercer,22,W,185,Physical,0.0,47
mercer,22,W,190,Digital,0.0,147
mercer,22,W,190,Physical,20125.25,811
mercer,22,W,20,Physical,10214.36,418
mercer,22,W,220,Digital,0.0,110
mercer,22,W,220,Physical,32341.2,500
mercer,22,W,230,Physical,6988.25,80
mercer,22,W,235,Digital,0.0,114
mercer,22,W,235,Physical,27359.39,324
mercer,22,W,240,Physical,45596.65,295
mercer,22,W,245,Physical,0.0,128
mercer,22,W,247,Digital,0.0,23
mercer,22,W,247,Physical,0.0,42
mercer,22,W,249,Digital,0.0,445
mercer,22,W,249,Physical,0.0,291
mercer,22,W,250,Physical,37166.31,139
mercer,22,W,260,Digital,0.0,2314
mercer,22,W,260,Physical,50636.23,1628
mercer,22,W,270,Digital,0.0,9
mercer,22,W,270,Physical,18361.97,1077
mercer,22,W,281,Physical,17466.22,245
mercer,22,W,283,Digital,0.0,20
mercer,22,W,283,Physical,6149.48,380
mercer,22,W,285,Physical,307.7,14
mercer,22,W,288,Physical,1319.78,33
mercer,22,W,289,Physical,4617.6,30
mercer,22,W,290,Physical,209.94,6
mercer,22,W,295,Digital,0.0,171
mercer,22,W,295,Physical,14601.6,892
mercer,22,W,30,Physical,10358.01,262
mercer,22,W,304,Digital,0.0,85
mercer,22,W,304,Physical,2804.83,77
mercer,22,W,310,Physical,28632.47,1067
mercer,22,W,311,Digital,0.0,136
mercer,22,W,311,Physical,5605.46,143
mercer,22,W,314,Physical,1570.77,29
mercer,22,W,315,Physical,304.0,16
mercer,22,W,317,Digital,0.0,25
mercer,22,W,317,Physical,12096.25,185
mercer,22,W,321,Physical,4994.17,51
mercer,22,W,322,Physical,3539.28,54
mercer,22,W,325,Digital,0.0,12
mercer,22,W,331,Digital,0.0,6
mercer,22,W,331,Physical,16526.32,195
mercer,22,W,335,Digital,0.0,32
mercer,22,W,335,Physical,13041.029,105
mercer,22,W,337,Digital,0.0,121
mercer,22,W,337,Physical,115402.664,2434
mercer,22,W,338,Physical,0.0,104
mercer,22,W,340,Digital,0.0,15
mercer,22,W,340,Physical,16280.79,81
mercer,22,W,342,Physical,6549.1997,118
mercer,22,W,348,Physical,18008.88,279
mercer,22,W,349,Physical,14121.22,141
mercer,22,W,350,Physical,3803.8,100
mercer,22,W,351,Digital,0.0,144
mercer,22,W,351,Physical,0.0,368
mercer,22,W,354,Digital,0.0,317
mercer,22,W,354,Physical,26204.11,500
mercer,22,W,355,Digital,0.0,106
mercer,22,W,355,Physical,168.0,106
mercer,22,W,356,Physical,3498.0,66
mercer,22,W,357,Physical,924.0,44
mercer,22,W,360,Physical,0.0,17
mercer,22,W,365,Physical,0.0,42
mercer,22,W,370,Digital,0.0,48
mercer,22,W,370,Physical,50302.04,332
mercer,22,W,375,Digital,0.0,17
mercer,22,W,375,Physical,0.0,85
mercer,22,W,380,Digital,0.0,1107
mercer,22,W,380,Physical,151079.11,1048
mercer,22,W,381,Digital,0.0,18
mercer,22,W,381,Physical,67980.29,437
mercer,22,W,39,Physical,0.0,24
mercer,22,W,390,Physical,68322.99,507
mercer,22,W,40,Physical,5623.82,60
mercer,22,W,400,Digital,0.0,22
mercer,22,W,400,Physical,40349.11,412
mercer,22,W,401,Physical,0.0,1951
mercer,22,W,408,Digital,0.0,108
mercer,22,W,408,Physical,0.0,520
mercer,22,W,41,Physical,9526.8,60
mercer,22,W,410,Digital,0.0,59
mercer,22,W,410,Physical,635.4,353
mercer,22,W,421,Physical,10316.26,38
mercer,22,W,428,Physical,31105.02,471
mercer,22,W,430,Physical,0.0,1
mercer,22,W,431,Physical,3647.11,23
mercer,22,W,434,Physical,0.0,32
mercer,22,W,435,Digital,0.0,12
mercer,22,W,435,Physical,13944.19,291
mercer,22,W,440,Physical,0.0,30
mercer,22,W,441,Physical,24286.16,199
mercer,22,W,450,Digital,0.0,14
mercer,22,W,450,Physical,24718.59,875
mercer,22,W,451,Physical,2559.6,40
mercer,22,W,46,Physical,15680.24,71
mercer,22,W,460,Digital,0.0,40
mercer,22,W,460,Physical,8034.4,80
mercer,22,W,465,Digital,0.0,136
mercer,22,W,465,Physical,136523.47,843
mercer,22,W,470,Physical,51922.7,1047
mercer,22,W,475,Physical,0.0,26
mercer,22,W,481,Physical,3166.1501,29
mercer,22,W,490,Digital,0.0,58
mercer,22,W,490,Physical,79647.08,712
mercer,22,W,491,Digital,0.0,33
mercer,22,W,491,Physical,99598.14,540
mercer,22,W,492,Digital,0.0,34
mercer,22,W,492,Physical,49222.1,939
mercer,22,W,495,Digital,0.0,138
mercer,22,W,495,Physical,16618.42,389
mercer,22,W,498,Physical,0.0,29
mercer,22,W,50,Digital,0.0,804
mercer,22,W,50,Physical,241565.73,2431
mercer,22,W,500,Digital,0.0,357
mercer,22,W,500,Physical,4168.7197,154
mercer,22,W,506,Digital,0.0,60
mercer,22,W,506,Physical,0.0,116
mercer,22,W,520,Physical,25627.27,398
mercer,22,W,523,Digital,0.0,4
mercer,22,W,523,Physical,9766.6,60
mercer,22,W,530,Physical,124081.05,414
mercer,22,W,535,Physical,209.84999,3
mercer,22,W,540,Digital,0.0,54
mercer,22,W,540,Physical,10939.47,244
mercer,22,W,545,Physical,1680.0,30
mercer,22,W,547,Physical,91161.31,421
mercer,22,W,55,Digital,0.0,28
mercer,22,W,55,Physical,103378.65,636
mercer,22,W,550,Physical,16148.56,189
mercer,22,W,551,Physical,4404.49,241
mercer,22,W,552,Digital,0.0,232
mercer,22,W,552,Physical,13043.7,352
mercer,22,W,555,Physical,222.56,16
mercer,22,W,560,Digital,0.0,72
mercer,22,W,560,Physical,12854.43,317
mercer,22,W,580,Physical,2380.0,1931
mercer,22,W,595,Digital,0.0,144
mercer,22,W,595,Physical,3746.56,80
mercer,22,W,597,Digital,0.0,78
mercer,22,W,597,Physical,0.0,280
mercer,22,W,60,Digital,0.0,136
mercer,22,W,60,Physical,375.0,139
mercer,22,W,601,Physical,0.0,4
mercer,22,W,615,Physical,0.0,36
mercer,22,W,645,Digital,0.0,4
mercer,22,W,645,Physical,90479.07,1168
mercer,22,W,650,Physical,2831.33,46
mercer,22,W,670,Physical,0.0,856
mercer,22,W,685,Digital,0.0,521
mercer,22,W,685,Physical,2312.8801,2448
mercer,22,W,70,Digital,0.0,169
mercer,22,W,70,Physical,27613.9,304
mercer,22,W,71,Digital,0.0,15
mercer,22,W,71,Physical,0.0,10
mercer,22,W,715,Physical,1677.0,24
mercer,22,W,735,Physical,1899.6201,1094
mercer,22,W,745,Digital,0.0,103
mercer,22,W,745,Physical,0.0,29
mercer,22,W,80,Digital,4875.0,26
mercer,22,W,80,Physical,147696.47,2151
mercer,22,W,81,Digital,0.0,12
mercer,22,W,81,Physical,0.0,24
mercer,22,W,810,Physical,579.71,40
mercer,22,W,820,Physical,1399.5,120
mercer,22,W,835,Physical,702.0,47
mercer,22,W,85,Physical,2915.44,24
mercer,22,W,850,Digital,0.0,30
mercer,22,W,850,Physical,1167.93,68
mercer,22,W,855,Physical,0.0,54
mercer,22,W,875,Digital,0.0,11
mercer,22,W,875,Physical,0.0,165
mercer,23,A,10,Digital,4602.5,35
mercer,23,A,10,Physical,5314.0,20
mercer,23,A,107,Digital,1638.61,83
mercer,23,A,107,Physical,3157.48,128
mercer,23,A,130,Digital,0.0,22
mercer,23,A,130,Physical,3488.54,22
mercer,23,A,135,Digital,0.0,21
mercer,23,A,135,Physical,0.0,9
mercer,23,A,141,Physical,1243.0,11
mercer,23,A,149,Digital,591.25,19
mercer,23,A,149,Physical,2746.1602,16
mercer,23,A,150,Physical,6839.87,89
mercer,23,A,153,Digital,0.0,90
mercer,23,A,153,Physical,0.0,60
mercer,23,A,155,Digital,0.0,42
mercer,23,A,155,Physical,0.0,21
mercer,23,A,160,Digital,0.0,737
mercer,23,A,160,Physical,11374.72,365
mercer,23,A,180,Digital,1462.41,145
mercer,23,A,180,Physical,5460.23,26
mercer,23,A,185,Digital,0.0,379
mercer,23,A,185,Physical,1871.4801,427
mercer,23,A,220,Digital,0.0,112
mercer,23,A,220,Physical,12071.46,133
mercer,23,A,235,Digital,0.0,396
mercer,23,A,235,Physical,9202.96,152
mercer,23,A,240,Digital,0.0,116
mercer,23,A,240,Physical,5824.94,58
mercer,23,A,245,Digital,0.0,228
mercer,23,A,245,Physical,0.0,109
mercer,23,A,247,Digital,0.0,39
mercer,23,A,247,Physical,0.0,13
mercer,23,A,249,Digital,0.0,25
mercer,23,A,249,Physical,0.0,25
mercer,23,A,260,Digital,0.0,1327
mercer,23,A,260,Physical,7869.0,567
mercer,23,A,283,Digital,0.0,480
mercer,23,A,283,Physical,0.0,174
mercer,23,A,290,Physical,35.99,1
mercer,23,A,295,Digital,0.0,1335
mercer,23,A,295,Physical,5408.0,740
mercer,23,A,310,Digital,0.0,356
mercer,23,A,310,Physical,8904.43,243
mercer,23,A,311,Digital,0.0,30
mercer,23,A,311,Physical,1560.0,30
mercer,23,A,314,Physical,139.96,4
mercer,23,A,317,Digital,0.0,178
mercer,23,A,317,Physical,10644.399,69
mercer,23,A,318,Physical,1375.4,52
mercer,23,A,322,Physical,626.72,8
mercer,23,A,331,Digital,89.95,217
mercer,23,A,331,Physical,2945.87,111
mercer,23,A,335,Digital,0.0,222
mercer,23,A,335,Physical,18008.64,74
mercer,23,A,337,Digital,0.0,22
mercer,23,A,337,Physical,3412.86,73
mercer,23,A,338,Digital,0.0,242
mercer,23,A,338,Physical,0.0,129
mercer,23,A,342,Digital,0.0,71
mercer,23,A,342,Physical,502.60004,33
mercer,23,A,348,Digital,0.0,4
mercer,23,A,348,Physical,1685.7499,33
mercer,23,A,351,Digital,0.0,30
mercer,23,A,351,Physical,0.0,15
mercer,23,A,354,Digital,359.69998,252
mercer,23,A,354,Physical,6960.85,143
mercer,23,A,357,Digital,0.0,10
mercer,23,A,357,Physical,1786.1,94
mercer,23,A,365,Digital,0.0,42
mercer,23,A,365,Physical,0.0,14
mercer,23,A,370,Digital,0.0,79
mercer,23,A,370,Physical,2590.0,41
mercer,23,A,380,Digital,5162.5,227
mercer,23,A,380,Physical,11660.51,113
mercer,23,A,381,Digital,1462.5,331
mercer,23,A,381,Physical,9948.75,104
mercer,23,A,390,Digital,0.0,128
mercer,23,A,390,Physical,14711.91,161
mercer,23,A,400,Digital,0.0,294
mercer,23,A,400,Physical,8145.6304,177
mercer,23,A,401,Digital,0.0,720
mercer,23,A,401,Physical,0.0,2069
mercer,23,A,408,Digital,0.0,365
mercer,23,A,408,Physical,0.0,377
mercer,23,A,410,Digital,0.0,405
mercer,23,A,410,Physical,5028.16,172
mercer,23,A,428,Digital,0.0,24
mercer,23,A,428,Physical,959.83997,16
mercer,23,A,435,Digital,2474.82,138
mercer,23,A,435,Physical,8149.96,100
mercer,23,A,441,Digital,0.0,46
mercer,23,A,441,Physical,3432.42,36
mercer,23,A,450,Digital,0.0,158
mercer,23,A,450,Physical,2831.91,137
mercer,23,A,46,Digital,0.0,31
mercer,23,A,46,Physical,1992.99,31
mercer,23,A,465,Digital,0.0,164
mercer,23,A,465,Physical,28952.73,87
mercer,23,A,470,Digital,0.0,85
mercer,23,A,470,Physical,7267.28,99
mercer,23,A,481,Physical,2988.0,18
mercer,23,A,490,Digital,4879.23,284
mercer,23,A,490,Physical,2071.86,38
mercer,23,A,491,Digital,0.0,333
mercer,23,A,491,Physical,64082.55,283
mercer,23,A,492,Physical,3799.5999,35
mercer,23,A,495,Digital,0.0,222
mercer,23,A,495,Physical,12279.351,235
mercer,23,A,50,Digital,0.0,124
mercer,23,A,50,Physical,627.0,22
mercer,23,A,500,Digital,629.64996,73
mercer,23,A,500,Physical,809.91,40
mercer,23,A,506,Digital,0.0,195
mercer,23,A,506,Physical,0.0,65
mercer,23,A,520,Digital,0.0,202
mercer,23,A,520,Physical,0.0,72
mercer,23,A,523,Digital,0.0,54
mercer,23,A,523,Physical,9609.601,60
mercer,23,A,530,Physical,41724.688,129
mercer,23,A,535,Physical,0.0,2
mercer,23,A,547,Digital,0.0,120
mercer,23,A,55,Digital,0.0,37
mercer,23,A,55,Physical,35395.73,188
mercer,23,A,550,Digital,0.0,42
mercer,23,A,550,Physical,1747.76,56
mercer,23,A,551,Digital,0.0,26
mercer,23,A,551,Physical,726.7,39
mercer,23,A,552,Digital,0.0,108
mercer,23,A,552,Physical,2314.71,54
mercer,23,A,560,Physical,375.0,3
mercer,23,A,580,Digital,0.0,4
mercer,23,A,580,Physical,0.0,44
mercer,23,A,597,Digital,0.0,170
mercer,23,A,597,Physical,0.0,123
mercer,23,A,60,Digital,0.0,6
mercer,23,A,60,Physical,370.0,5
mercer,23,A,645,Digital,0.0,247
mercer,23,A,645,Physical,0.0,230
mercer,23,A,650,Digital,0.0,9
mercer,23,A,650,Physical,0.0,12
mercer,23,A,655,Digital,0.0,20
mercer,23,A,655,Physical,0.0,20
mercer,23,A,670,Digital,0.0,483
mercer,23,A,670,Physical,0.0,897
mercer,23,A,685,Digital,0.0,117
mercer,23,A,685,Physical,0.0,119
mercer,23,A,70,Physical,360.40002,10
mercer,23,A,715,Digital,0.0,9
mercer,23,A,715,Physical,1161.0,17
mercer,23,A,735,Digital,0.0,78
mercer,23,A,735,Physical,0.0,156
mercer,23,A,745,Physical,0.0,10
mercer,23,A,80,Digital,0.0,165
mercer,23,A,80,Physical,29080.219,443
mercer,23,A,820,Digital,0.0,14
mercer,23,A,820,Physical,0.0,67
mercer,23,A,850,Digital,0.0,23
mercer,23,A,850,Physical,0.0,69
mercer,23,A,855,Digital,0.0,48
mercer,23,A,855,Physical,0.0,32
mercer,23,A,875,Digital,0.0,143
mercer,23,A,875,Physical,0.0,52
mercer,23,F,10,Digital,33473.84,236
mercer,23,F,10,Physical,20794.58,81
mercer,23,F,107,Digital,4439.2603,256
mercer,23,F,107,Physical,15588.67,201
mercer,23,F,120,Digital,0.0,321
mercer,23,F,120,Physical,21830.24,187
mercer,23,F,121,Digital,0.0,258
mercer,23,F,121,Physical,3074.14,86
mercer,23,F,127,Digital,0.0,85
mercer,23,F,127,Physical,8705.05,104
mercer,23,F,130,Digital,0.0,253
mercer,23,F,130,Physical,40520.43,230
mercer,23,F,135,Digital,0.0,74
mercer,23,F,135,Physical,2704.0,31
mercer,23,F,141,Digital,0.0,557
mercer,23,F,141,Physical,30499.9,505
mercer,23,F,145,Digital,0.0,190
mercer,23,F,145,Physical,10044.16,96
mercer,23,F,148,Digital,0.0,140
mercer,23,F,148,Physical,23478.08,100
mercer,23,F,149,Digital,1064.25,154
mercer,23,F,149,Physical,17766.96,108
mercer,23,F,150,Digital,309.5,572
mercer,23,F,150,Physical,99213.36,510
mercer,23,F,154,Digital,0.0,23
mercer,23,F,154,Physical,0.0,46
mercer,23,F,155,Digital,0.0,20
mercer,23,F,155,Physical,0.0,10
mercer,23,F,160,Digital,0.0,1603
mercer,23,F,160,Physical,61131.688,1068
mercer,23,F,180,Digital,27871.408,1106
mercer,23,F,180,Physical,122636.445,593
mercer,23,F,185,Digital,0.0,738
mercer,23,F,185,Physical,2267.37,587
mercer,23,F,190,Digital,0.0,1313
mercer,23,F,190,Physical,43540.582,1851
mercer,23,F,192,Digital,7836.93,114
mercer,23,F,20,Digital,0.0,299
mercer,23,F,20,Physical,15153.63,714
mercer,23,F,220,Digital,6000.0,873
mercer,23,F,220,Physical,55339.83,699
mercer,23,F,235,Digital,4725.0,787
mercer,23,F,235,Physical,14768.04,273
mercer,23,F,240,Digital,0.0,294
mercer,23,F,240,Physical,3938.4602,74
mercer,23,F,245,Digital,0.0,44
mercer,23,F,245,Physical,0.0,246
mercer,23,F,247,Digital,0.0,156
mercer,23,F,247,Physical,0.0,52
mercer,23,F,249,Digital,0.0,1865
mercer,23,F,249,Physical,3857.04,886
mercer,23,F,250,Digital,0.0,36
mercer,23,F,250,Physical,43320.668,151
mercer,23,F,260,Digital,0.0,3378
mercer,23,F,260,Physical,37974.63,1781
mercer,23,F,270,Digital,0.0,2520
mercer,23,F,270,Physical,45481.12,2259
mercer,23,F,281,Digital,2665.44,752
mercer,23,F,281,Physical,20202.89,317
mercer,23,F,283,Digital,0.0,730
mercer,23,F,283,Physical,6118.48,333
mercer,23,F,288,Digital,0.0,140
mercer,23,F,288,Physical,3363.98,60
mercer,23,F,290,Physical,413.90002,11
mercer,23,F,295,Digital,0.0,1941
mercer,23,F,295,Physical,22443.2,1081
mercer,23,F,30,Digital,0.0,264
mercer,23,F,30,Physical,16360.65,366
mercer,23,F,310,Digital,0.0,1203
mercer,23,F,310,Physical,31638.361,921
mercer,23,F,311,Digital,0.0,152
mercer,23,F,311,Physical,2244.55,80
mercer,23,F,314,Physical,2107.1199,18
mercer,23,F,315,Digital,0.0,28
mercer,23,F,315,Physical,993.86,42
mercer,23,F,317,Digital,0.0,288
mercer,23,F,317,Physical,21956.84,156
mercer,23,F,318,Physical,899.30005,34
mercer,23,F,321,Physical,239.84999,26
mercer,23,F,322,Physical,5334.69,51
mercer,23,F,323,Digital,0.0,78
mercer,23,F,323,Physical,234.0,52
mercer,23,F,325,Digital,0.0,20
mercer,23,F,325,Physical,1955.2001,10
mercer,23,F,331,Digital,359.7,662
mercer,23,F,331,Physical,30499.58,295
mercer,23,F,335,Digital,0.0,354
mercer,23,F,335,Physical,17035.2,134
mercer,23,F,337,Digital,1887.83,1889
mercer,23,F,337,Physical,144864.17,3277
mercer,23,F,338,Digital,0.0,228
mercer,23,F,338,Physical,0.0,124
mercer,23,F,340,Digital,0.0,234
mercer,23,F,340,Physical,13505.0,90
mercer,23,F,342,Digital,0.0,180
mercer,23,F,342,Physical,11143.391,116
mercer,23,F,348,Digital,0.0,62
mercer,23,F,348,Physical,836.69,62
mercer,23,F,349,Digital,0.0,298
mercer,23,F,349,Physical,21909.88,218
mercer,23,F,350,Digital,0.0,285
mercer,23,F,350,Physical,9082.46,174
mercer,23,F,351,Digital,0.0,519
mercer,23,F,351,Physical,143.0,584
mercer,23,F,354,Digital,479.59998,874
mercer,23,F,354,Physical,30888.35,543
mercer,23,F,355,Digital,0.0,231
mercer,23,F,355,Physical,0.0,77
mercer,23,F,356,Digital,0.0,30
mercer,23,F,356,Physical,730.0,30
mercer,23,F,357,Physical,1948.8,96
mercer,23,F,360,Physical,0.0,5
mercer,23,F,370,Digital,0.0,635
mercer,23,F,370,Physical,35845.64,233
mercer,23,F,375,Digital,0.0,183
mercer,23,F,375,Physical,2040.0,67
mercer,23,F,380,Digital,72404.06,1537
mercer,23,F,380,Physical,122464.53,1062
mercer,23,F,381,Digital,18936.57,676
mercer,23,F,381,Physical,1450.88,153
mercer,23,F,39,Digital,0.0,59
mercer,23,F,39,Physical,0.0,34
mercer,23,F,390,Digital,3456.25,713
mercer,23,F,390,Physical,58389.66,501
mercer,23,F,400,Digital,0.0,451
mercer,23,F,400,Physical,40101.71,368
mercer,23,F,401,Digital,0.0,762
mercer,23,F,401,Physical,0.0,1954
mercer,23,F,402,Digital,0.0,171
mercer,23,F,402,Physical,15963.85,302
mercer,23,F,408,Digital,0.0,605
mercer,23,F,408,Physical,0.0,268
mercer,23,F,410,Digital,0.0,783
mercer,23,F,410,Physical,5878.76,345
mercer,23,F,425,Physical,0.0,5
mercer,23,F,428,Digital,0.0,561
mercer,23,F,428,Physical,62057.098,775
mercer,23,F,431,Digital,0.0,66
mercer,23,F,431,Physical,2640.0,44
mercer,23,F,434,Digital,0.0,65
mercer,23,F,434,Physical,0.0,65
mercer,23,F,435,Digital,2062.35,308
mercer,23,F,435,Physical,10437.85,204
mercer,23,F,440,Digital,0.0,35
mercer,23,F,440,Physical,0.0,35
mercer,23,F,441,Digital,0.0,276
mercer,23,F,441,Physical,19780.379,214
mercer,23,F,450,Digital,0.0,446
mercer,23,F,450,Physical,17159.64,691
mercer,23,F,46,Digital,0.0,160
mercer,23,F,46,Physical,21878.66,131
mercer,23,F,460,Digital,0.0,57
mercer,23,F,460,Physical,0.0,19
mercer,23,F,465,Digital,3233.66,181
mercer,23,F,465,Physical,70655.484,456
mercer,23,F,470,Digital,0.0,1521
mercer,23,F,470,Physical,73441.49,881
mercer,23,F,471,Physical,2871.0,33
mercer,23,F,481,Digital,0.0,22
mercer,23,F,481,Physical,1499.46,22
mercer,23,F,486,Digital,0.0,74
mercer,23,F,486,Physical,0.0,76
mercer,23,F,490,Digital,11697.0,1516
mercer,23,F,490,Physical,122093.25,1035
mercer,23,F,491,Digital,0.0,614
mercer,23,F,491,Physical,103148.34,521
mercer,23,F,492,Digital,236.59999,1553
mercer,23,F,492,Physical,79933.11,1877
mercer,23,F,495,Digital,0.0,450
mercer,23,F,495,Physical,18483.95,341
mercer,23,F,498,Digital,0.0,36
mercer,23,F,498,Physical,0.0,36
mercer,23,F,499,Digital,0.0,121
mercer,23,F,499,Physical,0.0,71
mercer,23,F,50,Digital,22629.12,3815
mercer,23,F,50,Physical,249419.47,2523
mercer,23,F,500,Digital,0.0,247
mercer,23,F,500,Physical,2098.95,177
mercer,23,F,506,Digital,0.0,186
mercer,23,F,520,Digital,3075.0,834
mercer,23,F,520,Physical,22240.7,414
mercer,23,F,523,Digital,0.0,21
mercer,23,F,523,Physical,10670.38,54
mercer,23,F,530,Digital,0.0,117
mercer,23,F,530,Physical,163164.69,558
mercer,23,F,531,Physical,3328.5999,10
mercer,23,F,535,Digital,0.0,53
mercer,23,F,535,Physical,0.0,27
mercer,23,F,540,Digital,3357.5,381
mercer,23,F,540,Physical,8622.01,184
mercer,23,F,545,Digital,0.0,47
mercer,23,F,545,Physical,2632.0,47
mercer,23,F,547,Digital,0.0,1012
mercer,23,F,547,Physical,8371.72,59
mercer,23,F,55,Digital,0.0,167
mercer,23,F,55,Physical,76461.27,434
mercer,23,F,550,Digital,0.0,219
mercer,23,F,550,Physical,16558.04,179
mercer,23,F,551,Digital,0.0,129
mercer,23,F,551,Physical,6247.14,253
mercer,23,F,552,Digital,0.0,228
mercer,23,F,552,Physical,6080.89,190
mercer,23,F,555,Digital,0.0,24
mercer,23,F,555,Physical,455.76,24
mercer,23,F,560,Digital,0.0,513
mercer,23,F,560,Physical,19924.25,454
mercer,23,F,580,Digital,0.0,1011
mercer,23,F,580,Physical,0.0,3870
mercer,23,F,595,Digital,0.0,72
mercer,23,F,595,Physical,8304.59,91
mercer,23,F,597,Digital,0.0,621
mercer,23,F,597,Physical,1261.0,305
mercer,23,F,60,Digital,0.0,38
mercer,23,F,60,Physical,12093.68,75
mercer,23,F,601,Digital,0.0,13
mercer,23,F,601,Physical,0.0,11
mercer,23,F,615,Digital,0.0,123
mercer,23,F,615,Physical,0.0,41
mercer,23,F,625,Digital,0.0,11
mercer,23,F,625,Physical,0.0,22
mercer,23,F,645,Digital,0.0,925
mercer,23,F,645,Physical,82197.4,1119
mercer,23,F,650,Digital,0.0,82
mercer,23,F,650,Physical,1708.88,49
mercer,23,F,655,Digital,0.0,48
mercer,23,F,655,Physical,0.0,16
mercer,23,F,670,Digital,0.0,840
mercer,23,F,670,Physical,0.0,490
mercer,23,F,685,Digital,0.0,2593
mercer,23,F,685,Physical,0.0,3001
mercer,23,F,70,Digital,0.0,199
mercer,23,F,70,Physical,35102.08,268
mercer,23,F,715,Digital,0.0,42
mercer,23,F,715,Physical,0.0,14
mercer,23,F,735,Digital,0.0,1276
mercer,23,F,735,Physical,2615.61,903
mercer,23,F,745,Digital,0.0,44
mercer,23,F,745,Physical,0.0,31
mercer,23,F,80,Digital,45969.15,2470
mercer,23,F,80,Physical,24868.58,1467
mercer,23,F,81,Digital,0.0,82
mercer,23,F,810,Physical,1814.9801,64
mercer,23,F,820,Digital,0.0,15
mercer,23,F,820,Physical,0.0,30
mercer,23,F,830,Digital,0.0,16
mercer,23,F,830,Physical,0.0,8
mercer,23,F,835,Digital,0.0,48
mercer,23,F,835,Physical,0.0,144
mercer,23,F,85,Physical,4706.44,41
mercer,23,F,850,Digital,0.0,234
mercer,23,F,850,Physical,1195.74,78
mercer,23,F,855,Digital,0.0,61
mercer,23,F,855,Physical,1248.0,75
mercer,23,F,875,Digital,0.0,116
mercer,23,F,875,Physical,0.0,193
mercer,23,F,880,Digital,0.0,235
mercer,23,F,880,Physical,0.0,160
mercer,23,W,10,Digital,29814.9,207
mercer,23,W,10,Physical,28157.64,253
mercer,23,W,100,Digital,0.0,54
mercer,23,W,100,Physical,1142.28,45
mercer,23,W,107,Digital,3479.4202,378
mercer,23,W,107,Physical,27381.65,146
mercer,23,W,120,Digital,0.0,207
mercer,23,W,120,Physical,16204.72,103
mercer,23,W,121,Digital,0.0,120
mercer,23,W,121,Physical,11710.4,40
mercer,23,W,130,Digital,0.0,296
mercer,23,W,130,Physical,45097.85,241
mercer,23,W,135,Digital,0.0,102
mercer,23,W,135,Physical,1399.7201,64
mercer,23,W,141,Digital,0.0,401
mercer,23,W,141,Physical,26908.19,296
mercer,23,W,145,Digital,0.0,224
mercer,23,W,145,Physical,22009.27,128
mercer,23,W,147,Digital,0.0,9
mercer,23,W,147,Physical,638.55,27
mercer,23,W,148,Digital,0.0,205
mercer,23,W,148,Physical,18995.05,98
mercer,23,W,149,Digital,0.0,286
mercer,23,W,149,Physical,3110.5,63
mercer,23,W,150,Digital,203.63,818
mercer,23,W,150,Physical,98308.33,358
mercer,23,W,153,Digital,0.0,15
mercer,23,W,153,Physical,0.0,26
mercer,23,W,160,Digital,0.0,709
mercer,23,W,160,Physical,34766.9,564
mercer,23,W,180,Digital,19164.23,929
mercer,23,W,180,Physical,86951.18,400
mercer,23,W,185,Digital,0.0,325
mercer,23,W,185,Physical,827.77,243
mercer,23,W,190,Digital,0.0,686
mercer,23,W,190,Physical,20587.97,673
mercer,23,W,20,Digital,0.0,368
mercer,23,W,20,Physical,6454.43,293
mercer,23,W,220,Digital,4400.0,426
mercer,23,W,220,Physical,43132.12,484
mercer,23,W,235,Digital,0.0,698
mercer,23,W,235,Physical,23986.0,322
mercer,23,W,240,Digital,713.0,204
mercer,23,W,240,Physical,12247.51,55
mercer,23,W,245,Digital,0.0,194
mercer,23,W,245,Physical,0.0,215
mercer,23,W,247,Digital,0.0,123
mercer,23,W,247,Physical,0.0,41
mercer,23,W,249,Digital,0.0,1441
mercer,23,W,249,Physical,1339.25,379
mercer,23,W,250,Digital,0.0,30
mercer,23,W,250,Physical,29700.828,124
mercer,23,W,251,Digital,0.0,10
mercer,23,W,251,Physical,0.0,20
mercer,23,W,260,Digital,0.0,2257
mercer,23,W,260,Physical,40610.64,1401
mercer,23,W,270,Digital,0.0,1116
mercer,23,W,270,Physical,20848.47,1340
mercer,23,W,281,Digital,0.0,385
mercer,23,W,281,Physical,16314.25,248
mercer,23,W,283,Digital,0.0,517
mercer,23,W,283,Physical,0.0,325
mercer,23,W,288,Digital,0.0,130
mercer,23,W,288,Physical,2221.96,39
mercer,23,W,290,Physical,689.4,30
mercer,23,W,295,Digital,0.0,1609
mercer,23,W,295,Physical,17305.6,824
mercer,23,W,30,Digital,0.0,131
mercer,23,W,30,Physical,10511.75,166
mercer,23,W,304,Digital,0.0,70
mercer,23,W,304,Physical,4230.4,70
mercer,23,W,310,Digital,0.0,609
mercer,23,W,310,Physical,19592.041,657
mercer,23,W,311,Digital,0.0,75
mercer,23,W,311,Physical,2518.45,47
mercer,23,W,314,Digital,294.0,33
mercer,23,W,314,Physical,1939.9,27
mercer,23,W,317,Digital,0.0,302
mercer,23,W,317,Physical,18198.84,152
mercer,23,W,322,Digital,0.0,40
mercer,23,W,322,Physical,3319.04,42
mercer,23,W,323,Digital,0.0,88
mercer,23,W,323,Physical,0.0,22
mercer,23,W,325,Digital,0.0,9
mercer,23,W,331,Digital,239.8,530
mercer,23,W,331,Physical,22951.8,288
mercer,23,W,335,Digital,0.0,348
mercer,23,W,335,Physical,20928.96,180
mercer,23,W,336,Physical,119.700005,6
mercer,23,W,337,Digital,0.0,1243
mercer,23,W,337,Physical,99667.12,2542
mercer,23,W,338,Digital,0.0,499
mercer,23,W,338,Physical,0.0,183
mercer,23,W,340,Digital,0.0,258
mercer,23,W,340,Physical,13203.27,89
mercer,23,W,342,Digital,0.0,229
mercer,23,W,342,Physical,5557.2397,109
mercer,23,W,348,Digital,2670.0,294
mercer,23,W,348,Physical,11668.42,221
mercer,23,W,349,Digital,0.0,185
mercer,23,W,349,Physical,17924.05,214
mercer,23,W,350,Digital,0.0,53
mercer,23,W,350,Physical,3846.24,95
mercer,23,W,351,Digital,0.0,441
mercer,23,W,351,Physical,0.0,601
mercer,23,W,354,Digital,0.0,828
mercer,23,W,354,Physical,24985.19,510
mercer,23,W,355,Digital,0.0,252
mercer,23,W,355,Physical,0.0,84
mercer,23,W,356,Physical,2451.0,38
mercer,23,W,357,Digital,0.0,31
mercer,23,W,357,Physical,907.86,45
mercer,23,W,360,Physical,0.0,7
mercer,23,W,365,Digital,0.0,134
mercer,23,W,365,Physical,0.0,66
mercer,23,W,370,Digital,0.0,585
mercer,23,W,370,Physical,42091.86,297
mercer,23,W,375,Digital,0.0,59
mercer,23,W,375,Physical,0.0,30
mercer,23,W,380,Digital,57525.0,1976
mercer,23,W,380,Physical,63108.91,739
mercer,23,W,381,Digital,3262.5,688
mercer,23,W,381,Physical,30558.08,212
mercer,23,W,39,Digital,0.0,33
mercer,23,W,39,Physical,0.0,33
mercer,23,W,390,Digital,0.0,676
mercer,23,W,390,Physical,57642.973,584
mercer,23,W,40,Physical,119.700005,6
mercer,23,W,400,Digital,0.0,567
mercer,23,W,400,Physical,49359.363,406
mercer,23,W,401,Digital,0.0,636
mercer,23,W,401,Physical,0.0,2014
mercer,23,W,408,Digital,0.0,661
mercer,23,W,408,Physical,0.0,458
mercer,23,W,41,Physical,4287.06,55
mercer,23,W,410,Digital,0.0,1088
mercer,23,W,410,Physical,3216.68,583
mercer,23,W,428,Digital,0.0,626
mercer,23,W,428,Physical,44643.25,579
mercer,23,W,43,Digital,0.0,19
mercer,23,W,43,Physical,702.05,38
mercer,23,W,431,Digital,0.0,30
mercer,23,W,434,Digital,0.0,174
mercer,23,W,434,Physical,0.0,102
mercer,23,W,435,Digital,0.0,284
mercer,23,W,435,Physical,12227.61,202
mercer,23,W,441,Digital,0.0,178
mercer,23,W,441,Physical,24578.4,214
mercer,23,W,450,Digital,0.0,304
mercer,23,W,450,Physical,14551.36,439
mercer,23,W,46,Digital,0.0,84
mercer,23,W,46,Physical,18267.69,138
mercer,23,W,460,Digital,0.0,26
mercer,23,W,460,Physical,5222.36,26
mercer,23,W,465,Digital,2606.71,294
mercer,23,W,465,Physical,82006.43,440
mercer,23,W,470,Digital,0.0,550
mercer,23,W,470,Physical,37168.46,679
mercer,23,W,481,Digital,0.0,47
mercer,23,W,481,Physical,2728.45,17
mercer,23,W,486,Digital,0.0,166
mercer,23,W,486,Physical,0.0,51
mercer,23,W,490,Digital,0.0,1276
mercer,23,W,490,Physical,74319.11,785
mercer,23,W,491,Digital,1274.75,1091
mercer,23,W,491,Physical,103099.45,532
mercer,23,W,492,Digital,0.0,679
mercer,23,W,492,Physical,33052.64,831
mercer,23,W,495,Digital,0.0,529
mercer,23,W,495,Physical,14013.79,339
mercer,23,W,499,Digital,0.0,1
mercer,23,W,499,Physical,0.0,13
mercer,23,W,50,Digital,16870.32,2877
mercer,23,W,50,Physical,164011.9,1622
mercer,23,W,500,Digital,0.0,498
mercer,23,W,500,Physical,2249.75,145
mercer,23,W,506,Digital,0.0,4
mercer,23,W,506,Physical,62.54,2
mercer,23,W,520,Digital,3198.0,693
mercer,23,W,520,Physical,16246.55,286
mercer,23,W,523,Digital,0.0,18
mercer,23,W,523,Physical,3829.1,40
mercer,23,W,530,Digital,0.0,73
mercer,23,W,530,Physical,99403.04,380
mercer,23,W,535,Digital,0.0,120
mercer,23,W,535,Physical,1083.06,57
mercer,23,W,540,Digital,0.0,512
mercer,23,W,540,Physical,15820.779,156
mercer,23,W,547,Digital,0.0,975
mercer,23,W,547,Physical,14415.36,80
mercer,23,W,55,Digital,16373.689,971
mercer,23,W,55,Physical,69006.38,432
mercer,23,W,550,Digital,0.0,154
mercer,23,W,550,Physical,17178.84,227
mercer,23,W,551,Digital,0.0,21
mercer,23,W,551,Physical,7082.39,127
mercer,23,W,552,Digital,0.0,204
mercer,23,W,552,Physical,7945.5,173
mercer,23,W,555,Digital,0.0,5
mercer,23,W,555,Physical,84.95,5
mercer,23,W,560,Digital,0.0,497
mercer,23,W,560,Physical,15842.6,324
mercer,23,W,580,Digital,0.0,1021
mercer,23,W,580,Physical,3389.82,2508
mercer,23,W,595,Digital,0.0,21
mercer,23,W,595,Physical,11423.0,45
mercer,23,W,597,Digital,0.0,682
mercer,23,W,597,Physical,0.0,280
mercer,23,W,60,Digital,0.0,4
mercer,23,W,60,Physical,250.0,2
mercer,23,W,601,Physical,0.0,6
mercer,23,W,615,Physical,0.0,44
mercer,23,W,625,Digital,0.0,3
mercer,23,W,625,Physical,0.0,2
mercer,23,W,645,Digital,0.0,723
mercer,23,W,645,Physical,84670.72,1009
mercer,23,W,650,Digital,0.0,15
mercer,23,W,650,Physical,1479.8099,26
mercer,23,W,655,Digital,0.0,40
mercer,23,W,655,Physical,0.0,30
mercer,23,W,670,Digital,0.0,1286
mercer,23,W,670,Physical,12965.17,1149
mercer,23,W,685,Digital,0.0,1024
mercer,23,W,685,Physical,3951.1702,2269
mercer,23,W,70,Digital,0.0,188
mercer,23,W,70,Physical,24558.559,213
mercer,23,W,715,Digital,0.0,30
mercer,23,W,715,Physical,0.0,10
mercer,23,W,735,Digital,0.0,2174
mercer,23,W,735,Physical,1849.63,986
mercer,23,W,745,Digital,0.0,51
mercer,23,W,745,Physical,0.0,15
mercer,23,W,80,Digital,0.0,1304
mercer,23,W,80,Physical,75869.98,1451
mercer,23,W,81,Digital,0.0,28
mercer,23,W,810,Physical,1122.14,84
mercer,23,W,820,Digital,0.0,39
mercer,23,W,820,Physical,727.74,66
mercer,23,W,835,Digital,0.0,157
mercer,23,W,835,Physical,1349.85,133
mercer,23,W,85,Physical,1966.96,16
mercer,23,W,850,Digital,0.0,255
mercer,23,W,850,Physical,1505.73,123
mercer,23,W,855,Digital,0.0,22
mercer,23,W,855,Physical,0.0,48
mercer,23,W,875,Digital,0.0,55
mercer,23,W,875,Physical,0.0,122
mercer,23,W,880,Digital,0.0,70
mercer,23,W,880,Physical,0.0,60
mercer,24,A,10,Digital,4200.0,132
mercer,24,A,10,Physical,11964.0,59
mercer,24,A,104,Digital,0.0,9
mercer,24,A,104,Physical,323.83,20
mercer,24,A,107,Digital,1379.77,56
mercer,24,A,107,Physical,2134.1,102
mercer,24,A,121,Digital,0.0,120
mercer,24,A,121,Physical,3480.0,30
mercer,24,A,130,Digital,0.0,12
mercer,24,A,130,Physical,1902.8401,24
mercer,24,A,135,Physical,0.0,1
mercer,24,A,141,Digital,0.0,64
mercer,24,A,141,Physical,2964.0,19
mercer,24,A,145,Physical,0.0,6
mercer,24,A,148,Digital,0.0,24
mercer,24,A,148,Physical,185.0,9
mercer,24,A,149,Digital,5125.75,635
mercer,24,A,149,Physical,26873.48,174
mercer,24,A,150,Digital,0.0,102
mercer,24,A,150,Physical,5348.46,73
mercer,24,A,155,Digital,0.0,70
mercer,24,A,155,Physical,0.0,35
mercer,24,A,160,Digital,725.28,409
mercer,24,A,160,Physical,7351.76,258
mercer,24,A,180,Digital,2841.45,129
mercer,24,A,180,Physical,7498.23,43
mercer,24,A,185,Digital,0.0,933
mercer,24,A,185,Physical,3778.9502,965
mercer,24,A,190,Digital,0.0,8
mercer,24,A,190,Physical,143.92,8
mercer,24,A,20,Digital,0.0,90
mercer,24,A,20,Physical,3833.0999,36
mercer,24,A,220,Digital,0.0,48
mercer,24,A,220,Physical,14500.06,79
mercer,24,A,235,Digital,3150.0,112
mercer,24,A,235,Physical,0.0,28
mercer,24,A,240,Digital,0.0,31
mercer,24,A,245,Digital,0.0,92
mercer,24,A,247,Digital,0.0,48
mercer,24,A,247,Physical,0.0,16
mercer,24,A,249,Digital,0.0,134
mercer,24,A,249,Physical,0.0,39
mercer,24,A,260,Digital,0.0,1195
mercer,24,A,260,Physical,4308.96,502
mercer,24,A,283,Digital,0.0,392
mercer,24,A,283,Physical,0.0,181
mercer,24,A,295,Digital,0.0,1643
mercer,24,A,295,Physical,4521.92,849
mercer,24,A,310,Digital,0.0,168
mercer,24,A,310,Physical,4334.43,144
mercer,24,A,314,Digital,0.0,22
mercer,24,A,314,Physical,3724.38,22
mercer,24,A,317,Digital,0.0,63
mercer,24,A,317,Physical,4236.96,26
mercer,24,A,322,Digital,258.41998,9
mercer,24,A,331,Digital,269.84998,160
mercer,24,A,331,Physical,3145.54,91
mercer,24,A,335,Digital,0.0,162
mercer,24,A,335,Physical,13141.44,54
mercer,24,A,337,Digital,0.0,126
mercer,24,A,337,Physical,5380.63,139
mercer,24,A,338,Digital,0.0,250
mercer,24,A,338,Physical,0.0,134
mercer,24,A,342,Digital,715.3,46
mercer,24,A,349,Digital,0.0,36
mercer,24,A,349,Physical,1889.76,16
mercer,24,A,351,Digital,0.0,74
mercer,24,A,351,Physical,0.0,84
mercer,24,A,354,Digital,0.0,44
mercer,24,A,354,Physical,2214.28,72
mercer,24,A,357,Digital,0.0,38
mercer,24,A,357,Physical,3198.71,169
mercer,24,A,370,Digital,0.0,50
mercer,24,A,370,Physical,370.0,14
mercer,24,A,375,Digital,0.0,611
mercer,24,A,375,Physical,0.0,475
mercer,24,A,380,Digital,7615.73,379
mercer,24,A,380,Physical,12011.66,100
mercer,24,A,381,Digital,7937.09,299
mercer,24,A,381,Physical,0.0,64
mercer,24,A,39,Digital,0.0,35
mercer,24,A,39,Physical,0.0,20
mercer,24,A,390,Digital,3062.5,180
mercer,24,A,390,Physical,5328.48,96
mercer,24,A,40,Physical,649.87,13
mercer,24,A,400,Digital,0.0,234
mercer,24,A,400,Physical,1795.64,171
mercer,24,A,401,Digital,0.0,654
mercer,24,A,401,Physical,0.0,1644
mercer,24,A,408,Digital,0.0,395
mercer,24,A,408,Physical,0.0,328
mercer,24,A,410,Digital,0.0,721
mercer,24,A,410,Physical,0.0,214
mercer,24,A,435,Digital,2337.33,104
mercer,24,A,435,Physical,4386.0,50
mercer,24,A,441,Digital,0.0,70
mercer,24,A,441,Physical,2534.18,31
mercer,24,A,450,Digital,0.0,136
mercer,24,A,450,Physical,1985.8,98
mercer,24,A,46,Digital,0.0,26
mercer,24,A,46,Physical,0.0,26
mercer,24,A,465,Digital,4274.55,86
mercer,24,A,465,Physical,14975.551,45
mercer,24,A,470,Digital,1448.42,122
mercer,24,A,470,Physical,3088.79,62
mercer,24,A,471,Physical,2088.0,24
mercer,24,A,481,Digital,0.0,14
mercer,24,A,481,Physical,2324.0,14
mercer,24,A,490,Digital,3487.5,81
mercer,24,A,491,Digital,4167.56,502
mercer,24,A,491,Physical,43205.76,192
mercer,24,A,492,Physical,5753.6797,53
mercer,24,A,495,Digital,0.0,522
mercer,24,A,495,Physical,13422.351,297
mercer,24,A,50,Digital,6130.24,258
mercer,24,A,50,Physical,1991.13,73
mercer,24,A,500,Digital,629.64996,100
mercer,24,A,500,Physical,1769.57,57
mercer,24,A,506,Digital,0.0,82
mercer,24,A,520,Digital,0.0,401
mercer,24,A,520,Physical,4148.2,158
mercer,24,A,523,Digital,0.0,144
mercer,24,A,523,Physical,9407.84,48
mercer,24,A,530,Physical,49561.86,293
mercer,24,A,535,Physical,0.0,12
mercer,24,A,547,Digital,0.0,102
mercer,24,A,55,Digital,0.0,40
mercer,24,A,55,Physical,40159.2,216
mercer,24,A,550,Digital,0.0,12
mercer,24,A,550,Physical,1932.32,25
mercer,24,A,551,Digital,0.0,20
mercer,24,A,551,Physical,559.0,30
mercer,24,A,580,Physical,0.0,38
mercer,24,A,597,Digital,0.0,95
mercer,24,A,597,Physical,0.0,53
mercer,24,A,60,Digital,0.0,4
mercer,24,A,60,Physical,185.0,6
mercer,24,A,625,Digital,0.0,10
mercer,24,A,625,Physical,0.0,8
mercer,24,A,645,Digital,0.0,62
mercer,24,A,645,Physical,0.0,95
mercer,24,A,650,Digital,0.0,12
mercer,24,A,650,Physical,0.0,9
mercer,24,A,655,Digital,0.0,14
mercer,24,A,655,Physical,0.0,14
mercer,24,A,670,Digital,0.0,390
mercer,24,A,670,Physical,0.0,715
mercer,24,A,685,Digital,0.0,140
mercer,24,A,685,Physical,1162.07,154
mercer,24,A,70,Digital,0.0,4
mercer,24,A,715,Digital,0.0,28
mercer,24,A,715,Physical,903.0,14
mercer,24,A,735,Digital,0.0,1040
mercer,24,A,735,Physical,0.0,223
mercer,24,A,745,Physical,0.0,6
mercer,24,A,80,Digital,0.0,427
mercer,24,A,80,Physical,3998.46,265
mercer,24,A,820,Physical,0.0,22
mercer,24,A,850,Digital,0.0,15
mercer,24,A,850,Physical,0.0,45
mercer,24,A,855,Digital,0.0,168
mercer,24,A,855,Physical,684.0,72
mercer,24,A,875,Digital,0.0,36
mercer,24,A,875,Physical,0.0,72
mercer,24,F,10,Digital,62357.758,365
mercer,24,F,10,Physical,13369.08,106
mercer,24,F,107,Digital,3059.49,174
mercer,24,F,107,Physical,17084.23,234
mercer,24,F,120,Digital,0.0,588
mercer,24,F,120,Physical,28829.691,212
mercer,24,F,121,Digital,0.0,120
mercer,24,F,121,Physical,6783.92,40
mercer,24,F,127,Digital,139.86,59
mercer,24,F,127,Physical,8480.02,111
mercer,24,F,130,Digital,0.0,400
mercer,24,F,130,Physical,38945.953,420
mercer,24,F,135,Digital,3167.09,124
mercer,24,F,135,Physical,4867.1997,42
mercer,24,F,141,Digital,0.0,626
mercer,24,F,141,Physical,19542.14,448
mercer,24,F,145,Digital,0.0,120
mercer,24,F,145,Physical,4358.84,53
mercer,24,F,148,Digital,0.0,273
mercer,24,F,148,Physical,30167.64,140
mercer,24,F,149,Digital,1275.0,758
mercer,24,F,149,Physical,50507.62,337
mercer,24,F,150,Digital,373.38,515
mercer,24,F,150,Physical,48215.95,416
mercer,24,F,154,Digital,0.0,164
mercer,24,F,154,Physical,0.0,82
mercer,24,F,155,Digital,0.0,51
mercer,24,F,155,Physical,0.0,17
mercer,24,F,160,Digital,0.0,1465
mercer,24,F,160,Physical,40094.65,893
mercer,24,F,161,Digital,0.0,1
mercer,24,F,180,Digital,27017.76,1684
mercer,24,F,180,Physical,83783.47,620
mercer,24,F,185,Digital,0.0,703
mercer,24,F,185,Physical,199.34999,255
mercer,24,F,190,Digital,0.0,571
mercer,24,F,190,Physical,16226.69,702
mercer,24,F,192,Digital,4262.19,62
mercer,24,F,20,Digital,0.0,44
mercer,24,F,20,Physical,2540.72,131
mercer,24,F,220,Digital,3000.0,1306
mercer,24,F,220,Physical,53300.797,831
mercer,24,F,235,Digital,6637.5,236
mercer,24,F,235,Physical,0.0,59
mercer,24,F,240,Digital,1726.92,315
mercer,24,F,240,Physical,8506.48,77
mercer,24,F,245,Digital,0.0,101
mercer,24,F,245,Physical,0.0,72
mercer,24,F,247,Digital,0.0,73
mercer,24,F,247,Physical,0.0,19
mercer,24,F,249,Digital,0.0,1266
mercer,24,F,249,Physical,5035.58,849
mercer,24,F,250,Digital,0.0,48
mercer,24,F,250,Physical,43551.72,284
mercer,24,F,251,Digital,0.0,2
mercer,24,F,260,Digital,6580.12,2665
mercer,24,F,260,Physical,16695.34,1601
mercer,24,F,270,Digital,0.0,2625
mercer,24,F,270,Physical,42076.31,2145
mercer,24,F,281,Digital,0.0,799
mercer,24,F,281,Physical,13276.28,211
mercer,24,F,283,Digital,0.0,621
mercer,24,F,283,Physical,7935.44,212
mercer,24,F,288,Digital,0.0,15
mercer,24,F,288,Physical,809.25,15
mercer,24,F,289,Digital,0.0,48
mercer,24,F,289,Physical,4542.7197,24
mercer,24,F,290,Physical,755.79004,21
mercer,24,F,295,Digital,2586.74,2205
mercer,24,F,295,Physical,21091.2,1114
mercer,24,F,30,Digital,0.0,148
mercer,24,F,30,Physical,15228.32,249
mercer,24,F,304,Digital,0.0,12
mercer,24,F,304,Physical,504.0,12
mercer,24,F,310,Digital,0.0,1219
mercer,24,F,310,Physical,20918.3,697
mercer,24,F,311,Physical,4219.35,151
mercer,24,F,314,Digital,0.0,76
mercer,24,F,317,Digital,0.0,309
mercer,24,F,317,Physical,16525.57,109
mercer,24,F,321,Digital,0.0,10
mercer,24,F,321,Physical,683.95,31
mercer,24,F,323,Digital,0.0,59
mercer,24,F,323,Physical,0.0,15
mercer,24,F,325,Digital,0.0,26
mercer,24,F,325,Physical,2541.76,13
mercer,24,F,331,Digital,1706.25,707
mercer,24,F,331,Physical,28564.7,335
mercer,24,F,335,Digital,0.0,198
mercer,24,F,335,Physical,9977.76,109
mercer,24,F,337,Digital,3916.3398,2311
mercer,24,F,337,Physical,155465.16,4159
mercer,24,F,338,Digital,0.0,230
mercer,24,F,338,Physical,0.0,130
mercer,24,F,340,Digital,0.0,162
mercer,24,F,340,Physical,10963.28,81
mercer,24,F,342,Digital,0.0,192
mercer,24,F,342,Physical,1759.86,91
mercer,24,F,348,Physical,5484.9,62
mercer,24,F,349,Digital,0.0,70
mercer,24,F,349,Physical,11001.48,112
mercer,24,F,350,Digital,0.0,483
mercer,24,F,350,Physical,9937.73,186
mercer,24,F,351,Digital,0.0,302
mercer,24,F,351,Physical,402.5,414
mercer,24,F,354,Digital,0.0,491
mercer,24,F,354,Physical,21757.34,355
mercer,24,F,355,Digital,6000.0,209
mercer,24,F,355,Physical,0.0,43
mercer,24,F,356,Digital,0.0,18
mercer,24,F,356,Physical,689.89,29
mercer,24,F,357,Digital,0.0,84
mercer,24,F,357,Physical,2736.02,137
mercer,24,F,360,Physical,0.0,2
mercer,24,F,365,Digital,0.0,63
mercer,24,F,365,Physical,1060.65,18
mercer,24,F,370,Digital,0.0,485
mercer,24,F,370,Physical,21344.09,231
mercer,24,F,375,Digital,0.0,335
mercer,24,F,375,Physical,306.0,182
mercer,24,F,380,Digital,71385.9,2836
mercer,24,F,380,Physical,128544.336,1045
mercer,24,F,381,Digital,23036.53,681
mercer,24,F,381,Physical,0.0,127
mercer,24,F,39,Digital,0.0,55
mercer,24,F,39,Physical,0.0,30
mercer,24,F,390,Digital,33804.0,1121
mercer,24,F,390,Physical,29429.26,393
mercer,24,F,400,Digital,6615.0,631
mercer,24,F,400,Physical,10506.33,118
mercer,24,F,401,Digital,0.0,519
mercer,24,F,401,Physical,0.0,1757
mercer,24,F,402,Digital,0.0,242
mercer,24,F,402,Physical,22447.19,406
mercer,24,F,408,Digital,0.0,771
mercer,24,F,408,Physical,0.0,347
mercer,24,F,410,Digital,0.0,955
mercer,24,F,410,Physical,4057.0999,384
mercer,24,F,425,Physical,0.0,5
mercer,24,F,428,Digital,0.0,737
mercer,24,F,428,Physical,64047.89,953
mercer,24,F,431,Digital,0.0,211
mercer,24,F,431,Physical,4125.63,66
mercer,24,F,434,Digital,0.0,46
mercer,24,F,434,Physical,0.0,46
mercer,24,F,435,Digital,2199.84,330
mercer,24,F,435,Physical,14419.8,237
mercer,24,F,440,Digital,0.0,28
mercer,24,F,440,Physical,0.0,28
mercer,24,F,441,Digital,0.0,157
mercer,24,F,441,Physical,17231.99,216
mercer,24,F,450,Digital,0.0,632
mercer,24,F,450,Physical,13376.79,628
mercer,24,F,46,Digital,9877.95,219
mercer,24,F,46,Physical,8351.52,178
mercer,24,F,460,Digital,0.0,96
mercer,24,F,460,Physical,0.0,32
mercer,24,F,465,Digital,21585.0,344
mercer,24,F,465,Physical,95573.24,546
mercer,24,F,470,Digital,4490.0,995
mercer,24,F,470,Physical,42723.03,690
mercer,24,F,471,Physical,2262.0,26
mercer,24,F,481,Digital,0.0,30
mercer,24,F,481,Physical,2792.88,30
mercer,24,F,486,Digital,0.0,30
mercer,24,F,486,Physical,0.0,39
mercer,24,F,490,Digital,18821.1,1591
mercer,24,F,490,Physical,79610.164,594
mercer,24,F,491,Digital,1799.7001,1655
mercer,24,F,491,Physical,100230.81,560
mercer,24,F,492,Digital,0.0,1021
mercer,24,F,492,Physical,46617.71,1171
mercer,24,F,495,Digital,1578.24,779
mercer,24,F,495,Physical,15500.07,389
mercer,24,F,498,Digital,0.0,29
mercer,24,F,498,Physical,0.0,29
mercer,24,F,499,Digital,0.0,189
mercer,24,F,499,Physical,0.0,101
mercer,24,F,50,Digital,171007.61,5939
mercer,24,F,50,Physical,112723.83,2294
mercer,24,F,500,Digital,0.0,196
mercer,24,F,500,Physical,2298.8499,143
mercer,24,F,506,Digital,0.0,36
mercer,24,F,506,Physical,0.0,12
mercer,24,F,520,Digital,3444.0,1094
mercer,24,F,520,Physical,26744.35,360
mercer,24,F,523,Digital,0.0,134
mercer,24,F,523,Physical,9609.601,46
mercer,24,F,530,Physical,161563.05,1006
mercer,24,F,531,Physical,1170.0,3
mercer,24,F,535,Digital,0.0,144
mercer,24,F,535,Physical,659.88,74
mercer,24,F,540,Digital,1435.1399,98
mercer,24,F,540,Physical,0.0,27
mercer,24,F,545,Digital,0.0,44
mercer,24,F,545,Physical,2464.0,44
mercer,24,F,547,Digital,0.0,821
mercer,24,F,547,Physical,3075.07,13
mercer,24,F,55,Digital,0.0,254
mercer,24,F,55,Physical,78424.625,410
mercer,24,F,550,Digital,0.0,236
mercer,24,F,550,Physical,14374.939,141
mercer,24,F,551,Digital,0.0,160
mercer,24,F,551,Physical,9153.6,406
mercer,24,F,552,Digital,0.0,396
mercer,24,F,552,Physical,8751.12,256
mercer,24,F,560,Digital,0.0,427
mercer,24,F,560,Physical,12859.02,209
mercer,24,F,580,Digital,0.0,843
mercer,24,F,580,Physical,599.76,3146
mercer,24,F,590,Physical,120.0,6
mercer,24,F,595,Digital,0.0,184
mercer,24,F,595,Physical,7560.8003,45
mercer,24,F,597,Digital,0.0,589
mercer,24,F,597,Physical,970.0,223
mercer,24,F,60,Digital,0.0,37
mercer,24,F,60,Physical,10719.32,59
mercer,24,F,625,Digital,0.0,21
mercer,24,F,625,Physical,0.0,14
mercer,24,F,645,Digital,0.0,887
mercer,24,F,645,Physical,79538.2,1320
mercer,24,F,650,Digital,0.0,57
mercer,24,F,650,Physical,867.77997,20
mercer,24,F,655,Digital,0.0,130
mercer,24,F,655,Physical,0.0,52
mercer,24,F,670,Digital,0.0,462
mercer,24,F,670,Physical,0.0,396
mercer,24,F,685,Digital,0.0,504
mercer,24,F,685,Physical,0.0,754
mercer,24,F,70,Digital,12245.0,384
mercer,24,F,70,Physical,17225.92,242
mercer,24,F,735,Digital,0.0,1127
mercer,24,F,735,Physical,0.0,603
mercer,24,F,745,Digital,0.0,27
mercer,24,F,745,Physical,0.0,35
mercer,24,F,761,Digital,0.0,24
mercer,24,F,761,Physical,0.0,9
mercer,24,F,80,Digital,65392.65,3024
mercer,24,F,80,Physical,39654.24,1525
mercer,24,F,81,Digital,0.0,27
mercer,24,F,810,Physical,1629.87,74
mercer,24,F,820,Digital,0.0,133
mercer,24,F,820,Physical,2127.24,152
mercer,24,F,835,Digital,0.0,28
mercer,24,F,835,Physical,0.0,138
mercer,24,F,85,Physical,2882.56,23
mercer,24,F,855,Digital,0.0,79
mercer,24,F,855,Physical,1536.0,63
mercer,24,F,875,Digital,0.0,131
mercer,24,F,875,Physical,0.0,210
mercer,24,F,880,Digital,0.0,63
mercer,24,F,880,Physical,0.0,133
mercer,24,W,10,Digital,31482.04,208
mercer,24,W,10,Physical,22359.94,129
mercer,24,W,100,Physical,1980.0,120
mercer,24,W,104,Digital,0.0,9
mercer,24,W,104,Physical,116.97,3
mercer,24,W,107,Digital,0.0,141
mercer,24,W,107,Physical,19890.2,209
mercer,24,W,120,Digital,0.0,245
mercer,24,W,120,Physical,8294.65,70
mercer,24,W,121,Digital,0.0,149
mercer,24,W,121,Physical,11254.061,61
mercer,24,W,127,Digital,0.0,69
mercer,24,W,127,Physical,7808.17,136
mercer,24,W,130,Digital,0.0,281
mercer,24,W,130,Physical,42793.582,412
mercer,24,W,135,Digital,0.0,176
mercer,24,W,135,Physical,2518.7998,38
mercer,24,W,141,Digital,0.0,579
mercer,24,W,141,Physical,30392.611,423
mercer,24,W,145,Digital,0.0,95
mercer,24,W,145,Physical,15868.8,152
mercer,24,W,147,Digital,0.0,2
mercer,24,W,147,Physical,141.9,6
mercer,24,W,148,Digital,0.0,152
mercer,24,W,148,Physical,14351.42,73
mercer,24,W,149,Digital,0.0,305
mercer,24,W,149,Physical,3773.5999,59
mercer,24,W,150,Digital,1547.46,485
mercer,24,W,150,Physical,60951.86,275
mercer,24,W,160,Digital,2357.1602,953
mercer,24,W,160,Physical,22225.29,519
mercer,24,W,180,Digital,18402.26,1096
mercer,24,W,180,Physical,75145.3,426
mercer,24,W,185,Digital,0.0,611
mercer,24,W,185,Physical,3044.97,558
mercer,24,W,190,Digital,0.0,908
mercer,24,W,190,Physical,25015.0,1032
mercer,24,W,192,Digital,3712.2302,54
mercer,24,W,20,Digital,0.0,406
mercer,24,W,20,Physical,11110.46,390
mercer,24,W,220,Digital,6600.0,905
mercer,24,W,220,Physical,56918.55,754
mercer,24,W,235,Digital,6637.5,620
mercer,24,W,235,Physical,9450.56,199
mercer,24,W,240,Digital,0.0,233
mercer,24,W,240,Physical,23318.83,93
mercer,24,W,245,Digital,0.0,25
mercer,24,W,245,Physical,0.0,82
mercer,24,W,247,Digital,0.0,96
mercer,24,W,247,Physical,0.0,32
mercer,24,W,249,Digital,0.0,1697
mercer,24,W,249,Physical,5892.7,1113
mercer,24,W,250,Digital,0.0,18
mercer,24,W,250,Physical,29485.69,183
mercer,24,W,251,Digital,0.0,11
mercer,24,W,251,Physical,0.0,22
mercer,24,W,260,Digital,0.0,3004
mercer,24,W,260,Physical,17238.32,1742
mercer,24,W,270,Digital,0.0,798
mercer,24,W,270,Physical,18957.77,1047
mercer,24,W,281,Digital,0.0,269
mercer,24,W,281,Physical,9565.2,119
mercer,24,W,283,Digital,0.0,750
mercer,24,W,283,Physical,3394.65,414
mercer,24,W,288,Digital,0.0,63
mercer,24,W,288,Physical,1754.73,27
mercer,24,W,290,Physical,30.0,1
mercer,24,W,295,Digital,0.0,1912
mercer,24,W,295,Physical,16560.959,970
mercer,24,W,30,Digital,0.0,109
mercer,24,W,30,Physical,9727.96,223
mercer,24,W,304,Digital,0.0,92
mercer,24,W,304,Physical,3390.52,50
mercer,24,W,310,Digital,0.0,633
mercer,24,W,310,Physical,19418.96,657
mercer,24,W,311,Digital,0.0,102
mercer,24,W,311,Physical,3103.55,52
mercer,24,W,314,Digital,1659.51,16
mercer,24,W,314,Physical,279.98,2
mercer,24,W,317,Digital,0.0,291
mercer,24,W,317,Physical,15276.71,118
mercer,24,W,318,Digital,0.0,27
mercer,24,W,318,Physical,1428.3,54
mercer,24,W,321,Digital,0.0,51
mercer,24,W,321,Physical,1223.83,17
mercer,24,W,322,Digital,861.4,30
mercer,24,W,322,Physical,1133.0,22
mercer,24,W,323,Digital,0.0,32
mercer,24,W,323,Physical,0.0,8
mercer,24,W,325,Digital,0.0,10
mercer,24,W,331,Digital,0.0,369
mercer,24,W,331,Physical,17339.58,221
mercer,24,W,335,Digital,0.0,315
mercer,24,W,335,Physical,23362.56,132
mercer,24,W,337,Digital,365.52,1727
mercer,24,W,337,Physical,95954.24,2316
mercer,24,W,338,Digital,0.0,516
mercer,24,W,338,Physical,0.0,180
mercer,24,W,340,Digital,0.0,183
mercer,24,W,340,Physical,11061.41,81
mercer,24,W,342,Digital,0.0,228
mercer,24,W,342,Physical,5447.52,103
mercer,24,W,348,Digital,2225.0,59
mercer,24,W,348,Physical,3681.3499,57
mercer,24,W,349,Physical,20986.531,227
mercer,24,W,350,Digital,0.0,82
mercer,24,W,350,Physical,2800.8901,61
mercer,24,W,351,Digital,0.0,274
mercer,24,W,351,Physical,0.0,263
mercer,24,W,354,Digital,0.0,661
mercer,24,W,354,Physical,26128.26,460
mercer,24,W,355,Digital,0.0,201
mercer,24,W,355,Physical,0.0,67
mercer,24,W,356,Digital,0.0,39
mercer,24,W,356,Physical,792.87,26
mercer,24,W,357,Digital,0.0,22
mercer,24,W,357,Physical,308.0,22
mercer,24,W,360,Physical,0.0,7
mercer,24,W,365,Digital,0.0,33
mercer,24,W,365,Physical,0.0,38
mercer,24,W,370,Digital,0.0,818
mercer,24,W,370,Physical,54208.51,445
mercer,24,W,375,Digital,0.0,145
mercer,24,W,375,Physical,0.0,64
mercer,24,W,380,Digital,63268.56,2210
mercer,24,W,380,Physical,70160.52,1057
mercer,24,W,381,Digital,21074.16,609
mercer,24,W,381,Physical,0.0,114
mercer,24,W,39,Digital,0.0,24
mercer,24,W,39,Physical,0.0,28
mercer,24,W,390,Digital,18872.68,901
mercer,24,W,390,Physical,15075.91,448
mercer,24,W,400,Digital,0.0,538
mercer,24,W,400,Physical,21699.1,224
mercer,24,W,401,Digital,0.0,606
mercer,24,W,401,Physical,0.0,1744
mercer,24,W,402,Digital,0.0,168
mercer,24,W,402,Physical,10910.76,161
mercer,24,W,408,Digital,0.0,447
mercer,24,W,408,Physical,0.0,297
mercer,24,W,410,Digital,0.0,748
mercer,24,W,410,Physical,3660.3599,354
mercer,24,W,428,Digital,0.0,300
mercer,24,W,428,Physical,28658.34,478
mercer,24,W,431,Digital,0.0,60
mercer,24,W,431,Physical,2400.0,40
mercer,24,W,434,Digital,0.0,224
mercer,24,W,434,Physical,0.0,134
mercer,24,W,435,Digital,0.0,229
mercer,24,W,435,Physical,9951.95,169
mercer,24,W,440,Digital,0.0,26
mercer,24,W,440,Physical,0.0,26
mercer,24,W,441,Digital,0.0,96
mercer,24,W,441,Physical,22153.49,197
mercer,24,W,450,Digital,0.0,911
mercer,24,W,450,Physical,25005.12,711
mercer,24,W,46,Digital,2682.9,74
mercer,24,W,46,Physical,16158.681,188
mercer,24,W,460,Digital,0.0,111
mercer,24,W,460,Physical,0.0,37
mercer,24,W,465,Digital,16543.52,440
mercer,24,W,465,Physical,76407.39,462
mercer,24,W,470,Digital,1550.52,968
mercer,24,W,470,Physical,38725.18,670
mercer,24,W,471,Physical,2523.0,29
mercer,24,W,481,Digital,0.0,48
mercer,24,W,481,Physical,1859.22,18
mercer,24,W,486,Digital,0.0,146
mercer,24,W,486,Physical,0.0,47
mercer,24,W,490,Digital,16523.2,1598
mercer,24,W,490,Physical,71653.28,708
mercer,24,W,491,Digital,1919.68,1417
mercer,24,W,491,Physical,99122.7,513
mercer,24,W,492,Digital,0.0,1018
mercer,24,W,492,Physical,42544.73,1146
mercer,24,W,495,Digital,0.0,585
mercer,24,W,495,Physical,18074.541,408
mercer,24,W,499,Digital,0.0,62
mercer,24,W,499,Physical,0.0,71
mercer,24,W,50,Digital,4980.96,3333
mercer,24,W,50,Physical,206832.31,2246
mercer,24,W,500,Digital,0.0,450
mercer,24,W,500,Physical,3578.98,134
mercer,24,W,506,Digital,0.0,192
mercer,24,W,520,Digital,3006.0,547
mercer,24,W,520,Physical,25046.72,493
mercer,24,W,523,Digital,0.0,27
mercer,24,W,523,Physical,8049.6,43
mercer,24,W,530,Digital,0.0,72
mercer,24,W,530,Physical,120312.31,748
mercer,24,W,535,Physical,0.0,3
mercer,24,W,540,Digital,1283.75,522
mercer,24,W,540,Physical,17396.54,286
mercer,24,W,547,Digital,0.0,779
mercer,24,W,547,Physical,4541.3,35
mercer,24,W,55,Digital,0.0,92
mercer,24,W,55,Physical,60562.05,327
mercer,24,W,550,Digital,0.0,193
mercer,24,W,550,Physical,17661.23,177
mercer,24,W,551,Digital,0.0,7
mercer,24,W,551,Physical,3942.2,211
mercer,24,W,552,Digital,0.0,599
mercer,24,W,552,Physical,13718.391,358
mercer,24,W,557,Digital,0.0,7
mercer,24,W,557,Physical,1567.51,7
mercer,24,W,560,Digital,0.0,371
mercer,24,W,560,Physical,12559.88,303
mercer,24,W,580,Digital,0.0,909
mercer,24,W,580,Physical,2920.0,2156
mercer,24,W,595,Digital,0.0,97
mercer,24,W,595,Physical,985.92,4
mercer,24,W,597,Digital,0.0,329
mercer,24,W,597,Physical,1358.0,141
mercer,24,W,60,Physical,0.0,5
mercer,24,W,601,Digital,0.0,4
mercer,24,W,601,Physical,88.0,4
mercer,24,W,625,Digital,0.0,11
mercer,24,W,625,Physical,0.0,13
mercer,24,W,645,Digital,0.0,360
mercer,24,W,645,Physical,60383.19,737
mercer,24,W,650,Digital,0.0,6
mercer,24,W,650,Physical,2502.75,36
mercer,24,W,655,Digital,0.0,45
mercer,24,W,655,Physical,0.0,31
mercer,24,W,670,Digital,0.0,1017
mercer,24,W,670,Physical,12965.17,1011
mercer,24,W,685,Digital,0.0,917
mercer,24,W,685,Physical,0.0,943
mercer,24,W,70,Digital,0.0,134
mercer,24,W,70,Physical,30524.0,233
mercer,24,W,715,Digital,0.0,105
mercer,24,W,715,Physical,0.0,75
mercer,24,W,735,Digital,0.0,1124
mercer,24,W,735,Physical,1849.63,561
mercer,24,W,745,Digital,0.0,54
mercer,24,W,745,Physical,0.0,22
mercer,24,W,761,Digital,0.0,103
mercer,24,W,761,Physical,0.0,30
mercer,24,W,80,Digital,0.0,1547
mercer,24,W,80,Physical,24670.54,1897
mercer,24,W,81,Digital,0.0,4
mercer,24,W,810,Physical,655.56,24
mercer,24,W,820,Digital,0.0,72
mercer,24,W,820,Physical,1343.52,129
mercer,24,W,835,Digital,0.0,25
mercer,24,W,835,Physical,0.0,133
mercer,24,W,85,Physical,1245.6,10
mercer,24,W,855,Digital,0.0,115
mercer,24,W,855,Physical,3265.77,138
mercer,24,W,875,Digital,0.0,114
mercer,24,W,875,Physical,0.0,170
mercer,24,W,880,Digital,0.0,52
mercer,24,W,880,Physical,0.0,93
morgan,22,A,11,Digital,0.0,236
morgan,22,A,11,Physical,15192.699,270
morgan,22,A,110,Digital,0.0,331
morgan,22,A,110,Physical,31155.44,337
morgan,22,A,132,Digital,0.0,209
morgan,22,A,132,Physical,9587.64,375
morgan,22,A,154,Digital,0.0,261
morgan,22,A,154,Physical,17553.12,91
morgan,22,A,165,Digital,0.0,72
morgan,22,A,165,Physical,10286.73,57
morgan,22,A,187,Physical,5750.9097,74
morgan,22,A,198,Digital,0.0,153
morgan,22,A,198,Physical,10272.0,64
morgan,22,A,209,Digital,0.0,92
morgan,22,A,209,Physical,0.0,40
morgan,22,A,211,Physical,13289.78,98
morgan,22,A,242,Digital,0.0,66
morgan,22,A,242,Physical,3519.78,44
morgan,22,A,253,Digital,0.0,56
morgan,22,A,253,Physical,4917.02,22
morgan,22,A,264,Digital,127.36,586
morgan,22,A,264,Physical,10915.689,357
morgan,22,A,297,Digital,0.0,80
morgan,22,A,297,Physical,2405.0,92
morgan,22,A,308,Digital,0.0,33
morgan,22,A,308,Physical,3600.1902,22
morgan,22,A,319,Digital,0.0,152
morgan,22,A,319,Physical,38043.29,304
morgan,22,A,396,Digital,4286.6997,343
morgan,22,A,396,Physical,5172.34,87
morgan,22,A,429,Physical,0.0,22
morgan,22,A,440,Physical,2096.64,7
morgan,22,A,451,Digital,0.0,39
morgan,22,A,451,Physical,6628.4404,39
morgan,22,A,495,Digital,0.0,395
morgan,22,A,495,Physical,32324.75,300
morgan,22,A,50,Digital,0.0,4
morgan,22,A,50,Physical,0.0,4
morgan,22,A,517,Digital,0.0,37
morgan,22,A,517,Physical,5813.81,37
morgan,22,A,539,Digital,0.0,187
morgan,22,A,539,Physical,28601.111,150
morgan,22,A,594,Digital,0.0,570
morgan,22,A,594,Physical,24798.8,380
morgan,22,A,706,Digital,0.0,12
morgan,22,A,706,Physical,0.0,24
morgan,22,A,715,Physical,813.96,21
morgan,22,A,726,Digital,0.0,54
morgan,22,A,726,Physical,11816.36,202
morgan,22,A,737,Digital,0.0,281
morgan,22,A,737,Physical,24331.92,165
morgan,22,A,792,Digital,0.0,228
morgan,22,A,792,Physical,37220.05,224
morgan,22,A,801,Physical,0.0,5
morgan,22,A,814,Digital,0.0,222
morgan,22,A,814,Physical,9471.26,74
morgan,22,A,847,Digital,0.0,95
morgan,22,A,847,Physical,13470.67,196
morgan,22,A,869,Digital,0.0,158
morgan,22,A,869,Physical,171.98,75
morgan,22,A,88,Digital,0.0,314
morgan,22,A,88,Physical,33689.5,345
morgan,22,A,880,Digital,0.0,48
morgan,22,A,880,Physical,10217.28,48
morgan,22,A,894,Digital,0.0,90
morgan,22,A,894,Physical,14527.261,90
morgan,22,A,900,Digital,0.0,4
morgan,22,A,900,Physical,1108.56,4
morgan,22,F,10,Digital,0.0,3
morgan,22,F,10,Physical,0.0,1
morgan,22,F,101,Digital,62858.688,731
morgan,22,F,11,Digital,0.0,1245
morgan,22,F,11,Physical,95104.86,1414
morgan,22,F,110,Digital,0.0,1952
morgan,22,F,110,Physical,75310.195,1656
morgan,22,F,121,Digital,0.0,647
morgan,22,F,121,Physical,50035.12,402
morgan,22,F,132,Digital,2770.74,1895
morgan,22,F,132,Physical,120320.13,2994
morgan,22,F,137,Physical,3654.0,60
morgan,22,F,143,Digital,0.0,372
morgan,22,F,143,Physical,38959.89,247
morgan,22,F,154,Digital,0.0,1504
morgan,22,F,154,Physical,114155.69,832
morgan,22,F,165,Digital,0.0,1389
morgan,22,F,165,Physical,159976.72,889
morgan,22,F,167,Digital,0.0,13
morgan,22,F,167,Physical,0.0,19
morgan,22,F,187,Physical,21293.908,406
morgan,22,F,198,Digital,0.0,1580
morgan,22,F,198,Physical,200942.23,1295
morgan,22,F,200,Digital,0.0,13
morgan,22,F,200,Physical,0.0,13
morgan,22,F,202,Digital,0.0,21
morgan,22,F,202,Physical,0.0,91
morgan,22,F,209,Digital,0.0,138
morgan,22,F,209,Physical,1920.0,61
morgan,22,F,211,Digital,0.0,198
morgan,22,F,211,Physical,157394.55,1245
morgan,22,F,212,Digital,0.0,319
morgan,22,F,212,Physical,14852.92,182
morgan,22,F,22,Digital,0.0,66
morgan,22,F,22,Physical,3780.0,66
morgan,22,F,231,Digital,0.0,320
morgan,22,F,231,Physical,19696.83,177
morgan,22,F,242,Digital,0.0,737
morgan,22,F,242,Physical,50332.74,455
morgan,22,F,253,Digital,0.0,93
morgan,22,F,253,Physical,10535.04,63
morgan,22,F,264,Digital,0.0,6478
morgan,22,F,264,Physical,144659.47,5069
morgan,22,F,275,Physical,111.43,1
morgan,22,F,286,Digital,0.0,21
morgan,22,F,286,Physical,1165.6799,23
morgan,22,F,297,Digital,0.0,366
morgan,22,F,297,Physical,11047.63,453
morgan,22,F,308,Digital,0.0,1331
morgan,22,F,308,Physical,40835.64,658
morgan,22,F,319,Digital,0.0,2055
morgan,22,F,319,Physical,332808.9,2927
morgan,22,F,33,Digital,0.0,344
morgan,22,F,33,Physical,21509.08,360
morgan,22,F,330,Digital,0.0,32
morgan,22,F,330,Physical,5231.5,25
morgan,22,F,341,Digital,0.0,456
morgan,22,F,341,Physical,16542.85,366
morgan,22,F,363,Digital,0.0,24
morgan,22,F,363,Physical,3942.96,24
morgan,22,F,396,Digital,49816.65,3076
morgan,22,F,396,Physical,54534.3,1584
morgan,22,F,407,Digital,0.0,66
morgan,22,F,407,Physical,4134.96,32
morgan,22,F,429,Physical,1157.82,676
morgan,22,F,44,Digital,0.0,22
morgan,22,F,44,Physical,898.87,46
morgan,22,F,440,Digital,0.0,45
morgan,22,F,440,Physical,11959.94,71
morgan,22,F,451,Digital,0.0,3608
morgan,22,F,451,Physical,624950.25,3860
morgan,22,F,454,Digital,0.0,8
morgan,22,F,454,Physical,0.0,9
morgan,22,F,462,Digital,0.0,16
morgan,22,F,462,Physical,2050.58,15
morgan,22,F,473,Physical,15984.641,56
morgan,22,F,480,Digital,0.0,32
morgan,22,F,480,Physical,0.0,40
morgan,22,F,484,Digital,0.0,116
morgan,22,F,484,Physical,724.71,87
morgan,22,F,495,Digital,35305.28,2729
morgan,22,F,495,Physical,604782.8,5201
morgan,22,F,500,Digital,0.0,10
morgan,22,F,500,Physical,4058.13,34
morgan,22,F,508,Digital,0.0,68
morgan,22,F,508,Physical,0.0,24
morgan,22,F,517,Digital,0.0,236
morgan,22,F,517,Physical,8657.95,100
morgan,22,F,528,Digital,0.0,1244
morgan,22,F,528,Physical,63776.523,622
morgan,22,F,539,Digital,5362.1104,285
morgan,22,F,539,Physical,32179.71,359
morgan,22,F,55,Digital,0.0,23
morgan,22,F,55,Physical,0.0,23
morgan,22,F,550,Digital,0.0,121
morgan,22,F,550,Physical,7192.7,130
morgan,22,F,570,Digital,0.0,3
morgan,22,F,570,Physical,72.0,1
morgan,22,F,572,Digital,0.0,120
morgan,22,F,572,Physical,13055.38,272
morgan,22,F,583,Digital,0.0,280
morgan,22,F,583,Physical,111823.76,785
morgan,22,F,594,Digital,80240.0,4079
morgan,22,F,594,Physical,193126.16,2185
morgan,22,F,600,Physical,0.0,50
morgan,22,F,605,Digital,0.0,1373
morgan,22,F,605,Physical,0.0,790
morgan,22,F,616,Physical,8775.58,113
morgan,22,F,627,Physical,45974.723,592
morgan,22,F,630,Digital,0.0,26
morgan,22,F,630,Physical,0.0,13
morgan,22,F,638,Physical,38208.723,492
morgan,22,F,649,Physical,7067.0605,91
morgan,22,F,660,Physical,17240.521,222
morgan,22,F,671,Physical,52109.863,671
morgan,22,F,682,Physical,43644.92,562
morgan,22,F,693,Physical,4814.9204,62
morgan,22,F,704,Physical,10794.74,139
morgan,22,F,706,Digital,0.0,41
morgan,22,F,706,Physical,0.0,19
morgan,22,F,715,Digital,0.0,169
morgan,22,F,715,Physical,14671.5205,289
morgan,22,F,726,Digital,0.0,693
morgan,22,F,726,Physical,88827.21,1591
morgan,22,F,737,Digital,28025.0,1086
morgan,22,F,737,Physical,87989.88,579
morgan,22,F,748,Digital,0.0,16
morgan,22,F,759,Digital,10078.88,972
morgan,22,F,759,Physical,40351.59,571
morgan,22,F,781,Digital,0.0,116
morgan,22,F,781,Physical,0.0,40
morgan,22,F,792,Digital,0.0,2164
morgan,22,F,792,Physical,382182.72,2449
morgan,22,F,795,Digital,0.0,15
morgan,22,F,795,Physical,800.0,5
morgan,22,F,798,Digital,0.0,325
morgan,22,F,798,Physical,0.0,258
morgan,22,F,801,Digital,0.0,105
morgan,22,F,801,Physical,0.0,30
morgan,22,F,806,Digital,0.0,39
morgan,22,F,806,Physical,0.0,39
morgan,22,F,814,Digital,0.0,563
morgan,22,F,814,Physical,20272.77,261
morgan,22,F,825,Digital,0.0,2
morgan,22,F,825,Physical,0.0,2
morgan,22,F,836,Digital,0.0,10
morgan,22,F,836,Physical,1986.46,54
morgan,22,F,847,Digital,0.0,782
morgan,22,F,847,Physical,159373.95,1972
morgan,22,F,858,Physical,14960.0,88
morgan,22,F,869,Digital,0.0,3398
morgan,22,F,869,Physical,41658.89,2009
morgan,22,F,88,Digital,0.0,2534
morgan,22,F,88,Physical,269268.88,3109
morgan,22,F,880,Digital,0.0,95
morgan,22,F,880,Physical,21614.39,95
morgan,22,F,894,Digital,0.0,306
morgan,22,F,894,Physical,45584.1,290
morgan,22,F,900,Digital,0.0,28
morgan,22,F,900,Physical,4800.04,28
morgan,22,F,902,Digital,0.0,63
morgan,22,F,913,Digital,0.0,374
morgan,22,F,913,Physical,3224.78,126
morgan,22,F,924,Digital,0.0,40
morgan,22,F,924,Physical,6301.48,130
morgan,22,F,927,Digital,0.0,33
morgan,22,F,927,Physical,0.0,56
morgan,22,F,930,Digital,0.0,62
morgan,22,F,930,Physical,7667.52,138
morgan,22,F,935,Digital,0.0,57
morgan,22,F,935,Physical,0.0,19
morgan,22,W,10,Digital,0.0,3
morgan,22,W,10,Physical,0.0,1
morgan,22,W,101,Digital,11522.66,134
morgan,22,W,11,Digital,0.0,1420
morgan,22,W,11,Physical,103302.4,1477
morgan,22,W,110,Digital,0.0,1225
morgan,22,W,110,Physical,125317.04,1499
morgan,22,W,121,Digital,0.0,975
morgan,22,W,121,Physical,94326.93,636
morgan,22,W,132,Digital,0.0,1211
morgan,22,W,132,Physical,75049.59,2488
morgan,22,W,143,Digital,0.0,132
morgan,22,W,143,Physical,24483.51,174
morgan,22,W,154,Digital,0.0,1293
morgan,22,W,154,Physical,114395.61,1088
morgan,22,W,165,Digital,0.0,439
morgan,22,W,165,Physical,89958.4,642
morgan,22,W,167,Digital,0.0,81
morgan,22,W,167,Physical,0.0,47
morgan,22,W,187,Physical,13522.409,237
morgan,22,W,198,Digital,0.0,1147
morgan,22,W,198,Physical,111978.98,971
morgan,22,W,202,Digital,0.0,277
morgan,22,W,202,Physical,0.0,271
morgan,22,W,204,Digital,0.0,2
morgan,22,W,204,Physical,0.0,2
morgan,22,W,206,Digital,0.0,21
morgan,22,W,206,Physical,0.0,7
morgan,22,W,209,Digital,0.0,80
morgan,22,W,209,Physical,1600.0,33
morgan,22,W,211,Digital,0.0,123
morgan,22,W,211,Physical,77985.69,782
morgan,22,W,212,Digital,0.0,48
morgan,22,W,212,Physical,7804.65,92
morgan,22,W,22,Digital,0.0,37
morgan,22,W,22,Physical,4024.0,74
morgan,22,W,231,Digital,0.0,283
morgan,22,W,231,Physical,18929.05,183
morgan,22,W,242,Digital,0.0,1527
morgan,22,W,242,Physical,68382.21,681
morgan,22,W,253,Digital,0.0,139
morgan,22,W,253,Physical,8891.62,62
morgan,22,W,264,Digital,278.6,8675
morgan,22,W,264,Physical,138391.6,8712
morgan,22,W,297,Digital,0.0,162
morgan,22,W,297,Physical,7050.0,128
morgan,22,W,308,Digital,0.0,944
morgan,22,W,308,Physical,55568.67,593
morgan,22,W,319,Digital,0.0,1009
morgan,22,W,319,Physical,229644.9,1976
morgan,22,W,33,Digital,0.0,403
morgan,22,W,33,Physical,8615.06,557
morgan,22,W,330,Digital,0.0,22
morgan,22,W,330,Physical,3751.48,18
morgan,22,W,341,Digital,1153.65,418
morgan,22,W,341,Physical,16140.2,674
morgan,22,W,352,Physical,38985.82,196
morgan,22,W,363,Digital,0.0,7
morgan,22,W,363,Physical,1150.0299,7
morgan,22,W,374,Digital,0.0,34
morgan,22,W,374,Physical,0.0,17
morgan,22,W,396,Digital,50725.95,3821
morgan,22,W,396,Physical,76564.77,1674
morgan,22,W,407,Digital,0.0,62
morgan,22,W,407,Physical,7412.98,68
morgan,22,W,420,Digital,0.0,48
morgan,22,W,420,Physical,1714.08,32
morgan,22,W,429,Digital,0.0,124
morgan,22,W,429,Physical,2329.96,766
morgan,22,W,44,Digital,0.0,160
morgan,22,W,44,Physical,13407.04,129
morgan,22,W,440,Digital,0.0,252
morgan,22,W,440,Physical,17505.84,124
morgan,22,W,451,Digital,0.0,904
morgan,22,W,451,Physical,58106.97,489
morgan,22,W,462,Digital,0.0,9
morgan,22,W,462,Physical,659.25,9
morgan,22,W,473,Physical,5407.8003,20
morgan,22,W,480,Digital,0.0,129
morgan,22,W,480,Physical,164.89,65
morgan,22,W,484,Digital,0.0,60
morgan,22,W,484,Physical,374.85,45
morgan,22,W,495,Digital,27448.35,6263
morgan,22,W,495,Physical,404039.12,6347
morgan,22,W,500,Digital,0.0,12
morgan,22,W,500,Physical,4224.55,29
morgan,22,W,517,Digital,0.0,182
morgan,22,W,517,Physical,24146.031,209
morgan,22,W,528,Digital,0.0,1094
morgan,22,W,528,Physical,53258.0,547
morgan,22,W,539,Digital,4399.68,231
morgan,22,W,539,Physical,69577.89,394
morgan,22,W,55,Digital,0.0,39
morgan,22,W,55,Physical,0.0,39
morgan,22,W,550,Digital,0.0,206
morgan,22,W,550,Physical,12265.35,197
morgan,22,W,572,Digital,0.0,49
morgan,22,W,572,Physical,7846.02,202
morgan,22,W,583,Digital,0.0,397
morgan,22,W,583,Physical,114292.11,708
morgan,22,W,594,Digital,0.0,909
morgan,22,W,594,Physical,41393.21,843
morgan,22,W,600,Physical,3551.0,106
morgan,22,W,605,Digital,0.0,617
morgan,22,W,605,Physical,0.0,318
morgan,22,W,627,Physical,10173.461,131
morgan,22,W,638,Physical,5513.8604,71
morgan,22,W,649,Physical,2640.4402,34
morgan,22,W,660,Physical,3261.7202,42
morgan,22,W,671,Physical,9474.5205,122
morgan,22,W,682,Physical,8775.58,113
morgan,22,W,693,Physical,1708.52,22
morgan,22,W,704,Physical,2174.48,28
morgan,22,W,706,Physical,0.0,32
morgan,22,W,710,Digital,0.0,12
morgan,22,W,710,Physical,230.84999,3
morgan,22,W,715,Digital,0.0,54
morgan,22,W,715,Physical,21064.28,423
morgan,22,W,726,Digital,0.0,715
morgan,22,W,726,Physical,74719.08,1376
morgan,22,W,737,Digital,6785.0,1566
morgan,22,W,737,Physical,152961.4,958
morgan,22,W,759,Digital,5129.4297,687
morgan,22,W,759,Physical,33280.46,399
morgan,22,W,77,Digital,0.0,33
morgan,22,W,77,Physical,0.0,15
morgan,22,W,781,Digital,0.0,34
morgan,22,W,781,Physical,0.0,50
morgan,22,W,792,Digital,0.0,2499
morgan,22,W,792,Physical,255177.62,2305
morgan,22,W,798,Digital,0.0,201
morgan,22,W,798,Physical,0.0,169
morgan,22,W,801,Digital,0.0,7
morgan,22,W,801,Physical,0.0,7
morgan,22,W,814,Digital,0.0,582
morgan,22,W,814,Physical,19351.86,245
morgan,22,W,825,Physical,157.13,1
morgan,22,W,836,Digital,0.0,22
morgan,22,W,836,Physical,3928.21,95
morgan,22,W,847,Digital,0.0,794
morgan,22,W,847,Physical,67701.98,1317
morgan,22,W,858,Physical,12410.0,73
morgan,22,W,869,Digital,0.0,3594
morgan,22,W,869,Physical,69161.13,2251
morgan,22,W,88,Digital,0.0,3426
morgan,22,W,88,Physical,271553.12,3497
morgan,22,W,880,Digital,0.0,1162
morgan,22,W,880,Physical,50749.29,989
morgan,22,W,894,Digital,0.0,268
morgan,22,W,894,Physical,43711.61,280
morgan,22,W,900,Digital,0.0,11
morgan,22,W,900,Physical,1885.73,11
morgan,22,W,913,Digital,0.0,235
morgan,22,W,913,Physical,3692.89,113
morgan,22,W,924,Digital,0.0,10
morgan,22,W,924,Physical,360.0,24
morgan,22,W,927,Digital,0.0,22
morgan,22,W,927,Physical,0.0,27
morgan,22,W,930,Digital,0.0,58
morgan,22,W,930,Physical,1700.01,73
morgan,22,W,946,Digital,1692.02,66
morgan,23,A,11,Digital,0.0,123
morgan,23,A,11,Physical,24653.04,123
morgan,23,A,132,Digital,0.0,172
morgan,23,A,132,Physical,9089.82,309
morgan,23,A,154,Digital,0.0,360
morgan,23,A,154,Physical,24572.639,136
morgan,23,A,165,Digital,0.0,75
morgan,23,A,187,Physical,2953.17,43
morgan,23,A,198,Digital,0.0,158
morgan,23,A,198,Physical,25753.42,158
morgan,23,A,211,Digital,0.0,12
morgan,23,A,211,Physical,15613.79,113
morgan,23,A,253,Digital,0.0,30
morgan,23,A,253,Physical,2365.5999,20
morgan,23,A,264,Digital,0.0,114
morgan,23,A,264,Physical,5044.3896,99
morgan,23,A,297,Digital,0.0,70
morgan,23,A,297,Physical,2275.0,70
morgan,23,A,308,Digital,0.0,51
morgan,23,A,308,Physical,769.6,17
morgan,23,A,319,Digital,0.0,186
morgan,23,A,319,Physical,38095.082,186
morgan,23,A,33,Digital,0.0,1
morgan,23,A,33,Physical,0.0,1
morgan,23,A,341,Digital,0.0,108
morgan,23,A,341,Physical,1285.5599,36
morgan,23,A,396,Digital,5260.9497,279
morgan,23,A,396,Physical,3282.24,78
morgan,23,A,429,Digital,0.0,5
morgan,23,A,429,Physical,0.0,10
morgan,23,A,451,Digital,0.0,171
morgan,23,A,451,Physical,7410.0,57
morgan,23,A,495,Digital,5874.53,389
morgan,23,A,495,Physical,32635.93,192
morgan,23,A,509,Digital,0.0,502
morgan,23,A,509,Physical,36776.26,272
morgan,23,A,539,Digital,0.0,104
morgan,23,A,539,Physical,20499.81,103
morgan,23,A,594,Digital,15635.0,106
morgan,23,A,594,Physical,16088.07,106
morgan,23,A,715,Physical,1028.16,24
morgan,23,A,726,Digital,0.0,98
morgan,23,A,726,Physical,2900.8,98
morgan,23,A,737,Digital,0.0,141
morgan,23,A,737,Physical,13831.88,94
morgan,23,A,792,Physical,5250.0,35
morgan,23,A,814,Digital,0.0,249
morgan,23,A,814,Physical,10623.17,83
morgan,23,A,847,Digital,0.0,557
morgan,23,A,847,Physical,22713.62,428
morgan,23,A,869,Digital,0.0,30
morgan,23,A,869,Physical,0.0,24
morgan,23,A,88,Digital,0.0,411
morgan,23,A,88,Physical,36371.38,380
morgan,23,A,880,Physical,11068.72,52
morgan,23,A,894,Digital,0.0,365
morgan,23,A,894,Physical,24383.361,148
morgan,23,A,900,Digital,0.0,3
morgan,23,A,900,Physical,514.29,3
morgan,23,A,902,Digital,0.0,9
morgan,23,A,946,Digital,0.0,72
morgan,23,A,957,Physical,506.81998,6
morgan,23,F,10,Physical,0.0,10
morgan,23,F,101,Digital,66470.266,773
morgan,23,F,11,Digital,0.0,1108
morgan,23,F,11,Physical,115316.31,1078
morgan,23,F,110,Physical,0.0,1
morgan,23,F,121,Digital,0.0,871
morgan,23,F,121,Physical,42069.84,302
morgan,23,F,132,Digital,0.0,1431
morgan,23,F,132,Physical,108635.67,2752
morgan,23,F,137,Physical,6105.72,116
morgan,23,F,140,Digital,637.0,28
morgan,23,F,143,Digital,0.0,422
morgan,23,F,143,Physical,34167.68,220
morgan,23,F,154,Digital,0.0,2241
morgan,23,F,154,Physical,154574.95,1032
morgan,23,F,165,Digital,0.0,1140
morgan,23,F,165,Physical,200868.5,969
morgan,23,F,174,Digital,0.0,39
morgan,23,F,174,Physical,3119.2202,78
morgan,23,F,187,Digital,0.0,360
morgan,23,F,187,Physical,39452.31,265
morgan,23,F,198,Digital,122747.67,1299
morgan,23,F,198,Physical,57756.29,272
morgan,23,F,211,Digital,0.0,1941
morgan,23,F,211,Physical,162034.45,1518
morgan,23,F,212,Digital,0.0,154
morgan,23,F,212,Physical,16393.049,199
morgan,23,F,22,Digital,0.0,123
morgan,23,F,22,Physical,7124.0,123
morgan,23,F,231,Digital,0.0,675
morgan,23,F,231,Physical,20519.25,225
morgan,23,F,242,Digital,0.0,1212
morgan,23,F,242,Physical,72022.07,557
morgan,23,F,253,Digital,0.0,167
morgan,23,F,253,Physical,10719.029,100
morgan,23,F,264,Digital,0.0,2156
morgan,23,F,264,Physical,178452.08,4781
morgan,23,F,297,Digital,0.0,322
morgan,23,F,297,Physical,19715.299,413
morgan,23,F,308,Digital,0.0,922
morgan,23,F,308,Physical,44105.94,542
morgan,23,F,319,Digital,0.0,1695
morgan,23,F,319,Physical,324174.5,1610
morgan,23,F,33,Digital,0.0,284
morgan,23,F,33,Physical,2680.67,96
morgan,23,F,330,Digital,4634.73,48
morgan,23,F,330,Physical,194.1,2
morgan,23,F,341,Digital,0.0,544
morgan,23,F,341,Physical,21613.71,554
morgan,23,F,352,Physical,17263.17,83
morgan,23,F,363,Digital,0.0,24
morgan,23,F,396,Digital,59559.15,3802
morgan,23,F,396,Physical,85621.3,1788
morgan,23,F,407,Digital,0.0,53
morgan,23,F,407,Physical,3197.56,20
morgan,23,F,424,Digital,0.0,18
morgan,23,F,424,Physical,7837.0103,87
morgan,23,F,429,Digital,0.0,600
morgan,23,F,429,Physical,1653.52,1024
morgan,23,F,44,Digital,0.0,130
morgan,23,F,44,Physical,7564.23,79
morgan,23,F,440,Digital,0.0,72
morgan,23,F,440,Physical,6961.96,37
morgan,23,F,451,Digital,0.0,3156
morgan,23,F,451,Physical,598998.8,3380
morgan,23,F,473,Physical,7512.25,25
morgan,23,F,484,Digital,0.0,140
morgan,23,F,484,Physical,699.72,84
morgan,23,F,495,Digital,28797.719,3369
morgan,23,F,495,Physical,577091.75,4418
morgan,23,F,500,Digital,0.0,22
morgan,23,F,500,Physical,6765.28,54
morgan,23,F,508,Digital,0.0,225
morgan,23,F,508,Physical,7534.7197,86
morgan,23,F,509,Digital,0.0,1696
morgan,23,F,509,Physical,177247.8,1565
morgan,23,F,528,Digital,0.0,3396
morgan,23,F,528,Physical,113102.164,1132
morgan,23,F,539,Digital,8936.851,480
morgan,23,F,539,Physical,53481.473,317
morgan,23,F,550,Digital,0.0,242
morgan,23,F,550,Physical,11569.55,194
morgan,23,F,570,Physical,159.92,26
morgan,23,F,572,Digital,0.0,316
morgan,23,F,572,Physical,29626.52,638
morgan,23,F,583,Digital,0.0,132
morgan,23,F,583,Physical,107427.96,750
morgan,23,F,594,Digital,87910.0,991
morgan,23,F,594,Physical,145413.77,771
morgan,23,F,600,Physical,0.0,54
morgan,23,F,616,Physical,11649.001,150
morgan,23,F,627,Physical,45431.1,585
morgan,23,F,638,Physical,36577.863,471
morgan,23,F,649,Physical,6290.4604,81
morgan,23,F,660,Physical,16774.56,216
morgan,23,F,671,Physical,39218.3,505
morgan,23,F,682,Physical,38674.684,498
morgan,23,F,693,Physical,7998.9805,103
morgan,23,F,70,Digital,0.0,116
morgan,23,F,70,Physical,2231.5498,29
morgan,23,F,704,Physical,6057.4805,78
morgan,23,F,715,Digital,0.0,359
morgan,23,F,715,Physical,16317.05,364
morgan,23,F,726,Digital,0.0,878
morgan,23,F,726,Physical,44230.008,954
morgan,23,F,737,Digital,30680.0,1449
morgan,23,F,737,Physical,139566.3,882
morgan,23,F,759,Digital,5939.34,1118
morgan,23,F,759,Physical,34954.18,634
morgan,23,F,792,Digital,0.0,2685
morgan,23,F,792,Physical,283312.28,2177
morgan,23,F,814,Digital,0.0,469
morgan,23,F,814,Physical,23131.3,371
morgan,23,F,825,Digital,0.0,7
morgan,23,F,825,Physical,0.0,7
morgan,23,F,836,Digital,0.0,71
morgan,23,F,836,Physical,1404.85,41
morgan,23,F,847,Digital,0.0,795
morgan,23,F,847,Physical,124842.74,1748
morgan,23,F,858,Physical,15810.0,93
morgan,23,F,869,Digital,0.0,1128
morgan,23,F,869,Physical,34837.21,657
morgan,23,F,88,Digital,0.0,2620
morgan,23,F,88,Physical,478323.3,4894
morgan,23,F,880,Digital,0.0,17
morgan,23,F,880,Physical,10019.351,70
morgan,23,F,894,Digital,0.0,871
morgan,23,F,894,Physical,71070.93,426
morgan,23,F,900,Digital,0.0,33
morgan,23,F,900,Physical,8194.23,33
morgan,23,F,913,Digital,0.0,356
morgan,23,F,913,Physical,4439.54,222
morgan,23,F,924,Digital,0.0,209
morgan,23,F,924,Physical,8591.05,229
morgan,23,F,930,Digital,0.0,19
morgan,23,F,930,Physical,1638.0,119
morgan,23,F,935,Digital,0.0,24
morgan,23,F,935,Physical,0.0,8
morgan,23,F,946,Digital,0.0,105
morgan,23,F,946,Physical,5192.6,35
morgan,23,F,957,Physical,2289.5498,29
morgan,23,W,10,Physical,0.0,6
morgan,23,W,101,Digital,10920.7295,127
morgan,23,W,11,Digital,0.0,1003
morgan,23,W,11,Physical,113554.32,982
morgan,23,W,121,Digital,0.0,1083
morgan,23,W,121,Physical,61811.26,471
morgan,23,W,132,Digital,0.0,1657
morgan,23,W,132,Physical,108242.25,2878
morgan,23,W,137,Physical,1560.7,30
morgan,23,W,143,Digital,0.0,197
morgan,23,W,143,Physical,20618.59,134
morgan,23,W,154,Digital,0.0,1532
morgan,23,W,154,Physical,104615.89,817
morgan,23,W,165,Digital,0.0,1123
morgan,23,W,165,Physical,117026.56,756
morgan,23,W,167,Digital,0.0,10
morgan,23,W,167,Physical,0.0,3
morgan,23,W,187,Physical,13056.119,122
morgan,23,W,198,Digital,0.0,1092
morgan,23,W,198,Physical,173856.23,1019
morgan,23,W,211,Digital,0.0,721
morgan,23,W,211,Physical,119656.98,1093
morgan,23,W,212,Digital,0.0,74
morgan,23,W,212,Physical,6948.48,86
morgan,23,W,22,Digital,0.0,125
morgan,23,W,22,Physical,6824.0,125
morgan,23,W,231,Digital,0.0,375
morgan,23,W,231,Physical,23930.4,168
morgan,23,W,242,Digital,0.0,1606
morgan,23,W,242,Physical,86811.83,691
morgan,23,W,253,Digital,0.0,137
morgan,23,W,253,Physical,13885.2,87
morgan,23,W,264,Digital,0.0,2325
morgan,23,W,264,Physical,167440.83,4269
morgan,23,W,286,Physical,194.28,2
morgan,23,W,297,Digital,0.0,252
morgan,23,W,297,Physical,24629.11,297
morgan,23,W,308,Digital,0.0,680
morgan,23,W,308,Physical,34100.55,521
morgan,23,W,319,Digital,0.0,1764
morgan,23,W,319,Physical,286521.53,1445
morgan,23,W,33,Digital,0.0,301
morgan,23,W,33,Physical,7740.81,387
morgan,23,W,330,Digital,0.0,34
morgan,23,W,330,Physical,5840.08,28
morgan,23,W,341,Digital,0.0,804
morgan,23,W,341,Physical,32614.17,748
morgan,23,W,352,Physical,25998.75,165
morgan,23,W,363,Digital,0.0,8
morgan,23,W,363,Physical,1314.32,8
morgan,23,W,374,Digital,0.0,54
morgan,23,W,374,Physical,0.0,18
morgan,23,W,396,Digital,49491.9,3219
morgan,23,W,396,Physical,84204.72,1687
morgan,23,W,407,Digital,0.0,61
morgan,23,W,407,Physical,7444.52,56
morgan,23,W,420,Digital,0.0,6
morgan,23,W,420,Physical,214.26,4
morgan,23,W,424,Digital,0.0,14
morgan,23,W,424,Physical,2651.9102,39
morgan,23,W,429,Digital,0.0,630
morgan,23,W,429,Physical,3119.14,928
morgan,23,W,44,Digital,0.0,283
morgan,23,W,44,Physical,18683.66,154
morgan,23,W,440,Digital,0.0,143
morgan,23,W,440,Physical,10928.63,87
morgan,23,W,451,Digital,0.0,5258
morgan,23,W,451,Physical,682106.1,3374
morgan,23,W,473,Physical,4507.3496,15
morgan,23,W,484,Digital,0.0,90
morgan,23,W,484,Physical,449.82,54
morgan,23,W,495,Digital,21248.299,2253
morgan,23,W,495,Physical,393436.84,2764
morgan,23,W,500,Digital,0.0,55
morgan,23,W,500,Physical,2598.45,22
morgan,23,W,508,Digital,0.0,105
morgan,23,W,508,Physical,1417.0801,36
morgan,23,W,509,Digital,0.0,1202
morgan,23,W,509,Physical,129494.125,992
morgan,23,W,528,Digital,0.0,1605
morgan,23,W,528,Physical,67976.26,716
morgan,23,W,539,Digital,0.0,289
morgan,23,W,539,Physical,63589.89,358
morgan,23,W,550,Digital,0.0,55
morgan,23,W,550,Physical,7231.42,137
morgan,23,W,572,Digital,0.0,69
morgan,23,W,572,Physical,9399.25,154
morgan,23,W,583,Digital,0.0,3
morgan,23,W,583,Physical,59151.59,273
morgan,23,W,594,Digital,47937.5,750
morgan,23,W,594,Physical,67478.82,495
morgan,23,W,600,Digital,0.0,37
morgan,23,W,600,Physical,2479.0,74
morgan,23,W,627,Physical,10173.461,131
morgan,23,W,638,Physical,5125.56,66
morgan,23,W,649,Physical,1863.8401,24
morgan,23,W,660,Physical,3494.7002,45
morgan,23,W,671,Physical,8154.3003,105
morgan,23,W,682,Physical,6368.12,82
morgan,23,W,704,Physical,2019.1602,26
morgan,23,W,715,Digital,0.0,143
morgan,23,W,715,Physical,16713.4,269
morgan,23,W,726,Digital,1844.7001,1085
morgan,23,W,726,Physical,48177.68,1230
morgan,23,W,737,Digital,17995.0,994
morgan,23,W,737,Physical,103669.38,683
morgan,23,W,759,Digital,5759.36,702
morgan,23,W,759,Physical,29207.79,477
morgan,23,W,792,Digital,0.0,3372
morgan,23,W,792,Physical,293241.1,2635
morgan,23,W,806,Digital,0.0,1
morgan,23,W,814,Digital,0.0,720
morgan,23,W,814,Physical,23163.219,330
morgan,23,W,825,Physical,314.26,2
morgan,23,W,836,Digital,0.0,62
morgan,23,W,836,Physical,4207.68,94
morgan,23,W,847,Digital,0.0,1060
morgan,23,W,847,Physical,125581.56,1751
morgan,23,W,858,Physical,13430.0,79
morgan,23,W,869,Digital,0.0,1443
morgan,23,W,869,Physical,36955.07,838
morgan,23,W,88,Digital,0.0,2619
morgan,23,W,88,Physical,326802.94,3568
morgan,23,W,880,Digital,0.0,51
morgan,23,W,880,Physical,24797.14,110
morgan,23,W,894,Digital,0.0,630
morgan,23,W,894,Physical,47823.84,306
morgan,23,W,900,Digital,0.0,38
morgan,23,W,900,Physical,9262.801,38
morgan,23,W,902,Digital,0.0,39
morgan,23,W,902,Physical,662.87,13
morgan,23,W,913,Digital,0.0,326
morgan,23,W,913,Physical,5648.65,234
morgan,23,W,924,Digital,0.0,128
morgan,23,W,924,Physical,6339.76,87
morgan,23,W,930,Digital,0.0,22
morgan,23,W,930,Physical,3660.23,107
morgan,23,W,957,Physical,2289.5498,29
morgan,24,A,11,Digital,0.0,175
morgan,24,A,11,Physical,35554.75,175
morgan,24,A,132,Digital,0.0,293
morgan,24,A,132,Physical,15976.891,587
morgan,24,A,137,Physical,312.14,6
morgan,24,A,140,Digital,910.0,40
morgan,24,A,154,Digital,0.0,807
morgan,24,A,154,Physical,19182.799,218
morgan,24,A,165,Digital,0.0,65
morgan,24,A,165,Physical,31977.77,170
morgan,24,A,187,Digital,0.0,132
morgan,24,A,187,Physical,18748.95,192
morgan,24,A,198,Digital,17874.34,151
morgan,24,A,198,Physical,8360.0,38
morgan,24,A,211,Digital,0.0,305
morgan,24,A,211,Physical,15905.77,146
morgan,24,A,231,Digital,0.0,18
morgan,24,A,231,Physical,1210.5599,6
morgan,24,A,264,Digital,0.0,302
morgan,24,A,264,Physical,2762.22,114
morgan,24,A,297,Digital,0.0,70
morgan,24,A,297,Physical,9560.859,104
morgan,24,A,319,Digital,0.0,178
morgan,24,A,319,Physical,36641.35,178
morgan,24,A,33,Digital,0.0,1
morgan,24,A,33,Physical,0.0,2
morgan,24,A,396,Digital,4351.65,310
morgan,24,A,396,Physical,3113.92,92
morgan,24,A,451,Digital,0.0,543
morgan,24,A,451,Physical,98590.68,543
morgan,24,A,495,Digital,9249.26,600
morgan,24,A,495,Physical,59229.13,376
morgan,24,A,509,Digital,0.0,463
morgan,24,A,509,Physical,42350.04,332
morgan,24,A,539,Digital,4262.19,157
morgan,24,A,539,Physical,15245.91,63
morgan,24,A,594,Digital,12095.0,82
morgan,24,A,594,Physical,13822.74,82
morgan,24,A,715,Physical,471.24,11
morgan,24,A,726,Digital,0.0,233
morgan,24,A,726,Physical,292.2,21
morgan,24,A,737,Digital,0.0,232
morgan,24,A,737,Physical,17830.58,172
morgan,24,A,759,Digital,8652.74,201
morgan,24,A,792,Digital,11988.78,666
morgan,24,A,792,Physical,35068.85,262
morgan,24,A,814,Digital,0.0,342
morgan,24,A,814,Physical,14590.859,114
morgan,24,A,847,Digital,2014.0,579
morgan,24,A,847,Physical,25812.47,515
morgan,24,A,869,Digital,0.0,48
morgan,24,A,869,Physical,0.0,16
morgan,24,A,88,Digital,0.0,208
morgan,24,A,88,Physical,23072.63,202
morgan,24,A,894,Digital,0.0,159
morgan,24,A,894,Physical,27254.191,159
morgan,24,A,900,Digital,581.32,4
morgan,24,A,913,Digital,0.0,2
morgan,24,A,913,Physical,125.8,4
morgan,24,A,946,Digital,0.0,114
morgan,24,A,946,Physical,5513.0,134
morgan,24,F,10,Physical,0.0,12
morgan,24,F,101,Digital,55377.56,644
morgan,24,F,101,Physical,28429.0,1093
morgan,24,F,11,Digital,3042.0,786
morgan,24,F,11,Physical,142840.6,794
morgan,24,F,110,Physical,0.0,5
morgan,24,F,121,Digital,0.0,612
morgan,24,F,121,Physical,34394.96,289
morgan,24,F,132,Digital,0.0,1367
morgan,24,F,132,Physical,105456.93,2881
morgan,24,F,137,Physical,3901.75,75
morgan,24,F,140,Digital,2184.0,96
morgan,24,F,143,Digital,0.0,503
morgan,24,F,143,Physical,38864.66,245
morgan,24,F,154,Digital,0.0,3022
morgan,24,F,154,Physical,148779.08,1026
morgan,24,F,165,Digital,0.0,1579
morgan,24,F,165,Physical,206545.77,1025
morgan,24,F,174,Digital,0.0,171
morgan,24,F,174,Physical,8917.7705,260
morgan,24,F,187,Digital,0.0,324
morgan,24,F,187,Physical,36935.82,342
morgan,24,F,198,Digital,0.0,755
morgan,24,F,198,Physical,137668.0,970
morgan,24,F,211,Digital,0.0,4295
morgan,24,F,211,Physical,212792.42,2051
morgan,24,F,212,Digital,0.0,186
morgan,24,F,212,Physical,14327.07,160
morgan,24,F,22,Digital,0.0,72
morgan,24,F,22,Physical,4058.0,72
morgan,24,F,231,Digital,0.0,535
morgan,24,F,231,Physical,15725.18,199
morgan,24,F,242,Digital,0.0,1032
morgan,24,F,242,Physical,58547.57,457
morgan,24,F,253,Digital,0.0,64
morgan,24,F,253,Physical,5737.08,71
morgan,24,F,264,Digital,0.0,1058
morgan,24,F,264,Physical,23130.28,1081
morgan,24,F,297,Digital,0.0,245
morgan,24,F,297,Physical,23300.27,408
morgan,24,F,308,Digital,0.0,788
morgan,24,F,308,Physical,21125.7,282
morgan,24,F,319,Digital,0.0,1732
morgan,24,F,319,Physical,295135.62,1627
morgan,24,F,33,Digital,0.0,592
morgan,24,F,33,Physical,21104.1,397
morgan,24,F,330,Digital,5005.4,52
morgan,24,F,341,Digital,0.0,535
morgan,24,F,341,Physical,10357.189,364
morgan,24,F,352,Physical,27870.66,202
morgan,24,F,363,Digital,0.0,14
morgan,24,F,396,Digital,58130.246,4429
morgan,24,F,396,Physical,85232.96,1712
morgan,24,F,407,Digital,0.0,86
morgan,24,F,407,Physical,1941.2,10
morgan,24,F,424,Digital,0.0,14
morgan,24,F,424,Physical,8265.91,86
morgan,24,F,429,Digital,0.0,462
morgan,24,F,429,Physical,2315.64,1108
morgan,24,F,44,Digital,0.0,53
morgan,24,F,44,Physical,3421.44,37
morgan,24,F,440,Digital,0.0,63
morgan,24,F,440,Physical,12751.3,60
morgan,24,F,451,Digital,6778.77,1248
morgan,24,F,451,Physical,440655.7,2780
morgan,24,F,473,Physical,7812.7397,26
morgan,24,F,480,Digital,0.0,7
morgan,24,F,480,Physical,0.0,6
morgan,24,F,484,Digital,0.0,160
morgan,24,F,484,Physical,799.68,96
morgan,24,F,495,Digital,53202.05,3003
morgan,24,F,495,Physical,551699.44,3991
morgan,24,F,500,Digital,0.0,24
morgan,24,F,500,Physical,5856.14,47
morgan,24,F,508,Digital,0.0,271
morgan,24,F,508,Physical,9127.49,105
morgan,24,F,509,Digital,4339.98,1394
morgan,24,F,509,Physical,160430.9,1525
morgan,24,F,528,Digital,0.0,3954
morgan,24,F,528,Physical,132007.11,1318
morgan,24,F,539,Digital,5224.62,514
morgan,24,F,539,Physical,80664.63,415
morgan,24,F,550,Digital,0.0,244
morgan,24,F,550,Physical,8782.82,154
morgan,24,F,561,Digital,0.0,65
morgan,24,F,561,Physical,389.87,39
morgan,24,F,570,Physical,1084.71,22
morgan,24,F,572,Digital,0.0,284
morgan,24,F,572,Physical,34191.07,540
morgan,24,F,583,Digital,0.0,212
morgan,24,F,583,Physical,210874.7,1204
morgan,24,F,594,Digital,99120.0,1237
morgan,24,F,594,Physical,160835.62,867
morgan,24,F,627,Physical,931.92004,12
morgan,24,F,706,Digital,0.0,1
morgan,24,F,706,Physical,0.0,1
morgan,24,F,715,Digital,0.0,51
morgan,24,F,715,Physical,8021.31,256
morgan,24,F,726,Digital,0.0,1269
morgan,24,F,726,Physical,17439.42,320
morgan,24,F,737,Digital,20945.0,1507
morgan,24,F,737,Physical,106176.06,976
morgan,24,F,748,Digital,964.35004,9
morgan,24,F,759,Digital,2422.7,557
morgan,24,F,759,Physical,25289.99,746
morgan,24,F,781,Digital,0.0,7
morgan,24,F,781,Physical,0.0,7
morgan,24,F,792,Digital,149072.88,5232
morgan,24,F,792,Physical,189930.97,1613
morgan,24,F,814,Digital,0.0,935
morgan,24,F,814,Physical,38224.83,348
morgan,24,F,825,Digital,0.0,3
morgan,24,F,825,Physical,0.0,3
morgan,24,F,836,Digital,0.0,85
morgan,24,F,836,Physical,3357.45,69
morgan,24,F,847,Digital,10181.5,783
morgan,24,F,847,Physical,112279.35,1438
morgan,24,F,858,Digital,0.0,270
morgan,24,F,858,Physical,17100.0,90
morgan,24,F,869,Digital,0.0,1485
morgan,24,F,869,Physical,36208.6,671
morgan,24,F,88,Digital,15948.899,2082
morgan,24,F,88,Physical,304153.44,5239
morgan,24,F,880,Physical,7705.6704,31
morgan,24,F,894,Digital,0.0,533
morgan,24,F,894,Physical,52690.082,326
morgan,24,F,900,Digital,5522.54,56
morgan,24,F,900,Physical,3294.2998,18
morgan,24,F,902,Digital,0.0,51
morgan,24,F,902,Physical,866.83,17
morgan,24,F,913,Digital,0.0,324
morgan,24,F,913,Physical,7355.38,219
morgan,24,F,924,Digital,0.0,276
morgan,24,F,924,Physical,14762.34,250
morgan,24,F,930,Digital,0.0,39
morgan,24,F,930,Physical,11262.6,213
morgan,24,F,935,Digital,0.0,15
morgan,24,F,935,Physical,0.0,5
morgan,24,F,946,Digital,0.0,381
morgan,24,F,946,Physical,17854.12,209
morgan,24,F,957,Physical,719.92,8
morgan,24,W,10,Physical,0.0,4
morgan,24,W,101,Digital,9372.91,109
morgan,24,W,11,Digital,0.0,637
morgan,24,W,11,Physical,126144.23,723
morgan,24,W,110,Physical,0.0,5
morgan,24,W,121,Digital,0.0,781
morgan,24,W,121,Physical,49699.36,340
morgan,24,W,132,Digital,0.0,1048
morgan,24,W,132,Physical,82957.33,2189
morgan,24,W,137,Physical,1092.49,21
morgan,24,W,140,Digital,910.0,40
morgan,24,W,143,Digital,0.0,313
morgan,24,W,143,Physical,35565.89,226
morgan,24,W,154,Digital,0.0,2800
morgan,24,W,154,Physical,132259.39,946
morgan,24,W,165,Digital,6166.79,728
morgan,24,W,165,Physical,150874.75,825
morgan,24,W,174,Digital,0.0,111
morgan,24,W,174,Physical,6718.3203,186
morgan,24,W,187,Digital,0.0,436
morgan,24,W,187,Physical,12213.9,131
morgan,24,W,198,Digital,48719.438,1870
morgan,24,W,198,Physical,179471.36,695
morgan,24,W,211,Digital,0.0,2176
morgan,24,W,211,Physical,140285.19,1396
morgan,24,W,212,Digital,0.0,195
morgan,24,W,212,Physical,16980.86,225
morgan,24,W,22,Digital,0.0,101
morgan,24,W,22,Physical,5750.0,101
morgan,24,W,231,Digital,0.0,524
morgan,24,W,231,Physical,14899.399,191
morgan,24,W,242,Digital,0.0,1022
morgan,24,W,242,Physical,70917.55,503
morgan,24,W,253,Digital,0.0,199
morgan,24,W,253,Physical,10474.5,102
morgan,24,W,264,Digital,0.0,2086
morgan,24,W,264,Physical,185837.78,5329
morgan,24,W,297,Digital,0.0,436
morgan,24,W,297,Physical,50013.25,534
morgan,24,W,308,Digital,0.0,990
morgan,24,W,308,Physical,37813.38,535
morgan,24,W,319,Digital,0.0,2439
morgan,24,W,319,Physical,310719.0,1752
morgan,24,W,33,Digital,0.0,213
morgan,24,W,33,Physical,2981.74,280
morgan,24,W,330,Digital,4688.07,48
morgan,24,W,330,Physical,56.850002,3
morgan,24,W,341,Digital,0.0,772
morgan,24,W,341,Physical,13092.22,529
morgan,24,W,352,Physical,26622.72,170
morgan,24,W,363,Digital,0.0,9
morgan,24,W,396,Digital,48777.45,3067
morgan,24,W,396,Physical,109502.02,1926
morgan,24,W,407,Digital,0.0,65
morgan,24,W,407,Physical,1786.0,14
morgan,24,W,424,Digital,0.0,22
morgan,24,W,424,Physical,4244.95,59
morgan,24,W,429,Digital,0.0,297
morgan,24,W,429,Physical,0.0,511
morgan,24,W,44,Digital,0.0,18
morgan,24,W,44,Physical,432.0,18
morgan,24,W,440,Digital,0.0,131
morgan,24,W,440,Physical,4754.56,46
morgan,24,W,451,Digital,0.0,3847
morgan,24,W,451,Physical,524356.7,3033
morgan,24,W,473,Physical,4807.84,16
morgan,24,W,484,Digital,0.0,70
morgan,24,W,484,Physical,349.86,42
morgan,24,W,495,Digital,27817.86,2517
morgan,24,W,495,Physical,334596.56,2298
morgan,24,W,500,Digital,0.0,40
morgan,24,W,508,Digital,0.0,263
morgan,24,W,508,Physical,8003.79,115
morgan,24,W,509,Digital,0.0,1505
morgan,24,W,509,Physical,172944.55,1364
morgan,24,W,528,Digital,0.0,2799
morgan,24,W,528,Physical,82642.26,933
morgan,24,W,539,Digital,4812.1504,336
morgan,24,W,539,Physical,44330.69,263
morgan,24,W,550,Digital,0.0,226
morgan,24,W,550,Physical,10316.04,203
morgan,24,W,570,Digital,0.0,1
morgan,24,W,570,Physical,0.0,29
morgan,24,W,572,Digital,0.0,177
morgan,24,W,572,Physical,17282.35,358
morgan,24,W,583,Digital,0.0,69
morgan,24,W,583,Physical,71552.68,362
morgan,24,W,594,Digital,79355.0,918
morgan,24,W,594,Physical,176627.95,1187
morgan,24,W,600,Digital,0.0,87
morgan,24,W,600,Physical,3219.0,87
morgan,24,W,627,Physical,12969.221,167
morgan,24,W,638,Physical,5358.54,69
morgan,24,W,649,Physical,1863.8401,24
morgan,24,W,660,Physical,3028.7402,39
morgan,24,W,671,Physical,6445.7803,83
morgan,24,W,682,Physical,3572.36,46
morgan,24,W,70,Digital,0.0,8
morgan,24,W,70,Physical,153.9,2
morgan,24,W,704,Physical,698.94006,9
morgan,24,W,715,Digital,0.0,129
morgan,24,W,715,Physical,11063.01,329
morgan,24,W,726,Digital,0.0,1719
morgan,24,W,726,Physical,26863.9,883
morgan,24,W,737,Digital,30237.5,2087
morgan,24,W,737,Physical,144740.89,1354
morgan,24,W,759,Digital,8002.12,847
morgan,24,W,759,Physical,32298.34,533
morgan,24,W,781,Digital,0.0,11
morgan,24,W,781,Physical,0.0,8
morgan,24,W,792,Digital,43688.61,3348
morgan,24,W,792,Physical,238169.22,1947
morgan,24,W,814,Digital,0.0,363
morgan,24,W,814,Physical,16054.9795,390
morgan,24,W,825,Digital,0.0,1
morgan,24,W,825,Physical,34.8,1
morgan,24,W,836,Digital,0.0,81
morgan,24,W,836,Physical,3159.12,56
morgan,24,W,847,Digital,3392.0,632
morgan,24,W,847,Physical,67422.62,1175
morgan,24,W,858,Digital,0.0,264
morgan,24,W,858,Physical,31680.0,176
morgan,24,W,869,Digital,0.0,1558
morgan,24,W,869,Physical,31567.86,732
morgan,24,W,88,Digital,8466.7,2073
morgan,24,W,88,Physical,333471.62,4136
morgan,24,W,880,Physical,8699.95,35
morgan,24,W,894,Digital,0.0,431
morgan,24,W,894,Physical,59151.03,354
morgan,24,W,900,Digital,0.0,44
morgan,24,W,900,Physical,10714.221,44
morgan,24,W,902,Digital,0.0,21
morgan,24,W,902,Physical,356.93002,7
morgan,24,W,913,Digital,188.91,254
morgan,24,W,913,Physical,5693.15,170
morgan,24,W,924,Digital,0.0,149
morgan,24,W,924,Physical,2390.52,95
morgan,24,W,930,Digital,0.0,12
morgan,24,W,930,Physical,7906.3,155
morgan,24,W,946,Digital,0.0,386
morgan,24,W,946,Physical,10881.2705,332
morgan,24,W,957,Physical,2131.65,27
niagara,22,A,10,Digital,0.0,23
niagara,22,A,10,Physical,6549.48,30
niagara,22,A,110,Digital,0.0,70
niagara,22,A,110,Physical,1238.9,50
niagara,22,A,115,Physical,0.0,2
niagara,22,A,140,Physical,8220.43,56
niagara,22,A,162,Physical,10097.66,158
niagara,22,A,166,Physical,125.0,1
niagara,22,A,20,Physical,3737.1501,49
niagara,22,A,240,Physical,1937.14,18
niagara,22,A,365,Physical,514.45,3
niagara,22,A,390,Physical,9362.1,99
niagara,22,A,410,Digital,412.5,3
niagara,22,A,410,Physical,4753.86,53
niagara,22,A,430,Physical,344.12,2
niagara,22,A,440,Physical,2812.78,21
niagara,22,A,450,Physical,4575.62,246
niagara,22,A,460,Physical,1931.02,16
niagara,22,A,483,Physical,2388.24,33
niagara,22,A,535,Physical,1073.07,13
niagara,22,A,540,Physical,588.7,14
niagara,22,A,60,Digital,0.0,6
niagara,22,A,60,Physical,3942.4302,23
niagara,22,A,62,Physical,667.97003,11
niagara,22,A,70,Physical,7059.85,69
niagara,22,A,74,Physical,541.04004,5
niagara,22,A,77,Physical,120.0,3
niagara,22,A,80,Physical,3155.1099,29
niagara,22,A,90,Digital,3023.6099,74
niagara,22,A,90,Physical,44796.04,744
niagara,22,F,10,Digital,0.0,48
niagara,22,F,10,Physical,89281.61,482
niagara,22,F,11,Physical,11022.15,124
niagara,22,F,110,Physical,28006.35,1189
niagara,22,F,115,Physical,5096.8003,112
niagara,22,F,12,Physical,5257.3,84
niagara,22,F,120,Physical,9133.9795,103
niagara,22,F,130,Physical,3581.35,69
niagara,22,F,14,Physical,580.6,21
niagara,22,F,140,Digital,191.88,2
niagara,22,F,140,Physical,43974.38,292
niagara,22,F,15,Physical,1408.0,16
niagara,22,F,150,Physical,14247.51,91
niagara,22,F,160,Physical,3111.84,24
niagara,22,F,162,Physical,28094.5,664
niagara,22,F,165,Physical,544.0,17
niagara,22,F,166,Digital,0.0,26
niagara,22,F,166,Physical,10124.12,331
niagara,22,F,167,Physical,780.0,5
niagara,22,F,168,Physical,3114.3,210
niagara,22,F,170,Physical,9025.83,37
niagara,22,F,180,Physical,2459.55,50
niagara,22,F,183,Physical,459.94998,5
niagara,22,F,185,Physical,1739.42,34
niagara,22,F,20,Physical,121277.83,1078
niagara,22,F,220,Physical,12539.42,142
niagara,22,F,230,Physical,10002.721,78
niagara,22,F,240,Digital,32687.35,252
niagara,22,F,240,Physical,53197.47,642
niagara,22,F,360,Digital,3351.0,36
niagara,22,F,360,Physical,92360.0,784
niagara,22,F,365,Physical,6915.1997,69
niagara,22,F,380,Digital,11017.2295,96
niagara,22,F,380,Physical,45094.832,437
niagara,22,F,385,Physical,330.0,3
niagara,22,F,386,Physical,9926.97,299
niagara,22,F,390,Physical,117115.59,764
niagara,22,F,40,Physical,50580.32,350
niagara,22,F,410,Digital,5362.5,39
niagara,22,F,410,Physical,40965.18,843
niagara,22,F,420,Digital,0.0,43
niagara,22,F,420,Physical,0.0,43
niagara,22,F,430,Physical,54313.49,365
niagara,22,F,440,Digital,0.0,31
niagara,22,F,440,Physical,79456.36,416
niagara,22,F,450,Physical,69430.56,2692
niagara,22,F,460,Physical,15372.08,274
niagara,22,F,470,Digital,3733.75,29
niagara,22,F,470,Physical,45346.797,360
niagara,22,F,480,Physical,6524.25,75
niagara,22,F,483,Physical,37227.25,352
niagara,22,F,487,Physical,4596.6304,17
niagara,22,F,490,Physical,24284.7,216
niagara,22,F,50,Physical,3461.96,61
niagara,22,F,510,Physical,11366.82,244
niagara,22,F,520,Physical,3686.22,40
niagara,22,F,535,Physical,2699.73,27
niagara,22,F,540,Physical,24386.951,406
niagara,22,F,60,Digital,1307.25,132
niagara,22,F,60,Physical,19134.2,171
niagara,22,F,62,Physical,5222.77,141
niagara,22,F,70,Physical,125394.9,1165
niagara,22,F,74,Digital,0.0,2
niagara,22,F,74,Physical,12591.82,161
niagara,22,F,75,Physical,4457.3,106
niagara,22,F,77,Physical,907.75,22
niagara,22,F,80,Digital,2250.0,15
niagara,22,F,80,Physical,73453.74,572
niagara,22,F,90,Digital,10394.62,170
niagara,22,F,90,Physical,192814.98,2903
niagara,22,W,10,Physical,42475.38,466
niagara,22,W,11,Physical,1807.35,58
niagara,22,W,110,Physical,35257.43,1341
niagara,22,W,115,Physical,3479.6301,197
niagara,22,W,12,Physical,6018.01,82
niagara,22,W,120,Physical,4853.0,20
niagara,22,W,130,Physical,3384.91,52
niagara,22,W,14,Physical,495.85,19
niagara,22,W,140,Physical,49029.13,283
niagara,22,W,15,Physical,20753.28,216
niagara,22,W,150,Physical,4281.8,36
niagara,22,W,160,Physical,1426.26,11
niagara,22,W,162,Digital,0.0,41
niagara,22,W,162,Physical,45966.0,1017
niagara,22,W,166,Physical,6089.52,156
niagara,22,W,167,Physical,1302.0,14
niagara,22,W,168,Physical,1275.78,12
niagara,22,W,170,Physical,1671.4501,5
niagara,22,W,180,Physical,2595.43,50
niagara,22,W,183,Physical,827.91,9
niagara,22,W,185,Physical,623.75,25
niagara,22,W,190,Physical,1473.72,12
niagara,22,W,20,Physical,94298.15,1148
niagara,22,W,220,Physical,12561.97,83
niagara,22,W,230,Physical,1410.64,11
niagara,22,W,240,Digital,0.0,8
niagara,22,W,240,Physical,74964.43,603
niagara,22,W,360,Digital,1094.39,18
niagara,22,W,360,Physical,99288.64,690
niagara,22,W,365,Physical,13153.07,110
niagara,22,W,380,Physical,51372.29,474
niagara,22,W,385,Physical,656.0,8
niagara,22,W,390,Physical,75105.83,440
niagara,22,W,40,Physical,37883.81,286
niagara,22,W,410,Digital,0.0,82
niagara,22,W,410,Physical,59064.152,1610
niagara,22,W,420,Physical,8985.2,73
niagara,22,W,430,Physical,35419.89,259
niagara,22,W,440,Digital,0.0,20
niagara,22,W,440,Physical,79106.01,419
niagara,22,W,450,Physical,70192.0,2499
niagara,22,W,460,Digital,0.0,56
niagara,22,W,460,Physical,15326.61,380
niagara,22,W,470,Physical,11913.31,85
niagara,22,W,480,Physical,5306.3896,61
niagara,22,W,483,Physical,28957.969,305
niagara,22,W,487,Physical,2471.04,9
niagara,22,W,490,Physical,20050.98,272
niagara,22,W,50,Physical,3715.94,65
niagara,22,W,510,Physical,9830.23,265
niagara,22,W,520,Physical,3907.81,38
niagara,22,W,535,Physical,4448.58,117
niagara,22,W,540,Physical,29353.48,457
niagara,22,W,60,Physical,64828.223,447
niagara,22,W,62,Physical,5821.76,182
niagara,22,W,70,Physical,81329.05,892
niagara,22,W,74,Physical,11199.14,106
niagara,22,W,77,Physical,2322.58,52
niagara,22,W,80,Physical,67110.39,498
niagara,22,W,90,Digital,3872.26,294
niagara,22,W,90,Physical,154414.8,2216
niagara,23,A,10,Digital,3266.7,70
niagara,23,A,10,Physical,0.0,31
niagara,23,A,110,Digital,0.0,1
niagara,23,A,110,Physical,868.29004,36
niagara,23,A,115,Physical,332.40002,5
niagara,23,A,140,Physical,3890.3398,33
niagara,23,A,162,Physical,14840.71,190
niagara,23,A,20,Digital,2681.98,14
niagara,23,A,20,Physical,983.2,30
niagara,23,A,240,Digital,4292.06,77
niagara,23,A,240,Physical,797.16003,40
niagara,23,A,360,Digital,429.0,11
niagara,23,A,360,Physical,0.0,7
niagara,23,A,365,Physical,759.85,4
niagara,23,A,388,Physical,5122.72,32
niagara,23,A,390,Physical,4449.94,25
niagara,23,A,410,Physical,7397.48,79
niagara,23,A,440,Digital,2392.3801,21
niagara,23,A,440,Physical,1144.99,8
niagara,23,A,450,Physical,6779.65,231
niagara,23,A,470,Physical,249.65,2
niagara,23,A,483,Physical,5184.49,34
niagara,23,A,535,Physical,1375.6,24
niagara,23,A,540,Physical,1301.24,26
niagara,23,A,60,Physical,2896.45,17
niagara,23,A,70,Physical,8488.7,59
niagara,23,A,74,Digital,0.0,1
niagara,23,A,74,Physical,0.0,4
niagara,23,A,80,Digital,1581.7999,10
niagara,23,A,80,Physical,3840.95,23
niagara,23,A,90,Digital,10529.4795,199
niagara,23,A,90,Physical,50045.51,779
niagara,23,F,10,Digital,60294.21,413
niagara,23,F,10,Physical,3240.79,135
niagara,23,F,11,Digital,0.0,13
niagara,23,F,11,Physical,844.87,26
niagara,23,F,110,Physical,24912.1,900
niagara,23,F,115,Digital,10874.4,60
niagara,23,F,115,Physical,3767.2002,34
niagara,23,F,12,Physical,3802.55,67
niagara,23,F,120,Physical,7591.64,55
niagara,23,F,130,Physical,4164.27,53
niagara,23,F,140,Digital,13973.63,105
niagara,23,F,140,Physical,24900.4,158
niagara,23,F,15,Physical,2470.0,25
niagara,23,F,150,Physical,2558.7,26
niagara,23,F,160,Physical,2982.1802,23
niagara,23,F,162,Physical,34672.11,826
niagara,23,F,165,Physical,9005.99,341
niagara,23,F,168,Physical,1651.44,140
niagara,23,F,170,Physical,3683.07,54
niagara,23,F,180,Physical,335.91,6
niagara,23,F,183,Physical,1195.87,13
niagara,23,F,185,Physical,1196.79,21
niagara,23,F,20,Digital,42697.043,336
niagara,23,F,20,Physical,74808.11,914
niagara,23,F,220,Digital,5550.0,30
niagara,23,F,220,Physical,1371.36,48
niagara,23,F,230,Physical,9746.24,76
niagara,23,F,240,Digital,54093.38,653
niagara,23,F,240,Physical,13823.83,162
niagara,23,F,360,Digital,6431.88,116
niagara,23,F,360,Physical,56560.29,829
niagara,23,F,362,Physical,45094.688,338
niagara,23,F,365,Digital,0.0,2
niagara,23,F,365,Physical,5579.14,75
niagara,23,F,380,Digital,9548.86,120
niagara,23,F,380,Physical,35303.223,298
niagara,23,F,385,Physical,0.0,18
niagara,23,F,388,Physical,58081.043,248
niagara,23,F,390,Physical,52856.59,297
niagara,23,F,40,Physical,87184.88,533
niagara,23,F,410,Physical,51199.0,1192
niagara,23,F,420,Digital,0.0,50
niagara,23,F,430,Digital,0.0,36
niagara,23,F,430,Physical,43305.73,301
niagara,23,F,440,Digital,3955.5999,58
niagara,23,F,440,Physical,86663.2,450
niagara,23,F,450,Digital,5375.3,98
niagara,23,F,450,Physical,84502.45,3176
niagara,23,F,460,Digital,3173.1,35
niagara,23,F,460,Physical,15022.28,237
niagara,23,F,470,Digital,7210.0,65
niagara,23,F,470,Physical,9260.95,195
niagara,23,F,480,Physical,5132.4097,59
niagara,23,F,483,Digital,1880.0,40
niagara,23,F,483,Physical,39295.26,363
niagara,23,F,487,Physical,3244.6802,12
niagara,23,F,490,Digital,2018.75,17
niagara,23,F,490,Physical,20385.34,145
niagara,23,F,50,Physical,2602.7,51
niagara,23,F,510,Physical,7705.87,139
niagara,23,F,520,Physical,5457.5,89
niagara,23,F,530,Physical,23415.69,691
niagara,23,F,535,Physical,2674.75,25
niagara,23,F,540,Physical,20836.72,422
niagara,23,F,60,Digital,1992.0,90
niagara,23,F,60,Physical,56756.75,398
niagara,23,F,62,Physical,6448.54,127
niagara,23,F,70,Digital,3920.1,44
niagara,23,F,70,Physical,116126.62,1168
niagara,23,F,74,Digital,4478.71,176
niagara,23,F,74,Physical,4839.72,113
niagara,23,F,75,Physical,4961.9,118
niagara,23,F,77,Physical,647.46,18
niagara,23,F,78,Physical,2067.38,28
niagara,23,F,80,Digital,45534.77,290
niagara,23,F,80,Physical,16673.41,358
niagara,23,F,90,Digital,15034.97,291
niagara,23,F,90,Physical,216894.47,3953
niagara,23,W,10,Digital,3650.4001,192
niagara,23,W,10,Physical,9287.42,326
niagara,23,W,11,Digital,630.0,40
niagara,23,W,11,Physical,6052.37,61
niagara,23,W,110,Digital,0.0,7
niagara,23,W,110,Physical,27838.01,1107
niagara,23,W,115,Physical,1494.55,51
niagara,23,W,12,Physical,4478.96,49
niagara,23,W,120,Physical,6551.55,27
niagara,23,W,130,Physical,3717.7,49
niagara,23,W,14,Physical,623.65,23
niagara,23,W,140,Digital,13431.601,70
niagara,23,W,140,Physical,33877.008,201
niagara,23,W,15,Physical,2904.0,33
niagara,23,W,150,Physical,9191.9795,37
niagara,23,W,155,Physical,4282.6,56
niagara,23,W,160,Physical,259.32,2
niagara,23,W,162,Physical,48880.492,963
niagara,23,W,165,Digital,0.0,24
niagara,23,W,165,Physical,7712.3,223
niagara,23,W,167,Physical,80.0,2
niagara,23,W,168,Physical,850.52,8
niagara,23,W,170,Physical,2340.03,15
niagara,23,W,180,Physical,1894.67,39
niagara,23,W,183,Physical,275.97,3
niagara,23,W,185,Physical,573.85004,23
niagara,23,W,20,Digital,22605.262,163
niagara,23,W,20,Physical,61248.34,797
niagara,23,W,220,Physical,7941.03,91
niagara,23,W,230,Physical,1282.4,10
niagara,23,W,240,Digital,47963.56,437
niagara,23,W,240,Physical,8690.65,226
niagara,23,W,360,Digital,14117.939,150
niagara,23,W,360,Physical,64853.41,457
niagara,23,W,365,Physical,8964.88,81
niagara,23,W,380,Digital,3797.5,31
niagara,23,W,380,Physical,44387.633,267
niagara,23,W,385,Physical,1066.0,13
niagara,23,W,386,Physical,1085.7,10
niagara,23,W,390,Digital,0.0,12
niagara,23,W,390,Physical,37943.69,308
niagara,23,W,40,Physical,31846.75,221
niagara,23,W,410,Physical,49725.57,1665
niagara,23,W,420,Digital,0.0,15
niagara,23,W,420,Physical,0.0,36
niagara,23,W,430,Physical,26760.01,187
niagara,23,W,440,Digital,3190.0,25
niagara,23,W,440,Physical,38909.51,363
niagara,23,W,450,Physical,68873.46,2950
niagara,23,W,460,Physical,15327.19,337
niagara,23,W,470,Digital,1030.0,8
niagara,23,W,470,Physical,16559.35,105
niagara,23,W,480,Physical,5828.33,67
niagara,23,W,483,Physical,34599.668,326
niagara,23,W,487,Physical,2471.04,9
niagara,23,W,490,Physical,16524.56,290
niagara,23,W,50,Physical,4455.33,79
niagara,23,W,510,Physical,6761.49,259
niagara,23,W,520,Physical,2557.6,29
niagara,23,W,535,Physical,4586.78,107
niagara,23,W,540,Physical,21460.74,309
niagara,23,W,60,Digital,2950.0,20
niagara,23,W,60,Physical,43182.38,294
niagara,23,W,62,Physical,2651.1602,102
niagara,23,W,70,Digital,3263.7603,36
niagara,23,W,70,Physical,70835.52,873
niagara,23,W,74,Digital,1271.52,75
niagara,23,W,74,Physical,4418.4897,75
niagara,23,W,77,Physical,1345.37,24
niagara,23,W,78,Physical,288.0,4
niagara,23,W,80,Digital,12531.78,81
niagara,23,W,80,Physical,50435.81,485
niagara,23,W,90,Digital,4229.78,254
niagara,23,W,90,Physical,160392.73,2499
niagara,24,A,10,Digital,2162.82,49
niagara,24,A,10,Physical,2228.4,21
niagara,24,A,11,Digital,657.0,9
niagara,24,A,110,Digital,0.0,36
niagara,24,A,110,Physical,2121.48,23
niagara,24,A,115,Digital,274.98,2
niagara,24,A,115,Physical,110.8,1
niagara,24,A,12,Digital,0.0,48
niagara,24,A,12,Physical,207.84,16
niagara,24,A,130,Digital,0.0,12
niagara,24,A,130,Physical,51.96,4
niagara,24,A,140,Digital,4627.6,36
niagara,24,A,140,Physical,3516.0298,15
niagara,24,A,162,Digital,0.0,158
niagara,24,A,162,Physical,14329.91,203
niagara,24,A,20,Digital,3315.35,25
niagara,24,A,20,Physical,1623.8,30
niagara,24,A,240,Digital,7057.1797,75
niagara,24,A,360,Digital,0.0,23
niagara,24,A,360,Physical,1212.54,9
niagara,24,A,362,Digital,1079.88,685
niagara,24,A,362,Physical,27934.62,294
niagara,24,A,365,Digital,0.0,8
niagara,24,A,365,Physical,558.8,3
niagara,24,A,388,Digital,0.0,15
niagara,24,A,388,Physical,26678.74,190
niagara,24,A,390,Physical,1131.35,5
niagara,24,A,410,Digital,0.0,165
niagara,24,A,410,Physical,6127.61,124
niagara,24,A,440,Digital,217.20001,48
niagara,24,A,440,Physical,184.08,27
niagara,24,A,450,Digital,0.0,64
niagara,24,A,450,Physical,5905.72,252
niagara,24,A,460,Digital,90.66,1
niagara,24,A,460,Physical,400.0,4
niagara,24,A,483,Digital,0.0,24
niagara,24,A,483,Physical,1569.8099,15
niagara,24,A,535,Digital,0.0,4
niagara,24,A,535,Physical,445.94,6
niagara,24,A,540,Digital,0.0,46
niagara,24,A,540,Physical,1708.67,23
niagara,24,A,60,Digital,0.0,41
niagara,24,A,60,Physical,414.28,2
niagara,24,A,62,Digital,756.0,15
niagara,24,A,62,Physical,25.0,1
niagara,24,A,70,Digital,0.0,134
niagara,24,A,70,Physical,6262.24,51
niagara,24,A,74,Digital,1243.18,36
niagara,24,A,80,Digital,1581.7999,43
niagara,24,A,80,Physical,2860.0,21
niagara,24,A,90,Digital,45464.758,1504
niagara,24,A,90,Physical,36517.78,598
niagara,24,F,10,Digital,61012.69,558
niagara,24,F,10,Physical,5012.75,131
niagara,24,F,11,Digital,1387.72,129
niagara,24,F,11,Physical,2844.91,38
niagara,24,F,110,Digital,0.0,668
niagara,24,F,110,Physical,26070.49,957
niagara,24,F,115,Digital,11599.36,64
niagara,24,F,115,Physical,2880.8,26
niagara,24,F,12,Digital,0.0,155
niagara,24,F,12,Physical,8577.25,78
niagara,24,F,120,Digital,2503.5,50
niagara,24,F,120,Physical,6993.8,34
niagara,24,F,130,Digital,0.0,167
niagara,24,F,130,Physical,8946.16,87
niagara,24,F,14,Digital,0.0,16
niagara,24,F,14,Physical,400.0,16
niagara,24,F,140,Digital,21852.42,294
niagara,24,F,140,Physical,9453.05,89
niagara,24,F,15,Digital,0.0,27
niagara,24,F,15,Physical,2568.8,26
niagara,24,F,150,Digital,0.0,27
niagara,24,F,150,Physical,20600.08,133
niagara,24,F,160,Digital,0.0,44
niagara,24,F,160,Physical,2852.52,22
niagara,24,F,162,Digital,0.0,1904
niagara,24,F,162,Physical,41508.61,1226
niagara,24,F,165,Digital,0.0,548
niagara,24,F,165,Physical,4583.66,255
niagara,24,F,167,Digital,0.0,30
niagara,24,F,167,Physical,1055.9401,12
niagara,24,F,168,Digital,0.0,117
niagara,24,F,168,Physical,2300.22,195
niagara,24,F,170,Physical,4531.2,64
niagara,24,F,180,Physical,2153.8298,29
niagara,24,F,183,Digital,0.0,27
niagara,24,F,183,Physical,827.91,9
niagara,24,F,185,Digital,0.0,72
niagara,24,F,185,Physical,1367.76,24
niagara,24,F,20,Digital,28513.291,1280
niagara,24,F,20,Physical,96036.58,996
niagara,24,F,220,Digital,4810.0,26
niagara,24,F,220,Physical,7034.7803,74
niagara,24,F,230,Physical,6796.72,53
niagara,24,F,240,Digital,58250.39,763
niagara,24,F,240,Physical,6518.7,92
niagara,24,F,360,Digital,33453.93,1180
niagara,24,F,360,Physical,38613.438,708
niagara,24,F,362,Digital,0.0,165
niagara,24,F,362,Physical,8602.92,83
niagara,24,F,365,Digital,0.0,30
niagara,24,F,365,Physical,4269.12,49
niagara,24,F,380,Digital,2089.78,396
niagara,24,F,380,Physical,25898.57,326
niagara,24,F,385,Digital,0.0,10
niagara,24,F,385,Physical,550.0,5
niagara,24,F,388,Digital,899.75006,90
niagara,24,F,388,Physical,37546.87,275
niagara,24,F,390,Digital,0.0,126
niagara,24,F,390,Physical,44847.79,300
niagara,24,F,40,Digital,10305.28,754
niagara,24,F,40,Physical,76947.9,479
niagara,24,F,410,Digital,0.0,1596
niagara,24,F,410,Physical,63799.75,1715
niagara,24,F,420,Digital,0.0,59
niagara,24,F,430,Digital,6865.74,470
niagara,24,F,430,Physical,37996.43,192
niagara,24,F,440,Digital,132.91,1108
niagara,24,F,440,Physical,51814.49,467
niagara,24,F,450,Digital,0.0,3350
niagara,24,F,450,Physical,95208.7,3406
niagara,24,F,460,Digital,0.0,334
niagara,24,F,460,Physical,13614.78,211
niagara,24,F,470,Digital,386.25,33
niagara,24,F,470,Physical,53786.47,309
niagara,24,F,480,Digital,0.0,384
niagara,24,F,480,Physical,6959.1997,224
niagara,24,F,483,Digital,2021.0,321
niagara,24,F,483,Physical,26487.63,263
niagara,24,F,487,Digital,0.0,60
niagara,24,F,487,Physical,5407.8003,20
niagara,24,F,490,Digital,6293.75,351
niagara,24,F,490,Physical,17429.23,143
niagara,24,F,510,Digital,0.0,202
niagara,24,F,510,Physical,8725.3,194
niagara,24,F,520,Digital,0.0,102
niagara,24,F,520,Physical,9610.9,104
niagara,24,F,530,Digital,0.0,410
niagara,24,F,530,Physical,20577.5,602
niagara,24,F,535,Physical,2567.76,24
niagara,24,F,540,Digital,2177.34,286
niagara,24,F,540,Physical,15825.41,364
niagara,24,F,60,Digital,1618.5,608
niagara,24,F,60,Physical,24490.08,158
niagara,24,F,62,Digital,2774.0,129
niagara,24,F,62,Physical,10525.24,52
niagara,24,F,70,Digital,3847.9702,2354
niagara,24,F,70,Physical,110683.45,1114
niagara,24,F,74,Digital,15722.77,402
niagara,24,F,74,Physical,8760.5205,214
niagara,24,F,77,Digital,0.0,4
niagara,24,F,77,Physical,4054.09,54
niagara,24,F,78,Digital,0.0,23
niagara,24,F,78,Physical,728.41,23
niagara,24,F,80,Digital,52709.758,581
niagara,24,F,80,Physical,8052.2397,187
niagara,24,F,90,Digital,89366.49,4216
niagara,24,F,90,Physical,122188.34,2153
niagara,24,W,10,Digital,21347.06,500
niagara,24,W,10,Physical,5406.87,249
niagara,24,W,11,Digital,4460.0,60
niagara,24,W,11,Physical,759.5,30
niagara,24,W,110,Digital,0.0,1132
niagara,24,W,110,Physical,27539.79,880
niagara,24,W,115,Digital,3987.28,39
niagara,24,W,115,Physical,2460.75,51
niagara,24,W,12,Digital,0.0,83
niagara,24,W,12,Physical,7152.6,51
niagara,24,W,120,Digital,0.0,44
niagara,24,W,120,Physical,5338.3,22
niagara,24,W,130,Digital,0.0,95
niagara,24,W,130,Physical,8485.7295,58
niagara,24,W,14,Digital,0.0,17
niagara,24,W,14,Physical,712.55,26
niagara,24,W,140,Digital,20354.73,118
niagara,24,W,140,Physical,22333.85,155
niagara,24,W,15,Digital,0.0,90
niagara,24,W,15,Physical,2964.0,30
niagara,24,W,150,Digital,2315.97,9
niagara,24,W,150,Physical,4822.21,29
niagara,24,W,155,Digital,0.0,140
niagara,24,W,155,Physical,2220.0,40
niagara,24,W,160,Digital,0.0,8
niagara,24,W,160,Physical,518.64,4
niagara,24,W,162,Digital,0.0,1155
niagara,24,W,162,Physical,44822.25,946
niagara,24,W,165,Digital,0.0,356
niagara,24,W,165,Physical,14623.21,206
niagara,24,W,167,Digital,0.0,50
niagara,24,W,167,Physical,1779.9,20
niagara,24,W,168,Digital,0.0,18
niagara,24,W,168,Physical,637.89,6
niagara,24,W,170,Physical,963.0,14
niagara,24,W,180,Physical,1567.58,28
niagara,24,W,183,Digital,0.0,57
niagara,24,W,183,Physical,1747.8099,19
niagara,24,W,185,Physical,748.5,30
niagara,24,W,20,Digital,27390.97,964
niagara,24,W,20,Physical,54202.45,797
niagara,24,W,220,Digital,4625.0,43
niagara,24,W,220,Physical,3220.01,83
niagara,24,W,230,Physical,769.44006,6
niagara,24,W,240,Digital,58107.8,581
niagara,24,W,240,Physical,4238.87,59
niagara,24,W,360,Digital,9613.01,1072
niagara,24,W,360,Physical,53021.36,693
niagara,24,W,362,Digital,0.0,530
niagara,24,W,362,Physical,31802.83,221
niagara,24,W,365,Digital,0.0,63
niagara,24,W,365,Physical,4731.21,63
niagara,24,W,380,Digital,5682.25,289
niagara,24,W,380,Physical,49736.82,316
niagara,24,W,385,Digital,0.0,14
niagara,24,W,385,Physical,574.0,7
niagara,24,W,388,Digital,0.0,22
niagara,24,W,388,Physical,28125.16,215
niagara,24,W,390,Digital,0.0,12
niagara,24,W,390,Physical,30025.34,134
niagara,24,W,40,Digital,5099.52,570
niagara,24,W,40,Physical,32373.43,266
niagara,24,W,410,Digital,0.0,1600
niagara,24,W,410,Physical,45431.098,1564
niagara,24,W,420,Digital,1919.7899,21
niagara,24,W,430,Digital,1076.4,385
niagara,24,W,430,Physical,23923.43,244
niagara,24,W,440,Digital,6379.68,569
niagara,24,W,440,Physical,60890.27,360
niagara,24,W,450,Digital,4771.9497,2391
niagara,24,W,450,Physical,83422.4,2959
niagara,24,W,460,Digital,2836.6401,584
niagara,24,W,460,Physical,14755.12,318
niagara,24,W,470,Digital,3991.25,85
niagara,24,W,470,Physical,12396.32,117
niagara,24,W,480,Digital,0.0,165
niagara,24,W,480,Physical,4784.4497,55
niagara,24,W,483,Digital,0.0,270
niagara,24,W,483,Physical,44626.68,437
niagara,24,W,487,Physical,3843.8398,14
niagara,24,W,490,Digital,2968.75,519
niagara,24,W,490,Physical,12252.28,248
niagara,24,W,510,Digital,0.0,257
niagara,24,W,510,Physical,8893.84,354
niagara,24,W,520,Digital,0.0,42
niagara,24,W,520,Physical,3654.82,46
niagara,24,W,530,Digital,0.0,65
niagara,24,W,530,Physical,1002.98,48
niagara,24,W,535,Digital,0.0,56
niagara,24,W,535,Physical,5240.4697,129
niagara,24,W,540,Digital,0.0,374
niagara,24,W,540,Physical,16852.871,294
niagara,24,W,60,Digital,2655.0,382
niagara,24,W,60,Physical,57379.97,364
niagara,24,W,62,Digital,0.0,148
niagara,24,W,62,Physical,9038.33,107
niagara,24,W,70,Digital,0.0,1903
niagara,24,W,70,Physical,92278.03,826
niagara,24,W,74,Digital,5810.08,235
niagara,24,W,74,Physical,768.9,39
niagara,24,W,77,Digital,0.0,66
niagara,24,W,77,Physical,2097.94,43
niagara,24,W,80,Digital,42126.84,393
niagara,24,W,80,Physical,18246.42,339
niagara,24,W,90,Digital,65131.02,4321
niagara,24,W,90,Physical,131552.27,2138
nicholls,22,A,10,Digital,0.0,86
nicholls,22,A,10,Physical,15788.65,86
nicholls,22,A,100,Digital,0.0,67
nicholls,22,A,100,Physical,4825.6,41
nicholls,22,A,101,Digital,0.0,51
nicholls,22,A,101,Physical,0.0,45
nicholls,22,A,105,Digital,0.0,9
nicholls,22,A,105,Physical,2526.9302,27
nicholls,22,A,115,Digital,0.0,38
nicholls,22,A,115,Physical,0.0,27
nicholls,22,A,120,Digital,0.0,33
nicholls,22,A,120,Physical,0.0,21
nicholls,22,A,145,Digital,0.0,258
nicholls,22,A,145,Physical,10275.609,380
nicholls,22,A,155,Digital,7218.75,101
nicholls,22,A,155,Physical,15745.76,92
nicholls,22,A,185,Digital,0.0,40
nicholls,22,A,185,Physical,1004.24994,15
nicholls,22,A,195,Digital,0.0,119
nicholls,22,A,195,Physical,1307.3,51
nicholls,22,A,20,Physical,11620.08,82
nicholls,22,A,205,Physical,8702.86,94
nicholls,22,A,210,Digital,0.0,137
nicholls,22,A,210,Physical,4402.57,61
nicholls,22,A,215,Physical,162.0,9
nicholls,22,A,245,Digital,0.0,36
nicholls,22,A,245,Physical,12355.02,38
nicholls,22,A,255,Digital,1876.25,87
nicholls,22,A,255,Physical,4331.1,52
nicholls,22,A,265,Digital,0.0,174
nicholls,22,A,265,Physical,15857.8,156
nicholls,22,A,270,Digital,0.0,70
nicholls,22,A,270,Physical,4167.56,70
nicholls,22,A,280,Digital,0.0,257
nicholls,22,A,280,Physical,8124.57,222
nicholls,22,A,285,Digital,0.0,28
nicholls,22,A,285,Physical,5680.08,28
nicholls,22,A,30,Digital,0.0,25
nicholls,22,A,30,Physical,3214.0,25
nicholls,22,A,305,Physical,1114.2,60
nicholls,22,A,311,Digital,0.0,8
nicholls,22,A,311,Physical,1558.54,16
nicholls,22,A,320,Digital,0.0,558
nicholls,22,A,320,Physical,41133.47,347
nicholls,22,A,325,Digital,0.0,33
nicholls,22,A,325,Physical,3942.9,45
nicholls,22,A,335,Physical,346.64,2
nicholls,22,A,340,Digital,0.0,105
nicholls,22,A,340,Physical,14123.51,122
nicholls,22,A,345,Digital,0.0,9
nicholls,22,A,345,Physical,2494.2603,9
nicholls,22,A,350,Physical,534.77997,18
nicholls,22,A,45,Digital,0.0,148
nicholls,22,A,45,Physical,15519.76,130
nicholls,22,A,50,Digital,0.0,60
nicholls,22,A,50,Physical,0.0,16
nicholls,22,A,51,Digital,0.0,34
nicholls,22,A,51,Physical,3061.68,40
nicholls,22,A,60,Digital,0.0,94
nicholls,22,A,60,Physical,21768.58,180
nicholls,22,A,75,Digital,0.0,20
nicholls,22,A,75,Physical,3371.4001,48
nicholls,22,A,80,Digital,0.0,46
nicholls,22,A,80,Physical,9331.56,46
nicholls,22,A,83,Digital,0.0,264
nicholls,22,A,83,Physical,0.0,206
nicholls,22,A,85,Digital,0.0,50
nicholls,22,A,85,Physical,1324.0,16
nicholls,22,A,90,Digital,0.0,78
nicholls,22,A,90,Physical,8902.0,62
nicholls,22,A,96,Digital,0.0,107
nicholls,22,A,96,Physical,15295.99,65
nicholls,22,F,10,Digital,9165.0,790
nicholls,22,F,10,Physical,89178.336,644
nicholls,22,F,100,Digital,5034.4697,785
nicholls,22,F,100,Physical,17908.03,461
nicholls,22,F,101,Digital,0.0,105
nicholls,22,F,101,Physical,0.0,42
nicholls,22,F,105,Digital,7866.0,417
nicholls,22,F,105,Physical,10724.22,161
nicholls,22,F,115,Digital,0.0,224
nicholls,22,F,115,Physical,0.0,80
nicholls,22,F,120,Digital,0.0,36
nicholls,22,F,120,Physical,0.0,45
nicholls,22,F,135,Physical,880.04004,14
nicholls,22,F,145,Digital,0.0,1124
nicholls,22,F,145,Physical,66610.72,2494
nicholls,22,F,151,Digital,0.0,65
nicholls,22,F,151,Physical,3580.0,35
nicholls,22,F,155,Digital,26571.08,678
nicholls,22,F,155,Physical,73194.19,317
nicholls,22,F,165,Digital,631.98,142
nicholls,22,F,185,Digital,0.0,270
nicholls,22,F,185,Physical,4351.75,65
nicholls,22,F,186,Digital,0.0,59
nicholls,22,F,186,Physical,4274.0,48
nicholls,22,F,195,Digital,0.0,159
nicholls,22,F,195,Physical,11206.4,311
nicholls,22,F,20,Digital,0.0,48
nicholls,22,F,20,Physical,26257.14,296
nicholls,22,F,201,Digital,0.0,18
nicholls,22,F,201,Physical,0.0,16
nicholls,22,F,205,Digital,0.0,154
nicholls,22,F,205,Physical,26367.6,222
nicholls,22,F,210,Digital,0.0,2871
nicholls,22,F,210,Physical,94162.99,1475
nicholls,22,F,215,Digital,0.0,319
nicholls,22,F,215,Physical,4838.35,265
nicholls,22,F,245,Digital,1924.8601,575
nicholls,22,F,245,Physical,68464.88,239
nicholls,22,F,255,Digital,5939.8,494
nicholls,22,F,255,Physical,69562.16,612
nicholls,22,F,260,Digital,0.0,88
nicholls,22,F,260,Physical,8307.02,92
nicholls,22,F,265,Digital,47221.418,2882
nicholls,22,F,265,Physical,63049.598,454
nicholls,22,F,270,Digital,0.0,720
nicholls,22,F,270,Physical,61494.57,528
nicholls,22,F,280,Digital,0.0,4008
nicholls,22,F,280,Physical,56598.418,3704
nicholls,22,F,285,Digital,0.0,496
nicholls,22,F,295,Digital,0.0,49
nicholls,22,F,295,Physical,784.0,49
nicholls,22,F,30,Digital,0.0,114
nicholls,22,F,30,Physical,0.0,102
nicholls,22,F,300,Digital,0.0,106
nicholls,22,F,300,Physical,0.0,53
nicholls,22,F,305,Physical,11643.38,232
nicholls,22,F,311,Digital,0.0,94
nicholls,22,F,311,Physical,13915.71,157
nicholls,22,F,320,Digital,13148.75,3564
nicholls,22,F,320,Physical,276412.06,2696
nicholls,22,F,325,Digital,0.0,249
nicholls,22,F,325,Physical,44303.73,375
nicholls,22,F,335,Digital,0.0,111
nicholls,22,F,335,Physical,8955.34,57
nicholls,22,F,340,Digital,1166.0,1121
nicholls,22,F,340,Physical,83056.1,705
nicholls,22,F,345,Digital,4139.5,64
nicholls,22,F,35,Digital,0.0,372
nicholls,22,F,35,Physical,13844.601,372
nicholls,22,F,350,Physical,18071.29,610
nicholls,22,F,42,Digital,1349.1,126
nicholls,22,F,42,Physical,5700.2397,36
nicholls,22,F,45,Digital,0.0,3277
nicholls,22,F,45,Physical,196357.55,2341
nicholls,22,F,50,Digital,58975.0,606
nicholls,22,F,50,Physical,6921.66,285
nicholls,22,F,51,Digital,0.0,199
nicholls,22,F,51,Physical,32822.87,288
nicholls,22,F,60,Digital,2712.25,1690
nicholls,22,F,60,Physical,98997.39,1143
nicholls,22,F,75,Digital,0.0,405
nicholls,22,F,75,Physical,10557.199,100
nicholls,22,F,80,Digital,0.0,340
nicholls,22,F,83,Digital,0.0,731
nicholls,22,F,83,Physical,0.0,517
nicholls,22,F,85,Digital,2953.79,555
nicholls,22,F,85,Physical,23330.64,250
nicholls,22,F,90,Digital,0.0,829
nicholls,22,F,90,Physical,73643.01,562
nicholls,22,F,96,Digital,0.0,503
nicholls,22,F,96,Physical,44562.35,350
nicholls,22,W,10,Digital,0.0,183
nicholls,22,W,10,Physical,127821.7,729
nicholls,22,W,100,Digital,0.0,171
nicholls,22,W,100,Physical,39609.28,576
nicholls,22,W,101,Digital,0.0,18
nicholls,22,W,101,Physical,0.0,50
nicholls,22,W,105,Digital,11178.0,150
nicholls,22,W,105,Physical,9063.33,152
nicholls,22,W,115,Digital,0.0,240
nicholls,22,W,115,Physical,37.95,96
nicholls,22,W,120,Physical,0.0,1
nicholls,22,W,135,Physical,4009.0698,26
nicholls,22,W,145,Digital,3599.5498,250
nicholls,22,W,145,Physical,68492.54,2478
nicholls,22,W,151,Digital,0.0,19
nicholls,22,W,151,Physical,3850.0,51
nicholls,22,W,155,Digital,0.0,182
nicholls,22,W,155,Physical,86253.336,542
nicholls,22,W,165,Digital,0.0,36
nicholls,22,W,165,Physical,14314.529,75
nicholls,22,W,185,Physical,40024.71,332
nicholls,22,W,186,Digital,0.0,12
nicholls,22,W,186,Physical,6006.56,56
nicholls,22,W,195,Physical,25737.871,294
nicholls,22,W,20,Digital,0.0,21
nicholls,22,W,20,Physical,46222.72,470
nicholls,22,W,201,Digital,0.0,22
nicholls,22,W,201,Physical,0.0,42
nicholls,22,W,205,Digital,0.0,126
nicholls,22,W,205,Physical,25260.49,278
nicholls,22,W,210,Digital,0.0,216
nicholls,22,W,210,Physical,75511.03,1107
nicholls,22,W,215,Physical,3990.25,175
nicholls,22,W,245,Physical,122959.555,412
nicholls,22,W,255,Digital,2468.75,58
nicholls,22,W,255,Physical,48457.25,506
nicholls,22,W,260,Digital,0.0,60
nicholls,22,W,260,Physical,6759.02,81
nicholls,22,W,265,Digital,0.0,147
nicholls,22,W,265,Physical,199649.17,1822
nicholls,22,W,270,Digital,0.0,517
nicholls,22,W,270,Physical,33872.79,437
nicholls,22,W,275,Physical,239.75,5
nicholls,22,W,280,Digital,0.0,744
nicholls,22,W,280,Physical,55146.32,3428
nicholls,22,W,285,Physical,96764.22,477
nicholls,22,W,295,Physical,752.0,47
nicholls,22,W,30,Digital,0.0,86
nicholls,22,W,30,Physical,3856.7998,100
nicholls,22,W,300,Digital,0.0,90
nicholls,22,W,300,Physical,0.0,45
nicholls,22,W,305,Physical,11431.44,216
nicholls,22,W,311,Physical,7804.15,70
nicholls,22,W,320,Digital,0.0,278
nicholls,22,W,320,Physical,275949.7,2185
nicholls,22,W,325,Physical,68550.57,563
nicholls,22,W,335,Physical,17352.94,96
nicholls,22,W,340,Physical,69040.76,652
nicholls,22,W,345,Physical,38121.023,159
nicholls,22,W,35,Digital,0.0,111
nicholls,22,W,35,Physical,15438.989,333
nicholls,22,W,350,Physical,19332.17,566
nicholls,22,W,42,Physical,12350.52,78
nicholls,22,W,45,Digital,2367.36,728
nicholls,22,W,45,Physical,299403.2,3580
nicholls,22,W,50,Digital,0.0,158
nicholls,22,W,50,Physical,43767.65,454
nicholls,22,W,51,Physical,26668.81,239
nicholls,22,W,60,Digital,928.0,326
nicholls,22,W,60,Physical,174879.52,1417
nicholls,22,W,75,Physical,59073.44,432
nicholls,22,W,80,Physical,61792.71,306
nicholls,22,W,83,Digital,0.0,644
nicholls,22,W,83,Physical,704.31,507
nicholls,22,W,85,Digital,4769.4697,53
nicholls,22,W,85,Physical,22648.66,145
nicholls,22,W,90,Digital,0.0,32
nicholls,22,W,90,Physical,43244.35,316
nicholls,22,W,96,Physical,47604.42,320
nicholls,23,A,10,Digital,9010.98,181
nicholls,23,A,10,Physical,2695.6902,17
nicholls,23,A,100,Digital,0.0,12
nicholls,23,A,100,Physical,1900.43,21
nicholls,23,A,101,Digital,0.0,97
nicholls,23,A,101,Physical,0.0,60
nicholls,23,A,105,Digital,0.0,54
nicholls,23,A,105,Physical,0.0,18
nicholls,23,A,115,Digital,0.0,26
nicholls,23,A,115,Physical,0.0,11
nicholls,23,A,120,Digital,0.0,6
nicholls,23,A,120,Physical,0.0,2
nicholls,23,A,145,Digital,0.0,181
nicholls,23,A,145,Physical,4450.5,241
nicholls,23,A,155,Digital,7012.5,55
nicholls,23,A,155,Physical,11295.561,85
nicholls,23,A,185,Digital,0.0,108
nicholls,23,A,195,Digital,0.0,119
nicholls,23,A,195,Physical,2103.2,58
nicholls,23,A,20,Digital,0.0,18
nicholls,23,A,20,Physical,15275.82,138
nicholls,23,A,205,Physical,8063.71,72
nicholls,23,A,210,Digital,0.0,102
nicholls,23,A,210,Physical,3516.19,49
nicholls,23,A,215,Digital,0.0,14
nicholls,23,A,215,Physical,75.979996,4
nicholls,23,A,245,Digital,0.0,48
nicholls,23,A,245,Physical,4525.68,24
nicholls,23,A,255,Digital,1678.75,84
nicholls,23,A,255,Physical,6491.41,40
nicholls,23,A,265,Digital,7702.34,229
nicholls,23,A,265,Physical,949.89996,7
nicholls,23,A,270,Digital,0.0,102
nicholls,23,A,270,Physical,1058.0,74
nicholls,23,A,280,Digital,0.0,399
nicholls,23,A,280,Physical,6100.08,189
nicholls,23,A,285,Digital,0.0,30
nicholls,23,A,295,Digital,0.0,5
nicholls,23,A,295,Physical,339.95,10
nicholls,23,A,30,Digital,0.0,50
nicholls,23,A,311,Digital,0.0,15
nicholls,23,A,311,Physical,972.83997,14
nicholls,23,A,320,Digital,0.0,565
nicholls,23,A,320,Physical,35803.79,324
nicholls,23,A,325,Digital,0.0,31
nicholls,23,A,335,Digital,0.0,5
nicholls,23,A,335,Physical,1078.5,5
nicholls,23,A,340,Digital,0.0,259
nicholls,23,A,340,Physical,9335.29,101
nicholls,23,A,45,Digital,0.0,148
nicholls,23,A,45,Physical,2060.19,17
nicholls,23,A,50,Digital,175.0,15
nicholls,23,A,51,Digital,0.0,7
nicholls,23,A,51,Physical,1975.2,32
nicholls,23,A,60,Digital,424.96,164
nicholls,23,A,60,Physical,3915.44,59
nicholls,23,A,75,Digital,0.0,89
nicholls,23,A,75,Physical,6052.8,30
nicholls,23,A,80,Digital,0.0,44
nicholls,23,A,83,Digital,0.0,191
nicholls,23,A,83,Physical,0.0,182
nicholls,23,A,85,Digital,0.0,70
nicholls,23,A,85,Physical,2496.0,22
nicholls,23,A,90,Digital,0.0,108
nicholls,23,A,90,Physical,7340.42,48
nicholls,23,A,96,Digital,0.0,135
nicholls,23,A,96,Physical,7504.4805,45
nicholls,23,F,10,Digital,54112.8,1662
nicholls,23,F,10,Physical,35256.96,484
nicholls,23,F,100,Digital,12019.14,515
nicholls,23,F,100,Physical,24986.02,418
nicholls,23,F,101,Digital,0.0,180
nicholls,23,F,101,Physical,0.0,63
nicholls,23,F,105,Digital,0.0,622
nicholls,23,F,105,Physical,13651.98,272
nicholls,23,F,115,Digital,0.0,129
nicholls,23,F,115,Physical,0.0,94
nicholls,23,F,120,Digital,0.0,36
nicholls,23,F,120,Physical,0.0,36
nicholls,23,F,135,Physical,2200.1,35
nicholls,23,F,145,Digital,5896.25,1345
nicholls,23,F,145,Physical,47262.68,1980
nicholls,23,F,151,Digital,0.0,21
nicholls,23,F,151,Physical,1470.0,21
nicholls,23,F,155,Digital,23287.35,375
nicholls,23,F,155,Physical,42840.52,273
nicholls,23,F,165,Digital,9585.03,186
nicholls,23,F,165,Physical,583.6,8
nicholls,23,F,185,Digital,0.0,336
nicholls,23,F,185,Physical,70.0,2
nicholls,23,F,186,Digital,0.0,98
nicholls,23,F,186,Physical,1992.8,40
nicholls,23,F,195,Digital,0.0,360
nicholls,23,F,195,Physical,9890.24,329
nicholls,23,F,20,Digital,0.0,19
nicholls,23,F,20,Physical,32349.59,336
nicholls,23,F,201,Digital,0.0,38
nicholls,23,F,201,Physical,0.0,19
nicholls,23,F,205,Digital,0.0,200
nicholls,23,F,205,Physical,28373.1,253
nicholls,23,F,210,Digital,0.0,1647
nicholls,23,F,210,Physical,81136.79,1221
nicholls,23,F,215,Digital,0.0,186
nicholls,23,F,215,Physical,3347.69,186
nicholls,23,F,245,Digital,11411.671,441
nicholls,23,F,245,Physical,23584.941,131
nicholls,23,F,255,Digital,1481.25,161
nicholls,23,F,255,Physical,42148.45,396
nicholls,23,F,260,Digital,0.0,58
nicholls,23,F,260,Physical,6752.8896,75
nicholls,23,F,265,Digital,115441.81,4476
nicholls,23,F,265,Physical,60250.402,389
nicholls,23,F,270,Digital,127.6,1501
nicholls,23,F,270,Physical,31224.9,548
nicholls,23,F,275,Physical,73.8,3
nicholls,23,F,280,Digital,0.0,6956
nicholls,23,F,280,Physical,56351.9,3080
nicholls,23,F,285,Digital,0.0,416
nicholls,23,F,30,Digital,0.0,204
nicholls,23,F,30,Physical,0.0,65
nicholls,23,F,300,Digital,0.0,98
nicholls,23,F,300,Physical,0.0,49
nicholls,23,F,305,Physical,9699.59,192
nicholls,23,F,311,Digital,0.0,99
nicholls,23,F,311,Physical,11337.18,118
nicholls,23,F,320,Digital,8932.5,4151
nicholls,23,F,320,Physical,263401.78,2492
nicholls,23,F,325,Digital,7455.0,282
nicholls,23,F,325,Physical,3521.55,154
nicholls,23,F,335,Digital,0.0,116
nicholls,23,F,335,Physical,16195.67,68
nicholls,23,F,340,Digital,216.0,1292
nicholls,23,F,340,Physical,104446.5,773
nicholls,23,F,345,Digital,5149.88,224
nicholls,23,F,345,Physical,1210.5,9
nicholls,23,F,35,Digital,0.0,500
nicholls,23,F,35,Physical,13956.25,375
nicholls,23,F,350,Physical,16013.689,539
nicholls,23,F,42,Digital,2220.0,111
nicholls,23,F,42,Physical,0.0,37
nicholls,23,F,45,Digital,0.0,2810
nicholls,23,F,45,Physical,149383.73,1205
nicholls,23,F,50,Digital,64925.0,522
nicholls,23,F,50,Physical,5639.31,264
nicholls,23,F,51,Digital,0.0,118
nicholls,23,F,51,Physical,27441.639,271
nicholls,23,F,60,Digital,2750.0,1650
nicholls,23,F,60,Physical,80405.72,961
nicholls,23,F,75,Digital,0.0,222
nicholls,23,F,75,Physical,9456.46,219
nicholls,23,F,80,Digital,0.0,339
nicholls,23,F,83,Digital,0.0,664
nicholls,23,F,83,Physical,0.0,361
nicholls,23,F,85,Digital,0.0,344
nicholls,23,F,85,Physical,33860.29,285
nicholls,23,F,90,Digital,0.0,1012
nicholls,23,F,90,Physical,79774.35,570
nicholls,23,F,96,Digital,15584.399,712
nicholls,23,F,96,Physical,46080.83,365
nicholls,23,W,10,Digital,42779.44,883
nicholls,23,W,10,Physical,59000.46,571
nicholls,23,W,100,Digital,4844.4897,544
nicholls,23,W,100,Physical,24243.56,556
nicholls,23,W,101,Digital,0.0,42
nicholls,23,W,101,Physical,0.0,21
nicholls,23,W,105,Digital,0.0,368
nicholls,23,W,105,Physical,9883.561,169
nicholls,23,W,115,Digital,0.0,139
nicholls,23,W,115,Physical,121.41,61
nicholls,23,W,135,Digital,539.94,6
nicholls,23,W,135,Physical,685.62,6
nicholls,23,W,145,Digital,0.0,1295
nicholls,23,W,145,Physical,53637.4,2177
nicholls,23,W,151,Digital,0.0,9
nicholls,23,W,151,Physical,3150.0,30
nicholls,23,W,155,Digital,24750.0,436
nicholls,23,W,155,Physical,34244.73,290
nicholls,23,W,165,Digital,2843.9102,138
nicholls,23,W,185,Digital,0.0,532
nicholls,23,W,185,Physical,791.42,10
nicholls,23,W,186,Digital,0.0,36
nicholls,23,W,186,Physical,5025.13,49
nicholls,23,W,195,Digital,0.0,392
nicholls,23,W,195,Physical,15406.5,311
nicholls,23,W,20,Physical,44903.76,404
nicholls,23,W,201,Digital,0.0,15
nicholls,23,W,201,Physical,0.0,24
nicholls,23,W,205,Digital,0.0,136
nicholls,23,W,205,Physical,17048.2,165
nicholls,23,W,210,Digital,0.0,1281
nicholls,23,W,210,Physical,51924.56,886
nicholls,23,W,215,Digital,0.0,40
nicholls,23,W,215,Physical,727.6,40
nicholls,23,W,245,Digital,0.0,352
nicholls,23,W,245,Physical,47815.55,196
nicholls,23,W,255,Digital,2271.25,298
nicholls,23,W,255,Physical,47516.41,455
nicholls,23,W,260,Digital,0.0,52
nicholls,23,W,260,Physical,1436.0499,41
nicholls,23,W,265,Digital,47197.79,2360
nicholls,23,W,265,Physical,26037.08,244
nicholls,23,W,270,Digital,0.0,463
nicholls,23,W,270,Physical,34773.47,392
nicholls,23,W,275,Physical,143.85,5
nicholls,23,W,280,Digital,0.0,6984
nicholls,23,W,280,Physical,55549.258,3265
nicholls,23,W,285,Digital,0.0,468
nicholls,23,W,30,Digital,0.0,52
nicholls,23,W,300,Digital,0.0,84
nicholls,23,W,300,Physical,0.0,42
nicholls,23,W,305,Physical,11779.88,217
nicholls,23,W,311,Physical,6588.48,60
nicholls,23,W,320,Digital,10503.75,3469
nicholls,23,W,320,Physical,256930.52,2228
nicholls,23,W,325,Digital,0.0,223
nicholls,23,W,325,Physical,33896.703,284
nicholls,23,W,335,Digital,0.0,152
nicholls,23,W,335,Physical,21949.42,103
nicholls,23,W,340,Digital,378.0,920
nicholls,23,W,340,Physical,87269.43,642
nicholls,23,W,345,Digital,4377.5,72
nicholls,23,W,345,Physical,4885.77,17
nicholls,23,W,35,Digital,0.0,318
nicholls,23,W,35,Physical,11834.9,318
nicholls,23,W,350,Physical,12299.939,414
nicholls,23,W,42,Digital,0.0,141
nicholls,23,W,42,Physical,7441.98,47
nicholls,23,W,45,Digital,0.0,3503
nicholls,23,W,45,Physical,200262.44,2341
nicholls,23,W,50,Digital,26505.0,281
nicholls,23,W,50,Physical,4531.08,288
nicholls,23,W,51,Digital,0.0,264
nicholls,23,W,51,Physical,34429.08,258
nicholls,23,W,60,Digital,2636.75,662
nicholls,23,W,60,Physical,60481.348,710
nicholls,23,W,75,Digital,0.0,479
nicholls,23,W,75,Physical,14279.13,202
nicholls,23,W,80,Digital,0.0,380
nicholls,23,W,80,Physical,1465.63,9
nicholls,23,W,83,Digital,0.0,891
nicholls,23,W,83,Physical,0.0,408
nicholls,23,W,85,Digital,0.0,481
nicholls,23,W,85,Physical,20418.51,232
nicholls,23,W,90,Digital,0.0,517
nicholls,23,W,90,Physical,36333.21,300
nicholls,23,W,96,Digital,0.0,670
nicholls,23,W,96,Physical,44221.51,330
nicholls,24,A,10,Digital,8681.88,247
nicholls,24,A,10,Physical,1744.27,98
nicholls,24,A,100,Digital,5005.0,54
nicholls,24,A,100,Physical,222.84,26
nicholls,24,A,101,Digital,0.0,85
nicholls,24,A,101,Physical,0.0,51
nicholls,24,A,105,Digital,0.0,27
nicholls,24,A,105,Physical,0.0,9
nicholls,24,A,115,Digital,0.0,18
nicholls,24,A,115,Physical,0.0,9
nicholls,24,A,145,Digital,0.0,247
nicholls,24,A,145,Physical,5322.27,301
nicholls,24,A,155,Digital,8868.75,97
nicholls,24,A,155,Physical,6065.28,52
nicholls,24,A,185,Digital,1296.0,128
nicholls,24,A,195,Digital,0.0,42
nicholls,24,A,195,Physical,2415.07,26
nicholls,24,A,20,Digital,0.0,123
nicholls,24,A,20,Physical,13199.79,134
nicholls,24,A,205,Digital,0.0,54
nicholls,24,A,205,Physical,8626.99,87
nicholls,24,A,210,Digital,0.0,56
nicholls,24,A,210,Physical,3981.34,58
nicholls,24,A,245,Digital,0.0,66
nicholls,24,A,245,Physical,7937.06,91
nicholls,24,A,255,Digital,2468.75,158
nicholls,24,A,255,Physical,6045.93,74
nicholls,24,A,265,Digital,13055.31,300
nicholls,24,A,265,Physical,1899.7999,20
nicholls,24,A,270,Digital,0.0,107
nicholls,24,A,270,Physical,736.0,58
nicholls,24,A,280,Digital,0.0,375
nicholls,24,A,280,Physical,4991.7,177
nicholls,24,A,285,Digital,6212.5,35
nicholls,24,A,295,Digital,0.0,2
nicholls,24,A,295,Physical,135.98001,4
nicholls,24,A,30,Digital,0.0,20
nicholls,24,A,311,Digital,0.0,73
nicholls,24,A,311,Physical,3867.54,31
nicholls,24,A,320,Digital,0.0,642
nicholls,24,A,320,Physical,29025.29,365
nicholls,24,A,325,Digital,3802.5,90
nicholls,24,A,335,Digital,0.0,2
nicholls,24,A,335,Physical,431.4,2
nicholls,24,A,340,Digital,0.0,239
nicholls,24,A,340,Physical,12268.51,135
nicholls,24,A,345,Digital,4117.28,32
nicholls,24,A,45,Digital,280.8,64
nicholls,24,A,45,Physical,903.36,8
nicholls,24,A,50,Digital,1965.0,57
nicholls,24,A,50,Physical,0.0,16
nicholls,24,A,51,Digital,0.0,15
nicholls,24,A,51,Physical,1058.23,28
nicholls,24,A,60,Digital,0.0,94
nicholls,24,A,60,Physical,2688.5698,19
nicholls,24,A,75,Digital,0.0,17
nicholls,24,A,80,Digital,8520.0,48
nicholls,24,A,83,Digital,0.0,334
nicholls,24,A,83,Physical,0.0,193
nicholls,24,A,85,Digital,0.0,49
nicholls,24,A,85,Physical,1716.0,16
nicholls,24,A,90,Digital,0.0,106
nicholls,24,A,90,Physical,7209.37,55
nicholls,24,A,96,Digital,1675.0,122
nicholls,24,A,96,Physical,5557.68,45
nicholls,24,F,10,Digital,66007.52,1424
nicholls,24,F,10,Physical,15459.48,619
nicholls,24,F,100,Digital,35791.07,689
nicholls,24,F,100,Physical,10927.57,254
nicholls,24,F,101,Digital,0.0,179
nicholls,24,F,101,Physical,0.0,64
nicholls,24,F,105,Digital,725.28,628
nicholls,24,F,105,Physical,15596.9,279
nicholls,24,F,115,Digital,0.0,147
nicholls,24,F,115,Physical,321.93002,86
nicholls,24,F,135,Physical,1508.54,22
nicholls,24,F,145,Digital,5510.82,1305
nicholls,24,F,145,Physical,48078.53,2056
nicholls,24,F,151,Physical,2030.0,29
nicholls,24,F,155,Digital,33653.56,486
nicholls,24,F,155,Physical,36140.48,231
nicholls,24,F,165,Digital,0.0,94
nicholls,24,F,185,Digital,1188.0,250
nicholls,24,F,186,Digital,0.0,178
nicholls,24,F,186,Physical,4886.7,75
nicholls,24,F,195,Digital,0.0,267
nicholls,24,F,195,Physical,8992.2705,273
nicholls,24,F,20,Digital,0.0,445
nicholls,24,F,20,Physical,36848.66,365
nicholls,24,F,201,Digital,0.0,26
nicholls,24,F,201,Physical,0.0,27
nicholls,24,F,205,Digital,0.0,160
nicholls,24,F,205,Physical,23515.86,212
nicholls,24,F,210,Digital,3114.11,2211
nicholls,24,F,210,Physical,105522.15,1460
nicholls,24,F,215,Digital,0.0,264
nicholls,24,F,215,Physical,3398.67,198
nicholls,24,F,245,Digital,5037.71,394
nicholls,24,F,245,Physical,55427.98,343
nicholls,24,F,255,Digital,5801.25,595
nicholls,24,F,255,Physical,22724.65,224
nicholls,24,F,260,Digital,0.0,64
nicholls,24,F,260,Physical,4221.28,64
nicholls,24,F,265,Digital,342093.88,4351
nicholls,24,F,265,Physical,19308.24,105
nicholls,24,F,270,Digital,0.0,1744
nicholls,24,F,270,Physical,27294.459,624
nicholls,24,F,280,Digital,32902.5,8431
nicholls,24,F,280,Physical,32150.68,3507
nicholls,24,F,285,Digital,76147.5,429
nicholls,24,F,30,Digital,0.0,58
nicholls,24,F,305,Digital,507.90002,30
nicholls,24,F,305,Physical,5808.0,132
nicholls,24,F,311,Digital,0.0,165
nicholls,24,F,311,Physical,16924.14,157
nicholls,24,F,320,Digital,111044.52,3883
nicholls,24,F,320,Physical,218841.44,1632
nicholls,24,F,325,Digital,9506.25,220
nicholls,24,F,325,Physical,5554.17,409
nicholls,24,F,335,Digital,0.0,128
nicholls,24,F,335,Physical,15797.439,67
nicholls,24,F,340,Digital,0.0,1857
nicholls,24,F,340,Physical,126625.74,1180
nicholls,24,F,345,Digital,33868.9,463
nicholls,24,F,345,Physical,3427.8699,19
nicholls,24,F,35,Digital,0.0,98
nicholls,24,F,35,Physical,6719.86,196
nicholls,24,F,350,Physical,15746.3,530
nicholls,24,F,42,Digital,1980.0,99
nicholls,24,F,42,Physical,0.0,73
nicholls,24,F,45,Digital,79480.69,3610
nicholls,24,F,45,Physical,59052.66,827
nicholls,24,F,50,Digital,72104.68,708
nicholls,24,F,50,Physical,5686.68,90
nicholls,24,F,51,Digital,0.0,172
nicholls,24,F,51,Physical,28653.32,232
nicholls,24,F,565,Digital,135.92,8
nicholls,24,F,60,Digital,3589.0,1719
nicholls,24,F,60,Physical,79920.15,1286
nicholls,24,F,75,Digital,2183.97,304
nicholls,24,F,75,Physical,7613.7803,84
nicholls,24,F,80,Digital,60705.0,342
nicholls,24,F,80,Physical,873.54,6
nicholls,24,F,83,Digital,0.0,974
nicholls,24,F,83,Physical,1802.5801,415
nicholls,24,F,85,Digital,6695.0,535
nicholls,24,F,85,Physical,28114.1,238
nicholls,24,F,90,Digital,0.0,884
nicholls,24,F,90,Physical,75645.06,562
nicholls,24,F,96,Digital,17085.0,334
nicholls,24,F,96,Physical,38776.13,261
nicholls,24,W,10,Digital,64730.12,1685
nicholls,24,W,10,Physical,31025.47,801
nicholls,24,W,100,Digital,14743.0,510
nicholls,24,W,100,Physical,19894.75,381
nicholls,24,W,101,Digital,0.0,59
nicholls,24,W,101,Physical,0.0,38
nicholls,24,W,105,Digital,0.0,497
nicholls,24,W,105,Physical,12061.13,208
nicholls,24,W,115,Digital,0.0,402
nicholls,24,W,115,Physical,0.0,120
nicholls,24,W,145,Digital,4599.9,877
nicholls,24,W,145,Physical,52294.6,1829
nicholls,24,W,151,Digital,0.0,78
nicholls,24,W,151,Physical,3814.56,30
nicholls,24,W,155,Digital,20006.25,502
nicholls,24,W,155,Physical,15440.359,137
nicholls,24,W,165,Digital,9690.36,184
nicholls,24,W,180,Digital,0.0,46
nicholls,24,W,180,Physical,1909.0,23
nicholls,24,W,185,Digital,0.0,244
nicholls,24,W,186,Digital,0.0,33
nicholls,24,W,186,Physical,0.0,11
nicholls,24,W,195,Digital,441.74,203
nicholls,24,W,195,Physical,11089.81,231
nicholls,24,W,20,Digital,0.0,56
nicholls,24,W,20,Physical,45117.52,467
nicholls,24,W,201,Digital,0.0,19
nicholls,24,W,201,Physical,0.0,32
nicholls,24,W,205,Digital,0.0,213
nicholls,24,W,205,Physical,21399.08,289
nicholls,24,W,210,Digital,0.0,1263
nicholls,24,W,210,Physical,60323.56,1012
nicholls,24,W,215,Digital,0.0,256
nicholls,24,W,215,Physical,3559.66,155
nicholls,24,W,245,Digital,22978.23,633
nicholls,24,W,245,Physical,46527.64,310
nicholls,24,W,255,Digital,3667.27,438
nicholls,24,W,255,Physical,39267.28,404
nicholls,24,W,260,Digital,0.0,131
nicholls,24,W,260,Physical,4452.7197,59
nicholls,24,W,265,Digital,63924.0,2218
nicholls,24,W,265,Physical,37217.242,219
nicholls,24,W,270,Digital,5007.7197,779
nicholls,24,W,270,Physical,22469.42,320
nicholls,24,W,275,Digital,0.0,27
nicholls,24,W,275,Physical,965.56,17
nicholls,24,W,280,Digital,0.0,6645
nicholls,24,W,280,Physical,54531.72,2965
nicholls,24,W,285,Digital,62657.5,353
nicholls,24,W,30,Digital,0.0,52
nicholls,24,W,300,Digital,0.0,102
nicholls,24,W,300,Physical,0.0,102
nicholls,24,W,305,Physical,8676.32,153
nicholls,24,W,311,Physical,9428.4,82
nicholls,24,W,320,Digital,11030.43,3633
nicholls,24,W,320,Physical,225103.12,2131
nicholls,24,W,325,Digital,0.0,470
nicholls,24,W,325,Physical,0.0,98
nicholls,24,W,335,Digital,0.0,241
nicholls,24,W,335,Physical,23604.09,127
nicholls,24,W,340,Digital,648.0,1455
nicholls,24,W,340,Physical,88763.5,743
nicholls,24,W,345,Digital,36540.86,158
nicholls,24,W,35,Digital,0.0,615
nicholls,24,W,35,Physical,37238.25,820
nicholls,24,W,350,Physical,14141.96,476
nicholls,24,W,42,Digital,2640.0,132
nicholls,24,W,42,Physical,0.0,88
nicholls,24,W,45,Digital,2729.74,2659
nicholls,24,W,45,Physical,105216.234,1117
nicholls,24,W,50,Digital,19325.0,274
nicholls,24,W,50,Physical,3639.72,229
nicholls,24,W,51,Digital,0.0,236
nicholls,24,W,51,Physical,25843.94,230
nicholls,24,W,60,Digital,5129.63,969
nicholls,24,W,60,Physical,47644.07,663
nicholls,24,W,75,Digital,0.0,186
nicholls,24,W,75,Physical,2358.39,228
nicholls,24,W,80,Digital,61060.0,344
nicholls,24,W,80,Physical,1290.94,7
nicholls,24,W,83,Digital,0.0,887
nicholls,24,W,83,Physical,2218.56,429
nicholls,24,W,85,Digital,0.0,457
nicholls,24,W,85,Physical,33827.46,251
nicholls,24,W,90,Digital,0.0,593
nicholls,24,W,90,Physical,37192.87,349
nicholls,24,W,96,Digital,18737.8,476
nicholls,24,W,96,Physical,41798.23,217
